c87b40a7-1533-4b6c-9ae5-6e0d932db236,03d612d9-ebba-44e5-a29e-7b12b9523418,14b3fa97-68a4-4886-9be3-d68cd4654760,2026-08-12T04:30:00.000Z,2026-08-12T05:30:00.000Z,1642,0.4560,89b8fef8-6629-4936-af09-11e854bafe48,2026-08-12T04:30:00.000Z
3b9a05ee-50d6-41e0-b32f-314e16812d91,03d612d9-ebba-44e5-a29e-7b12b9523418,14b3fa97-68a4-4886-9be3-d68cd4654760,2026-08-12T05:30:00.000Z,2026-08-12T06:30:00.000Z,1538,0.4273,a698be26-0689-44df-80da-7823720e24f2,2026-08-12T05:30:00.000Z
9f1c2cd9-4213-497a-af9a-8189f5334c35,03d612d9-ebba-44e5-a29e-7b12b9523418,14b3fa97-68a4-4886-9be3-d68cd4654760,2026-08-13T03:30:00.000Z,2026-08-13T04:30:00.000Z,458,0.1271,e66b0dd4-db55-4f18-85e7-904dbb49e42c,2026-08-13T03:30:00.000Z
78a67df3-0fab-4810-9ff2-0ed0ae98e4b0,03d612d9-ebba-44e5-a29e-7b12b9523418,14b3fa97-68a4-4886-9be3-d68cd4654760,2026-08-13T04:30:00.000Z,2026-08-13T05:30:00.000Z,1560,0.4333,5722c143-1c46-43e1-b7e6-fca749373b97,2026-08-13T04:30:00.000Z
aff600ac-b29e-442e-bd3e-b227c38e9fad,03d612d9-ebba-44e5-a29e-7b12b9523418,14b3fa97-68a4-4886-9be3-d68cd4654760,2026-08-13T05:30:00.000Z,2026-08-13T06:30:00.000Z,1402,0.3896,a0f94b3d-0b22-42a3-a0d3-41c5f4fce6f5,2026-08-13T05:30:00.000Z
aadf6488-78d0-4250-9c8c-2e866772fed9,03d612d9-ebba-44e5-a29e-7b12b9523418,14b3fa97-68a4-4886-9be3-d68cd4654760,2026-08-16T02:30:00.000Z,2026-08-16T03:30:00.000Z,728,0.2021,12dfaa83-c4ec-4ff8-8ddb-09075dbfaefe,2026-08-16T02:30:00.000Z
0d6dc79a-8b35-4b68-8da6-df382017d7f0,03d612d9-ebba-44e5-a29e-7b12b9523418,14b3fa97-68a4-4886-9be3-d68cd4654760,2026-08-16T03:30:00.000Z,2026-08-16T04:30:00.000Z,1620,0.4500,58b69c36-cbbf-4975-9cbe-fde82f46d07e,2026-08-16T03:30:00.000Z
3b2b53ee-7d8d-41fb-a3a6-cae9d93732f0,03d612d9-ebba-44e5-a29e-7b12b9523418,14b3fa97-68a4-4886-9be3-d68cd4654760,2026-08-16T04:30:00.000Z,2026-08-16T05:30:00.000Z,1860,0.5167,104b301a-c28f-4e6d-bd42-9580cfebbdb6,2026-08-16T04:30:00.000Z
6fae789c-fc41-4821-a88e-e4b601ba6983,03d612d9-ebba-44e5-a29e-7b12b9523418,14b3fa97-68a4-4886-9be3-d68cd4654760,2026-08-16T05:30:00.000Z,2026-08-16T06:30:00.000Z,2122,0.5895,a4419b10-3d7f-4fbf-8967-5c735aca09cc,2026-08-16T05:30:00.000Z
f87c8480-aaa5-4fd8-9232-230358b45f97,03d612d9-ebba-44e5-a29e-7b12b9523418,14b3fa97-68a4-4886-9be3-d68cd4654760,2026-08-16T06:30:00.000Z,2026-08-16T07:30:00.000Z,1710,0.4750,bfe279b0-9392-4861-859b-497bf3525129,2026-08-16T06:30:00.000Z
5621b9c5-b55d-4a60-bdf0-e9f621a603ce,03d612d9-ebba-44e5-a29e-7b12b9523418,14b3fa97-68a4-4886-9be3-d68cd4654760,2026-08-17T02:30:00.000Z,2026-08-17T03:30:00.000Z,619,0.1720,8d99a070-ae9d-4e22-ad4c-43acfcc8a526,2026-08-17T02:30:00.000Z
fb9cddac-e16a-4d11-bc02-1fd0aa044c19,03d612d9-ebba-44e5-a29e-7b12b9523418,14b3fa97-68a4-4886-9be3-d68cd4654760,2026-08-17T03:30:00.000Z,2026-08-17T04:30:00.000Z,1980,0.5500,857f995e-3c3c-4c8b-8d5b-191b8cad4b4f,2026-08-17T03:30:00.000Z
6a7714a6-2939-410e-a57e-eed1ab3e64ab,03d612d9-ebba-44e5-a29e-7b12b9523418,14b3fa97-68a4-4886-9be3-d68cd4654760,2026-08-17T04:30:00.000Z,2026-08-17T05:30:00.000Z,1511,0.4197,e5d9bdd2-a98f-4821-af55-7904368588fd,2026-08-17T04:30:00.000Z
398b8390-026c-4c59-9490-cb0f13d659c1,03d612d9-ebba-44e5-a29e-7b12b9523418,14b3fa97-68a4-4886-9be3-d68cd4654760,2026-08-17T05:30:00.000Z,2026-08-17T06:30:00.000Z,1410,0.3917,b93dc85a-859f-41e3-9df5-48116193367c,2026-08-17T05:30:00.000Z
e363fecb-10e6-47b6-9dae-5c18deaea080,03d612d9-ebba-44e5-a29e-7b12b9523418,14b3fa97-68a4-4886-9be3-d68cd4654760,2026-08-18T02:30:00.000Z,2026-08-18T03:30:00.000Z,960,0.2667,f578bb41-ae68-4538-80ae-b71e341abf49,2026-08-18T02:30:00.000Z
2a52e090-4db3-4e78-b787-b41f670ec739,03d612d9-ebba-44e5-a29e-7b12b9523418,14b3fa97-68a4-4886-9be3-d68cd4654760,2026-08-18T03:30:00.000Z,2026-08-18T04:30:00.000Z,1320,0.3667,6ed1b234-66c4-4395-b2db-463d61dd9885,2026-08-18T03:30:00.000Z
be195114-4c98-4816-b218-f99217dd48d0,03d612d9-ebba-44e5-a29e-7b12b9523418,14b3fa97-68a4-4886-9be3-d68cd4654760,2026-08-19T02:30:00.000Z,2026-08-19T03:30:00.000Z,1762,0.4896,d31ac2f0-3b0c-4e75-bab2-5e4e695f8e61,2026-08-19T02:30:00.000Z
0a110886-f2fb-4007-a76a-ec653301a707,03d612d9-ebba-44e5-a29e-7b12b9523418,14b3fa97-68a4-4886-9be3-d68cd4654760,2026-08-19T03:30:00.000Z,2026-08-19T04:30:00.000Z,278,0.0771,e6b27054-432b-4e54-84de-6b2cc0f1be45,2026-08-19T03:30:00.000Z
a8af9fea-4749-4bcf-b7b6-1b2ec6858a5c,03d612d9-ebba-44e5-a29e-7b12b9523418,14b3fa97-68a4-4886-9be3-d68cd4654760,2026-08-20T03:30:00.000Z,2026-08-20T04:30:00.000Z,1530,0.4250,7aca4e0a-84a8-4404-b09b-fe6d030f3ee6,2026-08-20T03:30:00.000Z
1c53ee40-f23f-4cbe-b333-5a1e8553e5cd,03d612d9-ebba-44e5-a29e-7b12b9523418,14b3fa97-68a4-4886-9be3-d68cd4654760,2026-08-20T04:30:00.000Z,2026-08-20T05:30:00.000Z,1350,0.3750,e5010879-17a8-4346-b534-846b120609c2,2026-08-20T04:30:00.000Z
217dda57-adaf-4317-a907-3bfa8eaffb1f,03d612d9-ebba-44e5-a29e-7b12b9523418,14b3fa97-68a4-4886-9be3-d68cd4654760,2026-08-22T04:30:00.000Z,2026-08-22T05:30:00.000Z,960,0.2667,380bdab8-c0f8-4e1b-9590-448d5e69b9c0,2026-08-22T04:30:00.000Z
5e6d5c84-b263-4a83-8506-6b10c9fa08c2,03d612d9-ebba-44e5-a29e-7b12b9523418,14b3fa97-68a4-4886-9be3-d68cd4654760,2026-08-22T05:30:00.000Z,2026-08-22T06:30:00.000Z,1470,0.4083,d91d28d5-567f-4ba5-804d-182408c862ec,2026-08-22T05:30:00.000Z
d3bbf877-765d-441a-92ee-f57758efacfb,03d612d9-ebba-44e5-a29e-7b12b9523418,14b3fa97-68a4-4886-9be3-d68cd4654760,2026-08-22T06:30:00.000Z,2026-08-22T07:30:00.000Z,1920,0.5333,0cc704a4-760b-4421-aab6-cd5cad853cb7,2026-08-22T06:30:00.000Z
4c66e7f1-4b57-4065-899b-4cc28e7862a7,03d612d9-ebba-44e5-a29e-7b12b9523418,14b3fa97-68a4-4886-9be3-d68cd4654760,2026-08-22T07:30:00.000Z,2026-08-22T08:30:00.000Z,2370,0.6583,ec6692a7-3d7b-4668-a16e-c8cf95606c13,2026-08-22T07:30:00.000Z
80085599-57f8-44f0-937d-9392bd03dae1,03d612d9-ebba-44e5-a29e-7b12b9523418,14b3fa97-68a4-4886-9be3-d68cd4654760,2026-08-24T03:30:00.000Z,2026-08-24T04:30:00.000Z,976,0.2710,2681669b-054d-41be-96c8-dc28db05af5d,2026-08-24T03:30:00.000Z
6b16fb5a-7848-4175-a93b-92498d84ba7f,03d612d9-ebba-44e5-a29e-7b12b9523418,14b3fa97-68a4-4886-9be3-d68cd4654760,2026-08-24T04:30:00.000Z,2026-08-24T05:30:00.000Z,1980,0.5500,8192d0d0-30ea-4056-a289-b5c360252a70,2026-08-24T04:30:00.000Z
131b5e6e-8b23-4e93-aebb-1623056a8422,03d612d9-ebba-44e5-a29e-7b12b9523418,14b3fa97-68a4-4886-9be3-d68cd4654760,2026-08-24T05:30:00.000Z,2026-08-24T06:30:00.000Z,1620,0.4500,4955d8d0-8e8d-40e7-b7a2-56a255155271,2026-08-24T05:30:00.000Z
0c87d7b0-b5b5-4835-8620-4b78a36ea63e,03d612d9-ebba-44e5-a29e-7b12b9523418,14b3fa97-68a4-4886-9be3-d68cd4654760,2026-08-24T06:30:00.000Z,2026-08-24T07:30:00.000Z,2324,0.6457,d12b65f8-ac68-419b-b316-b774730d9405,2026-08-24T06:30:00.000Z
76cd28e9-50d6-4243-9f10-d5e145f3decc,03d612d9-ebba-44e5-a29e-7b12b9523418,14b3fa97-68a4-4886-9be3-d68cd4654760,2026-08-24T07:30:00.000Z,2026-08-24T08:30:00.000Z,1620,0.4500,09796f54-e0c5-45bd-9435-eade04a14f59,2026-08-24T07:30:00.000Z
b8da8ff5-a0c3-4ddb-be39-f8bc6879354a,03d612d9-ebba-44e5-a29e-7b12b9523418,14b3fa97-68a4-4886-9be3-d68cd4654760,2026-08-25T02:30:00.000Z,2026-08-25T03:30:00.000Z,990,0.2750,e0bf0332-be13-48e8-a282-bb743d14efd0,2026-08-25T02:30:00.000Z
f41b62c6-c239-4461-9376-292d2b63cbd2,03d612d9-ebba-44e5-a29e-7b12b9523418,14b3fa97-68a4-4886-9be3-d68cd4654760,2026-08-25T03:30:00.000Z,2026-08-25T04:30:00.000Z,2111,0.5865,889dd1bc-88c9-4c58-a29e-b2c35b6692aa,2026-08-25T03:30:00.000Z
bbdd2446-5577-4d3b-9d4b-3fd1a029b074,03d612d9-ebba-44e5-a29e-7b12b9523418,14b3fa97-68a4-4886-9be3-d68cd4654760,2026-08-25T04:30:00.000Z,2026-08-25T05:30:00.000Z,1080,0.3000,72e4c610-a4fe-4e41-b854-facf202138c9,2026-08-25T04:30:00.000Z
b54d83fe-c3a5-400e-8c84-d3c69812581d,03d612d9-ebba-44e5-a29e-7b12b9523418,14b3fa97-68a4-4886-9be3-d68cd4654760,2026-08-25T05:30:00.000Z,2026-08-25T06:30:00.000Z,1189,0.3301,b1f29f5a-a406-4e21-9a95-bff8b25a42c9,2026-08-25T05:30:00.000Z
0e3674dc-daac-45da-bd75-18a1a4588ed0,03d612d9-ebba-44e5-a29e-7b12b9523418,14b3fa97-68a4-4886-9be3-d68cd4654760,2026-08-26T02:30:00.000Z,2026-08-26T03:30:00.000Z,2022,0.5616,430f3e1e-f769-4baf-ae98-7209ea2bfd4b,2026-08-26T02:30:00.000Z
e4acd059-d199-44a4-9b5d-7dd6fffc1e4e,03d612d9-ebba-44e5-a29e-7b12b9523418,14b3fa97-68a4-4886-9be3-d68cd4654760,2026-08-26T03:30:00.000Z,2026-08-26T04:30:00.000Z,1860,0.5167,eee2acc2-996b-48e0-a69d-74620cb15c9c,2026-08-26T03:30:00.000Z
ea76ffd8-e279-46c3-81a8-22fecdbf1fa5,03d612d9-ebba-44e5-a29e-7b12b9523418,14b3fa97-68a4-4886-9be3-d68cd4654760,2026-08-26T04:30:00.000Z,2026-08-26T05:30:00.000Z,1380,0.3833,ac4578ed-64b9-4789-a6da-fdae6dcba49e,2026-08-26T04:30:00.000Z
cf70b98a-8af2-4020-9740-2417471c59a2,03d612d9-ebba-44e5-a29e-7b12b9523418,14b3fa97-68a4-4886-9be3-d68cd4654760,2026-08-26T05:30:00.000Z,2026-08-26T06:30:00.000Z,1218,0.3384,d488d112-5347-4d0a-ba4f-ef2989897cde,2026-08-26T05:30:00.000Z
64af89ab-400a-4709-82b1-53db9dfa1c1a,03d612d9-ebba-44e5-a29e-7b12b9523418,2a0c5c26-377b-4f55-8e1b-1e57ca9e4e6d,2026-08-12T03:30:00.000Z,2026-08-12T04:30:00.000Z,1801,0.5003,d8be16f3-2dde-441b-bee5-e9bab90c9a95,2026-08-12T03:30:00.000Z
54f97d77-e7ff-4286-96b6-f4da27db9417,03d612d9-ebba-44e5-a29e-7b12b9523418,2a0c5c26-377b-4f55-8e1b-1e57ca9e4e6d,2026-08-12T04:30:00.000Z,2026-08-12T05:30:00.000Z,1619,0.4497,398b88e0-33e4-4d36-96c7-db26464abf08,2026-08-12T04:30:00.000Z
04a44036-4771-4006-abc0-0532ce644435,03d612d9-ebba-44e5-a29e-7b12b9523418,2a0c5c26-377b-4f55-8e1b-1e57ca9e4e6d,2026-08-12T05:30:00.000Z,2026-08-12T06:30:00.000Z,630,0.1750,1a097056-46dd-454c-ba7a-4933cb34ee86,2026-08-12T05:30:00.000Z
ca5b92c2-fb34-4c24-ae4d-a7e7e0320da7,03d612d9-ebba-44e5-a29e-7b12b9523418,2a0c5c26-377b-4f55-8e1b-1e57ca9e4e6d,2026-08-15T03:30:00.000Z,2026-08-15T04:30:00.000Z,1470,0.4083,9eaa7e6b-0525-400f-af6d-4bd71ac1005c,2026-08-15T03:30:00.000Z
3bf6a8cb-6a0d-47d0-8979-5cca82de4f02,03d612d9-ebba-44e5-a29e-7b12b9523418,2a0c5c26-377b-4f55-8e1b-1e57ca9e4e6d,2026-08-15T04:30:00.000Z,2026-08-15T05:30:00.000Z,2039,0.5665,dc5bc33d-c89a-41b4-bbf1-f03dcbe235be,2026-08-15T04:30:00.000Z
c0dbd99b-0882-4c83-ab91-93c9c0df01df,03d612d9-ebba-44e5-a29e-7b12b9523418,2a0c5c26-377b-4f55-8e1b-1e57ca9e4e6d,2026-08-15T05:30:00.000Z,2026-08-15T06:30:00.000Z,900,0.2500,23a0a05c-1dd0-4389-b6bf-fe762769c408,2026-08-15T05:30:00.000Z
cfe237e2-55c9-41ca-a1d1-d882573fd69e,03d612d9-ebba-44e5-a29e-7b12b9523418,2a0c5c26-377b-4f55-8e1b-1e57ca9e4e6d,2026-08-15T06:30:00.000Z,2026-08-15T07:30:00.000Z,211,0.0585,341c3d45-e24a-4c3a-810d-4f7287311676,2026-08-15T06:30:00.000Z
c311c702-5bb0-49c1-ac21-93e59955ba63,03d612d9-ebba-44e5-a29e-7b12b9523418,2a0c5c26-377b-4f55-8e1b-1e57ca9e4e6d,2026-08-16T03:30:00.000Z,2026-08-16T04:30:00.000Z,1920,0.5333,c2e3c075-700b-4ed7-9e4d-0795b7c1c768,2026-08-16T03:30:00.000Z
c6983902-11a6-4ff3-97ea-ecc2213cdafc,03d612d9-ebba-44e5-a29e-7b12b9523418,2a0c5c26-377b-4f55-8e1b-1e57ca9e4e6d,2026-08-16T04:30:00.000Z,2026-08-16T05:30:00.000Z,990,0.2750,3ff639d8-fff5-49b5-b3d7-b56ed9e6562e,2026-08-16T04:30:00.000Z
dc3b6dc0-41d9-45ae-bdad-f7fe6f087017,03d612d9-ebba-44e5-a29e-7b12b9523418,2a0c5c26-377b-4f55-8e1b-1e57ca9e4e6d,2026-08-17T02:30:00.000Z,2026-08-17T03:30:00.000Z,570,0.1583,34e49d37-5238-4fa1-bc69-0fd2f9f9146a,2026-08-17T02:30:00.000Z
ef2ffc01-97a3-4f1a-929b-8005b8d48f01,03d612d9-ebba-44e5-a29e-7b12b9523418,2a0c5c26-377b-4f55-8e1b-1e57ca9e4e6d,2026-08-17T03:30:00.000Z,2026-08-17T04:30:00.000Z,1484,0.4124,b3e44cb2-6529-4c74-892d-222bbd2ee3cb,2026-08-17T03:30:00.000Z
c6e3c304-90e7-4b16-a124-220e0c0189c8,03d612d9-ebba-44e5-a29e-7b12b9523418,2a0c5c26-377b-4f55-8e1b-1e57ca9e4e6d,2026-08-17T04:30:00.000Z,2026-08-17T05:30:00.000Z,1380,0.3833,b983a9da-8ae8-4d64-bd29-9623b8cb2387,2026-08-17T04:30:00.000Z
0296c47c-948a-4a2f-af3f-d13fb5db15a8,03d612d9-ebba-44e5-a29e-7b12b9523418,2a0c5c26-377b-4f55-8e1b-1e57ca9e4e6d,2026-08-17T05:30:00.000Z,2026-08-17T06:30:00.000Z,2326,0.6460,5eb2968f-f168-4e1b-8cd7-f28a7de074d7,2026-08-17T05:30:00.000Z
f42518b9-2afa-4d49-8db7-55a94cd95515,03d612d9-ebba-44e5-a29e-7b12b9523418,2a0c5c26-377b-4f55-8e1b-1e57ca9e4e6d,2026-08-18T03:30:00.000Z,2026-08-18T04:30:00.000Z,450,0.1250,18f88e86-6f34-4372-a799-a34c90bd9b4e,2026-08-18T03:30:00.000Z
c919547b-8561-407f-9fdb-b63595f09809,03d612d9-ebba-44e5-a29e-7b12b9523418,2a0c5c26-377b-4f55-8e1b-1e57ca9e4e6d,2026-08-18T04:30:00.000Z,2026-08-18T05:30:00.000Z,1470,0.4083,6379b94e-5f20-4763-9a52-8992c015780e,2026-08-18T04:30:00.000Z
5a114731-9c59-4971-9dfb-dcc590ac4b86,03d612d9-ebba-44e5-a29e-7b12b9523418,2a0c5c26-377b-4f55-8e1b-1e57ca9e4e6d,2026-08-18T05:30:00.000Z,2026-08-18T06:30:00.000Z,1470,0.4083,660a4e0e-1a2a-4b6c-9025-633e66a26a6b,2026-08-18T05:30:00.000Z
78b83122-7344-458a-aba7-2ea9e4254fb8,03d612d9-ebba-44e5-a29e-7b12b9523418,2a0c5c26-377b-4f55-8e1b-1e57ca9e4e6d,2026-08-18T06:30:00.000Z,2026-08-18T07:30:00.000Z,690,0.1917,1f15e6df-dbca-4982-8a03-b6fdb8e78116,2026-08-18T06:30:00.000Z
0ca87cef-b293-4ae2-821e-8f6ce03395b1,03d612d9-ebba-44e5-a29e-7b12b9523418,2a0c5c26-377b-4f55-8e1b-1e57ca9e4e6d,2026-08-20T03:30:00.000Z,2026-08-20T04:30:00.000Z,930,0.2583,11a6ce62-d5db-46f7-8297-cf1840d25e8f,2026-08-20T03:30:00.000Z
78a3ad43-7752-455d-9b02-8d6daecfbc44,03d612d9-ebba-44e5-a29e-7b12b9523418,2a0c5c26-377b-4f55-8e1b-1e57ca9e4e6d,2026-08-22T04:30:00.000Z,2026-08-22T05:30:00.000Z,1020,0.2833,239357d9-7028-4f31-8ae7-96e2a5479ee0,2026-08-22T04:30:00.000Z
fcfaa5e0-19e9-4e68-b6a9-1afd409cede7,03d612d9-ebba-44e5-a29e-7b12b9523418,2a0c5c26-377b-4f55-8e1b-1e57ca9e4e6d,2026-08-22T05:30:00.000Z,2026-08-22T06:30:00.000Z,1050,0.2917,e0b11e39-5f6c-48b0-88d8-e415621f82cc,2026-08-22T05:30:00.000Z
9369177d-27d3-4e6f-8b85-9d7aff61028c,03d612d9-ebba-44e5-a29e-7b12b9523418,2a0c5c26-377b-4f55-8e1b-1e57ca9e4e6d,2026-08-22T06:30:00.000Z,2026-08-22T07:30:00.000Z,2064,0.5733,680d5ff7-fc01-493b-bb95-59e8463f2a2e,2026-08-22T06:30:00.000Z
fba69bea-735c-4b71-8e40-8479ff529a8d,03d612d9-ebba-44e5-a29e-7b12b9523418,2a0c5c26-377b-4f55-8e1b-1e57ca9e4e6d,2026-08-22T07:30:00.000Z,2026-08-22T08:30:00.000Z,696,0.1934,c8d7c00d-c871-4555-ba6f-179d421d1edf,2026-08-22T07:30:00.000Z
d500fd22-79bc-4d5b-a192-b31ec7741b96,03d612d9-ebba-44e5-a29e-7b12b9523418,2a0c5c26-377b-4f55-8e1b-1e57ca9e4e6d,2026-08-23T04:30:00.000Z,2026-08-23T05:30:00.000Z,1079,0.2998,6aef8d01-3bf7-4bb9-a2ef-2a1715f1d376,2026-08-23T04:30:00.000Z
4fb52ce9-6704-4225-8da9-2ffc84837288,03d612d9-ebba-44e5-a29e-7b12b9523418,2a0c5c26-377b-4f55-8e1b-1e57ca9e4e6d,2026-08-23T05:30:00.000Z,2026-08-23T06:30:00.000Z,631,0.1752,71fd7a25-8550-4bbe-a908-d936b98ca1f9,2026-08-23T05:30:00.000Z
d02464f4-6735-4b40-89aa-df9d1cdf4eb3,03d612d9-ebba-44e5-a29e-7b12b9523418,2a0c5c26-377b-4f55-8e1b-1e57ca9e4e6d,2026-08-24T04:30:00.000Z,2026-08-24T05:30:00.000Z,680,0.1889,60d8ae9a-f710-47c8-bc15-e24129522736,2026-08-24T04:30:00.000Z
92b4b899-e7b8-42a8-a687-690aae6b6175,03d612d9-ebba-44e5-a29e-7b12b9523418,2a0c5c26-377b-4f55-8e1b-1e57ca9e4e6d,2026-08-24T05:30:00.000Z,2026-08-24T06:30:00.000Z,340,0.0944,381ab2f7-51f3-470f-a5b1-859af54fd6f4,2026-08-24T05:30:00.000Z
499e7827-f9ca-4f85-b395-fafb0597940a,03d612d9-ebba-44e5-a29e-7b12b9523418,2a0c5c26-377b-4f55-8e1b-1e57ca9e4e6d,2026-08-25T02:30:00.000Z,2026-08-25T03:30:00.000Z,300,0.0833,f6a9b944-0dab-4527-b548-d216960f4db8,2026-08-25T02:30:00.000Z
f8774e66-7e02-45d6-8cd0-cc006bd35899,03d612d9-ebba-44e5-a29e-7b12b9523418,2a0c5c26-377b-4f55-8e1b-1e57ca9e4e6d,2026-08-25T03:30:00.000Z,2026-08-25T04:30:00.000Z,1327,0.3686,539ad568-649c-45dc-b122-68e6ff0e742f,2026-08-25T03:30:00.000Z
2973cde6-e880-4337-8615-cfce1e20c219,03d612d9-ebba-44e5-a29e-7b12b9523418,2a0c5c26-377b-4f55-8e1b-1e57ca9e4e6d,2026-08-25T04:30:00.000Z,2026-08-25T05:30:00.000Z,1973,0.5480,e51d2bd0-86a9-4bef-85a1-c6c6856454e1,2026-08-25T04:30:00.000Z
a2e974ee-5983-46a2-b27c-7465760130c1,03d612d9-ebba-44e5-a29e-7b12b9523418,2a0c5c26-377b-4f55-8e1b-1e57ca9e4e6d,2026-08-25T05:30:00.000Z,2026-08-25T06:30:00.000Z,840,0.2333,c51d5013-f8c7-417d-9aa7-718f3e53e3b9,2026-08-25T05:30:00.000Z
8f7d4e0b-8de6-4ddb-b865-efb04d0e4225,03d612d9-ebba-44e5-a29e-7b12b9523418,2a0c5c26-377b-4f55-8e1b-1e57ca9e4e6d,2026-08-25T06:30:00.000Z,2026-08-25T07:30:00.000Z,1440,0.4000,2f7b211e-f8dc-40f9-bda3-bee3ad979c8b,2026-08-25T06:30:00.000Z
14d44c09-8d5a-4c07-b271-76c95ddea29d,03d612d9-ebba-44e5-a29e-7b12b9523418,f1a42899-ae87-44c7-9220-fe008daf1ff6,2026-08-12T03:30:00.000Z,2026-08-12T04:30:00.000Z,2202,0.6117,d1967c71-cb5b-44f4-920a-295ac4506125,2026-08-12T03:30:00.000Z
5e22e064-3125-4bd9-9acf-48240b1d9dda,03d612d9-ebba-44e5-a29e-7b12b9523418,f1a42899-ae87-44c7-9220-fe008daf1ff6,2026-08-12T04:30:00.000Z,2026-08-12T05:30:00.000Z,2718,0.7550,a3d1a615-5741-4305-80ef-f329e262a042,2026-08-12T04:30:00.000Z
484824c6-20dc-4918-bc1f-c97d95ee2f02,03d612d9-ebba-44e5-a29e-7b12b9523418,f1a42899-ae87-44c7-9220-fe008daf1ff6,2026-08-12T05:30:00.000Z,2026-08-12T06:30:00.000Z,2082,0.5784,f493c12e-d496-481b-9081-32e49810e4b2,2026-08-12T05:30:00.000Z
bec58c67-beb6-4fb3-8962-65bab8c62901,03d612d9-ebba-44e5-a29e-7b12b9523418,f1a42899-ae87-44c7-9220-fe008daf1ff6,2026-08-12T06:30:00.000Z,2026-08-12T07:30:00.000Z,1980,0.5500,ea1d0d1a-34a4-477d-ac07-bde46f30ac6c,2026-08-12T06:30:00.000Z
104a1cc3-ad5e-412e-b520-59a42a0b9530,03d612d9-ebba-44e5-a29e-7b12b9523418,f1a42899-ae87-44c7-9220-fe008daf1ff6,2026-08-12T07:30:00.000Z,2026-08-12T08:30:00.000Z,3018,0.8383,e12c8606-0431-423a-b1ad-1710849e37cd,2026-08-12T07:30:00.000Z
0716ced4-9566-4aad-8450-73fa0ac7db9c,03d612d9-ebba-44e5-a29e-7b12b9523418,f1a42899-ae87-44c7-9220-fe008daf1ff6,2026-08-12T08:30:00.000Z,2026-08-12T09:30:00.000Z,2802,0.7784,a1a2186b-0002-4553-9969-b1b69a93898e,2026-08-12T08:30:00.000Z
b94e0447-b403-4a34-a728-0457749332ff,03d612d9-ebba-44e5-a29e-7b12b9523418,f1a42899-ae87-44c7-9220-fe008daf1ff6,2026-08-12T09:30:00.000Z,2026-08-12T10:30:00.000Z,2040,0.5667,4f082f7c-771e-4b9b-8065-8e7f62437a0f,2026-08-12T09:30:00.000Z
58535e46-6d4d-490f-847e-39fc968c56e4,03d612d9-ebba-44e5-a29e-7b12b9523418,f1a42899-ae87-44c7-9220-fe008daf1ff6,2026-08-12T10:30:00.000Z,2026-08-12T11:30:00.000Z,3048,0.8466,c2fa5306-c343-470d-9f68-aafa3dd65973,2026-08-12T10:30:00.000Z
11fba250-dcee-42e1-a8a8-4805687bd892,03d612d9-ebba-44e5-a29e-7b12b9523418,f1a42899-ae87-44c7-9220-fe008daf1ff6,2026-08-12T11:30:00.000Z,2026-08-12T12:30:00.000Z,1830,0.5083,18c07ce3-bc1b-4c33-bda3-8bfd4ea4254c,2026-08-12T11:30:00.000Z
7a59abaa-63dd-482a-b87b-42d33f9d873b,03d612d9-ebba-44e5-a29e-7b12b9523418,f1a42899-ae87-44c7-9220-fe008daf1ff6,2026-08-15T03:30:00.000Z,2026-08-15T04:30:00.000Z,545,0.1514,464b9d3a-2f48-4603-8672-a97f427d5a48,2026-08-15T03:30:00.000Z
dce26d05-0f60-4d55-b8bb-2bb4c5efc92a,03d612d9-ebba-44e5-a29e-7b12b9523418,f1a42899-ae87-44c7-9220-fe008daf1ff6,2026-08-15T04:30:00.000Z,2026-08-15T05:30:00.000Z,1200,0.3333,11d8270a-e69a-4100-8343-f9362737c544,2026-08-15T04:30:00.000Z
9e14c83d-1d55-4dd0-9f9b-69be699d0f88,03d612d9-ebba-44e5-a29e-7b12b9523418,f1a42899-ae87-44c7-9220-fe008daf1ff6,2026-08-15T05:30:00.000Z,2026-08-15T06:30:00.000Z,3600,1.0000,1e815a50-eb46-461c-a6c9-ee854cab30c1,2026-08-15T05:30:00.000Z
ce0ce3ee-45bf-43de-ba3a-68806423b480,03d612d9-ebba-44e5-a29e-7b12b9523418,f1a42899-ae87-44c7-9220-fe008daf1ff6,2026-08-15T06:30:00.000Z,2026-08-15T07:30:00.000Z,1320,0.3667,6ac358f9-ef73-4190-8f99-d7328405e30b,2026-08-15T06:30:00.000Z
6639071c-cba9-4972-83d1-1912a973df3f,03d612d9-ebba-44e5-a29e-7b12b9523418,f1a42899-ae87-44c7-9220-fe008daf1ff6,2026-08-15T07:30:00.000Z,2026-08-15T08:30:00.000Z,2845,0.7902,0279660d-60e8-4847-9129-68c808f6d4e4,2026-08-15T07:30:00.000Z
03fa3634-1b14-4b4e-9df8-05c26d109450,03d612d9-ebba-44e5-a29e-7b12b9523418,f1a42899-ae87-44c7-9220-fe008daf1ff6,2026-08-15T08:30:00.000Z,2026-08-15T09:30:00.000Z,2915,0.8098,6a442573-95d3-4970-9035-d612c28e5713,2026-08-15T08:30:00.000Z
5da3d815-63d3-463a-92a3-49305ddc066f,03d612d9-ebba-44e5-a29e-7b12b9523418,f1a42899-ae87-44c7-9220-fe008daf1ff6,2026-08-15T09:30:00.000Z,2026-08-15T10:30:00.000Z,1555,0.4319,6a9e41fc-ebaa-4800-a6d3-0b44da2e00eb,2026-08-15T09:30:00.000Z
a5b2195c-d5bc-4a18-b339-9fc97cb635d9,03d612d9-ebba-44e5-a29e-7b12b9523418,f1a42899-ae87-44c7-9220-fe008daf1ff6,2026-08-15T10:30:00.000Z,2026-08-15T11:30:00.000Z,480,0.1333,f4266835-80dd-4efa-b97d-c0b0e0e31bb2,2026-08-15T10:30:00.000Z
db9b2d27-e4bf-4ce0-9145-43bed3bba004,03d612d9-ebba-44e5-a29e-7b12b9523418,f1a42899-ae87-44c7-9220-fe008daf1ff6,2026-08-16T04:30:00.000Z,2026-08-16T05:30:00.000Z,1623,0.4510,950fbf35-b0eb-4832-bcec-6578a1bf9b0d,2026-08-16T04:30:00.000Z
f4a22004-aff6-48ba-be46-e2d52773fbe8,03d612d9-ebba-44e5-a29e-7b12b9523418,f1a42899-ae87-44c7-9220-fe008daf1ff6,2026-08-16T05:30:00.000Z,2026-08-16T06:30:00.000Z,2877,0.7990,651fb2f1-f9b6-4a20-a37d-dc5b6acd9884,2026-08-16T05:30:00.000Z
a73eca00-dc22-449f-97ce-cd7938260578,03d612d9-ebba-44e5-a29e-7b12b9523418,f1a42899-ae87-44c7-9220-fe008daf1ff6,2026-08-16T06:30:00.000Z,2026-08-16T07:30:00.000Z,1863,0.5176,ca156e9b-5528-49b5-a69c-d03a0748e967,2026-08-16T06:30:00.000Z
eb2699b3-d87d-483a-a479-5395bff833cf,03d612d9-ebba-44e5-a29e-7b12b9523418,f1a42899-ae87-44c7-9220-fe008daf1ff6,2026-08-16T07:30:00.000Z,2026-08-16T08:30:00.000Z,1947,0.5407,bb9cc2da-2cf8-4a9e-8eb2-659267764bbd,2026-08-16T07:30:00.000Z
fffa9724-46c6-4502-888e-967d1f79eaf9,03d612d9-ebba-44e5-a29e-7b12b9523418,f1a42899-ae87-44c7-9220-fe008daf1ff6,2026-08-18T03:30:00.000Z,2026-08-18T04:30:00.000Z,3194,0.8872,5a5a9c6c-d44d-4d4c-a519-73816ccdd459,2026-08-18T03:30:00.000Z
3bad5e74-856f-4eaf-ba62-90096db02860,03d612d9-ebba-44e5-a29e-7b12b9523418,f1a42899-ae87-44c7-9220-fe008daf1ff6,2026-08-18T04:30:00.000Z,2026-08-18T05:30:00.000Z,2220,0.6167,332d504e-83b9-4a7d-848c-7aeb203ce839,2026-08-18T04:30:00.000Z
887d02a1-998d-4af3-8c7d-3afdbb79a28f,03d612d9-ebba-44e5-a29e-7b12b9523418,f1a42899-ae87-44c7-9220-fe008daf1ff6,2026-08-18T05:30:00.000Z,2026-08-18T06:30:00.000Z,2340,0.6500,dc20162c-3aad-44e3-bd92-b39407fe4a87,2026-08-18T05:30:00.000Z
e35d9ab4-f860-415d-9982-4cc3bf2b5e40,03d612d9-ebba-44e5-a29e-7b12b9523418,f1a42899-ae87-44c7-9220-fe008daf1ff6,2026-08-18T06:30:00.000Z,2026-08-18T07:30:00.000Z,3600,1.0000,78d244d1-dd0d-45d4-b211-99cb9ce389dc,2026-08-18T06:30:00.000Z
b8156864-4e56-41d3-b856-5eb0837e135a,03d612d9-ebba-44e5-a29e-7b12b9523418,f1a42899-ae87-44c7-9220-fe008daf1ff6,2026-08-18T07:30:00.000Z,2026-08-18T08:30:00.000Z,1440,0.4000,219f598d-0e0f-4822-aaf0-944f4a3f6eca,2026-08-18T07:30:00.000Z
d1e01320-2bc1-4a1e-8955-bc4136aff239,03d612d9-ebba-44e5-a29e-7b12b9523418,f1a42899-ae87-44c7-9220-fe008daf1ff6,2026-08-18T08:30:00.000Z,2026-08-18T09:30:00.000Z,2086,0.5794,e0419567-0c14-4070-b6fb-ed02f5bbc2e3,2026-08-18T08:30:00.000Z
2a9e2118-f7ca-4d05-bbf4-8a40cfeeed7c,03d612d9-ebba-44e5-a29e-7b12b9523418,f1a42899-ae87-44c7-9220-fe008daf1ff6,2026-08-20T03:30:00.000Z,2026-08-20T04:30:00.000Z,956,0.2655,641d96cb-45e2-468a-b529-f49587eb4b85,2026-08-20T03:30:00.000Z
a14c86ba-92cf-4725-aeff-575e6e537579,03d612d9-ebba-44e5-a29e-7b12b9523418,f1a42899-ae87-44c7-9220-fe008daf1ff6,2026-08-20T04:30:00.000Z,2026-08-20T05:30:00.000Z,2314,0.6429,6ae1eea4-30f5-45ce-9a93-a25f4f4eebb9,2026-08-20T04:30:00.000Z
9fe016f5-d99d-441f-b97e-323f8acbf535,03d612d9-ebba-44e5-a29e-7b12b9523418,f1a42899-ae87-44c7-9220-fe008daf1ff6,2026-08-20T05:30:00.000Z,2026-08-20T06:30:00.000Z,2426,0.6738,c611f264-5b99-4047-b310-e2de62f1930e,2026-08-20T05:30:00.000Z
63b6339f-7520-48b7-b157-3d333d20a341,03d612d9-ebba-44e5-a29e-7b12b9523418,f1a42899-ae87-44c7-9220-fe008daf1ff6,2026-08-20T06:30:00.000Z,2026-08-20T07:30:00.000Z,214,0.0595,a21365d7-0a3f-47e6-8ad3-dc1213041cbf,2026-08-20T06:30:00.000Z
148c9178-9bc4-41d8-883f-8ff7c8c1aa5b,03d612d9-ebba-44e5-a29e-7b12b9523418,f1a42899-ae87-44c7-9220-fe008daf1ff6,2026-08-21T02:30:00.000Z,2026-08-21T03:30:00.000Z,3357,0.9326,c62cfdcc-4738-4b68-9f0b-2d400d5e7ec0,2026-08-21T02:30:00.000Z
71dc90c5-ed62-482d-9045-fbf130c7ac81,03d612d9-ebba-44e5-a29e-7b12b9523418,f1a42899-ae87-44c7-9220-fe008daf1ff6,2026-08-21T03:30:00.000Z,2026-08-21T04:30:00.000Z,2253,0.6257,b819bf27-b612-44b5-ae54-58a30abb6318,2026-08-21T03:30:00.000Z
44f38f92-18c0-40b2-908c-98b1b9d00359,03d612d9-ebba-44e5-a29e-7b12b9523418,f1a42899-ae87-44c7-9220-fe008daf1ff6,2026-08-21T04:30:00.000Z,2026-08-21T05:30:00.000Z,1560,0.4333,cf3b85ac-c375-4db0-9d83-fec4866fb848,2026-08-21T04:30:00.000Z
5c32b724-826c-4a4a-b3cc-6cee40548ade,03d612d9-ebba-44e5-a29e-7b12b9523418,f1a42899-ae87-44c7-9220-fe008daf1ff6,2026-08-21T05:30:00.000Z,2026-08-21T06:30:00.000Z,3567,0.9909,4355f3e3-6359-4e1c-acb6-b1c91e931ec3,2026-08-21T05:30:00.000Z
c8859df2-7f27-4417-ad35-da4acd10b5a0,03d612d9-ebba-44e5-a29e-7b12b9523418,f1a42899-ae87-44c7-9220-fe008daf1ff6,2026-08-21T06:30:00.000Z,2026-08-21T07:30:00.000Z,1173,0.3257,82a3bd28-de2e-416d-bfa4-2186d3f3f8c6,2026-08-21T06:30:00.000Z
5ecb4b05-e9d9-4e29-ae5d-f4d4160b07b7,03d612d9-ebba-44e5-a29e-7b12b9523418,f1a42899-ae87-44c7-9220-fe008daf1ff6,2026-08-22T03:30:00.000Z,2026-08-22T04:30:00.000Z,3299,0.9165,49ae838e-e112-4be4-a8b3-19266bd61b29,2026-08-22T03:30:00.000Z
9b965461-ca69-4565-861c-cd7fcd77d73e,03d612d9-ebba-44e5-a29e-7b12b9523418,f1a42899-ae87-44c7-9220-fe008daf1ff6,2026-08-22T04:30:00.000Z,2026-08-22T05:30:00.000Z,2760,0.7667,2de9797a-b029-4600-94f3-6750c61b85d3,2026-08-22T04:30:00.000Z
cfaff76c-b89f-47eb-8cbf-d047d90774b1,03d612d9-ebba-44e5-a29e-7b12b9523418,f1a42899-ae87-44c7-9220-fe008daf1ff6,2026-08-22T05:30:00.000Z,2026-08-22T06:30:00.000Z,1651,0.4585,e17de459-054e-4635-a332-0cde69340cf9,2026-08-22T05:30:00.000Z
ac80f6be-9910-4c4e-9340-c859b15f32b5,03d612d9-ebba-44e5-a29e-7b12b9523418,f1a42899-ae87-44c7-9220-fe008daf1ff6,2026-08-22T06:30:00.000Z,2026-08-22T07:30:00.000Z,3569,0.9915,22fb6a7a-262f-49cd-bb6f-bab5ca80ee08,2026-08-22T06:30:00.000Z
1daab6b9-4e8f-4fff-a2fe-0a5cc4cebdfd,03d612d9-ebba-44e5-a29e-7b12b9523418,f1a42899-ae87-44c7-9220-fe008daf1ff6,2026-08-22T07:30:00.000Z,2026-08-22T08:30:00.000Z,2520,0.7000,2b831e93-5a65-4fec-9db9-db1cf4d5fd16,2026-08-22T07:30:00.000Z
10faeff0-2e25-4d71-835c-83674cd9b8be,03d612d9-ebba-44e5-a29e-7b12b9523418,f1a42899-ae87-44c7-9220-fe008daf1ff6,2026-08-22T08:30:00.000Z,2026-08-22T09:30:00.000Z,2340,0.6500,fefba73c-ad04-42c7-bfb7-e65c318cbdc1,2026-08-22T08:30:00.000Z
5e64b3ec-23d9-4a63-b151-d404d01ec09d,03d612d9-ebba-44e5-a29e-7b12b9523418,f1a42899-ae87-44c7-9220-fe008daf1ff6,2026-08-22T09:30:00.000Z,2026-08-22T10:30:00.000Z,2971,0.8252,39e33e45-c25a-4e1a-9d2d-69ec8c71003e,2026-08-22T09:30:00.000Z
dd413741-22fd-4d06-bb6c-a6e972970802,03d612d9-ebba-44e5-a29e-7b12b9523418,f1a42899-ae87-44c7-9220-fe008daf1ff6,2026-08-22T10:30:00.000Z,2026-08-22T11:30:00.000Z,1200,0.3333,5cf39c2c-9db8-488f-a9c6-4853e51e50f6,2026-08-22T10:30:00.000Z
69973a0e-ee2a-4cb9-a220-78d715a79634,03d612d9-ebba-44e5-a29e-7b12b9523418,f1a42899-ae87-44c7-9220-fe008daf1ff6,2026-08-23T02:30:00.000Z,2026-08-23T03:30:00.000Z,625,0.1737,3c75138d-f20b-4c37-88fd-cf5398038957,2026-08-23T02:30:00.000Z
a3cefff0-0836-4fe7-b52a-bf500511aae1,03d612d9-ebba-44e5-a29e-7b12b9523418,f1a42899-ae87-44c7-9220-fe008daf1ff6,2026-08-23T03:30:00.000Z,2026-08-23T04:30:00.000Z,3600,1.0000,f2039ae2-7040-45ad-a1fa-58c9bd2f4b7f,2026-08-23T03:30:00.000Z
333cae60-412c-4b92-b9eb-b310948ffeef,03d612d9-ebba-44e5-a29e-7b12b9523418,f1a42899-ae87-44c7-9220-fe008daf1ff6,2026-08-23T04:30:00.000Z,2026-08-23T05:30:00.000Z,1560,0.4333,25c6e908-0ce7-4b42-9508-65cff94cc07b,2026-08-23T04:30:00.000Z
230752e5-5e45-48d5-a548-e5c6054d7e2b,03d612d9-ebba-44e5-a29e-7b12b9523418,f1a42899-ae87-44c7-9220-fe008daf1ff6,2026-08-23T05:30:00.000Z,2026-08-23T06:30:00.000Z,2855,0.7930,ef4f292c-3263-4c2d-85fe-2749ea6ed9b6,2026-08-23T05:30:00.000Z
af5ce6c4-ddb8-4f46-8d10-1c6db58d1630,03d612d9-ebba-44e5-a29e-7b12b9523418,f1a42899-ae87-44c7-9220-fe008daf1ff6,2026-08-23T06:30:00.000Z,2026-08-23T07:30:00.000Z,2100,0.5833,45c80bd4-f7e6-4776-a005-c0f9ec993b25,2026-08-23T06:30:00.000Z
80aa5f49-4216-4be5-ac6b-70cc9d9c51a7,03d612d9-ebba-44e5-a29e-7b12b9523418,f1a42899-ae87-44c7-9220-fe008daf1ff6,2026-08-24T04:30:00.000Z,2026-08-24T05:30:00.000Z,1680,0.4667,f7df4b1a-097c-4a0b-bfc5-3e5858dc4bbb,2026-08-24T04:30:00.000Z
e5ca7220-ed9b-45e6-871d-d663ee70a82d,03d612d9-ebba-44e5-a29e-7b12b9523418,f1a42899-ae87-44c7-9220-fe008daf1ff6,2026-08-24T05:30:00.000Z,2026-08-24T06:30:00.000Z,1590,0.4417,815173e3-a226-4065-a197-2477d2ae6b39,2026-08-24T05:30:00.000Z
5121a0e0-7468-4813-acb3-738e0a9ecdef,03d612d9-ebba-44e5-a29e-7b12b9523418,f1a42899-ae87-44c7-9220-fe008daf1ff6,2026-08-24T06:30:00.000Z,2026-08-24T07:30:00.000Z,1248,0.3465,a983a868-3433-4c89-8bf6-c9d881891290,2026-08-24T06:30:00.000Z
f7501be7-bec4-4c99-9633-5fef01559370,03d612d9-ebba-44e5-a29e-7b12b9523418,f1a42899-ae87-44c7-9220-fe008daf1ff6,2026-08-24T07:30:00.000Z,2026-08-24T08:30:00.000Z,672,0.1868,324d031e-91d9-4259-a4d4-2d799b88ecde,2026-08-24T07:30:00.000Z
8f5625e5-b98b-47ab-830c-bf6fc095cec7,03d612d9-ebba-44e5-a29e-7b12b9523418,f1a42899-ae87-44c7-9220-fe008daf1ff6,2026-08-25T02:30:00.000Z,2026-08-25T03:30:00.000Z,1727,0.4796,92060091-1c6f-4f69-856c-95219ffa29e2,2026-08-25T02:30:00.000Z
e6813532-9230-423c-8c78-082eb3a4da3f,03d612d9-ebba-44e5-a29e-7b12b9523418,f1a42899-ae87-44c7-9220-fe008daf1ff6,2026-08-25T03:30:00.000Z,2026-08-25T04:30:00.000Z,3600,1.0000,0cf000fc-7333-4d22-b262-ff9cf40663fd,2026-08-25T03:30:00.000Z
b12462de-69d0-4040-8459-eb72a1d54efe,03d612d9-ebba-44e5-a29e-7b12b9523418,f1a42899-ae87-44c7-9220-fe008daf1ff6,2026-08-25T04:30:00.000Z,2026-08-25T05:30:00.000Z,793,0.2204,74415d64-0540-460a-8f83-20eea3d7f5dc,2026-08-25T04:30:00.000Z
cabc5970-4b57-4e13-81e0-a8e301d66ef7,03d612d9-ebba-44e5-a29e-7b12b9523418,f1a42899-ae87-44c7-9220-fe008daf1ff6,2026-08-26T02:30:00.000Z,2026-08-26T03:30:00.000Z,1929,0.5357,7f1a33c4-6571-4bf6-9d77-6f21e7a49286,2026-08-26T02:30:00.000Z
5895937e-fb18-4e39-ac72-a1c0103201b9,03d612d9-ebba-44e5-a29e-7b12b9523418,f1a42899-ae87-44c7-9220-fe008daf1ff6,2026-08-26T03:30:00.000Z,2026-08-26T04:30:00.000Z,1800,0.5000,328878aa-9c99-43df-9dfe-31b1acfae808,2026-08-26T03:30:00.000Z
25f186a9-1307-4d13-9e15-c77df179c783,03d612d9-ebba-44e5-a29e-7b12b9523418,f1a42899-ae87-44c7-9220-fe008daf1ff6,2026-08-26T04:30:00.000Z,2026-08-26T05:30:00.000Z,2760,0.7667,cefe51a3-7832-49d5-9897-0b9c81b3d127,2026-08-26T04:30:00.000Z
cfe15a8d-4ee0-472f-b2dc-e40fd3682471,03d612d9-ebba-44e5-a29e-7b12b9523418,f1a42899-ae87-44c7-9220-fe008daf1ff6,2026-08-26T05:30:00.000Z,2026-08-26T06:30:00.000Z,2481,0.6893,4ddb7a73-3317-4965-9d2b-d5b33f5c5ab5,2026-08-26T05:30:00.000Z
6b80c3f6-2533-4890-aefa-56ae416891cd,03d612d9-ebba-44e5-a29e-7b12b9523418,f1a42899-ae87-44c7-9220-fe008daf1ff6,2026-08-26T06:30:00.000Z,2026-08-26T07:30:00.000Z,2619,0.7274,92f45525-bc63-47ce-8d85-745bb61ea4ea,2026-08-26T06:30:00.000Z
327f3dfe-a1eb-4802-9442-98e9166d73c5,03d612d9-ebba-44e5-a29e-7b12b9523418,f1a42899-ae87-44c7-9220-fe008daf1ff6,2026-08-26T07:30:00.000Z,2026-08-26T08:30:00.000Z,1101,0.3060,11be6e08-fcdd-462f-bffb-fbca8cdfdf8b,2026-08-26T07:30:00.000Z
5194aa51-f352-4543-bf06-b4d007a062a2,03d612d9-ebba-44e5-a29e-7b12b9523418,f1a42899-ae87-44c7-9220-fe008daf1ff6,2026-08-26T08:30:00.000Z,2026-08-26T09:30:00.000Z,450,0.1250,34ac41e2-cb90-4711-9c0a-a4700dd50b4e,2026-08-26T08:30:00.000Z
77fbd23c-e475-49b2-a364-62738947cd7a,03d612d9-ebba-44e5-a29e-7b12b9523418,bef40f92-a139-4451-80a2-8d6bf075601d,2026-08-12T02:30:00.000Z,2026-08-12T03:30:00.000Z,3540,0.9833,ecca2488-3cac-41f5-8610-a5fa3751cea3,2026-08-12T02:30:00.000Z
bfefea80-daad-4e45-b711-ee96c66b9024,03d612d9-ebba-44e5-a29e-7b12b9523418,bef40f92-a139-4451-80a2-8d6bf075601d,2026-08-12T03:30:00.000Z,2026-08-12T04:30:00.000Z,1110,0.3083,dea49fc4-ebbc-4668-b5a8-00b1bb49747b,2026-08-12T03:30:00.000Z
626c45e2-bbca-4102-945a-00387486a4d6,03d612d9-ebba-44e5-a29e-7b12b9523418,bef40f92-a139-4451-80a2-8d6bf075601d,2026-08-15T03:30:00.000Z,2026-08-15T04:30:00.000Z,1560,0.4333,0c3059b6-b1db-4dfe-af13-457733139075,2026-08-15T03:30:00.000Z
b49cc760-81fb-4c2a-85ef-b565d3286ec2,03d612d9-ebba-44e5-a29e-7b12b9523418,bef40f92-a139-4451-80a2-8d6bf075601d,2026-08-15T04:30:00.000Z,2026-08-15T05:30:00.000Z,2968,0.8245,bc14236c-eb81-4a79-9f17-d55eede79b0f,2026-08-15T04:30:00.000Z
bfd79469-3908-423e-8710-a03381dcb171,03d612d9-ebba-44e5-a29e-7b12b9523418,bef40f92-a139-4451-80a2-8d6bf075601d,2026-08-15T05:30:00.000Z,2026-08-15T06:30:00.000Z,1740,0.4833,aab1c844-0c39-40cb-9a51-a43632d2df70,2026-08-15T05:30:00.000Z
db691c20-cbd2-4fa8-9fee-501afe7e8936,03d612d9-ebba-44e5-a29e-7b12b9523418,bef40f92-a139-4451-80a2-8d6bf075601d,2026-08-15T06:30:00.000Z,2026-08-15T07:30:00.000Z,2460,0.6833,1ba7ca7f-08de-4967-b887-d94580f19a69,2026-08-15T06:30:00.000Z
ad86a4b7-6587-4d0d-8ead-707319ab8416,03d612d9-ebba-44e5-a29e-7b12b9523418,bef40f92-a139-4451-80a2-8d6bf075601d,2026-08-15T07:30:00.000Z,2026-08-15T08:30:00.000Z,1680,0.4667,8f857045-b59b-4fb0-ac9b-0ca00187a838,2026-08-15T07:30:00.000Z
f8f726d9-8849-43b1-886f-f4c2a04934ae,03d612d9-ebba-44e5-a29e-7b12b9523418,bef40f92-a139-4451-80a2-8d6bf075601d,2026-08-15T08:30:00.000Z,2026-08-15T09:30:00.000Z,422,0.1172,6ead46ba-31f0-497f-aa6d-a2b04b60d40b,2026-08-15T08:30:00.000Z
d7e39c93-ea78-4a2f-a9be-87fbe7589cbe,03d612d9-ebba-44e5-a29e-7b12b9523418,bef40f92-a139-4451-80a2-8d6bf075601d,2026-08-16T04:30:00.000Z,2026-08-16T05:30:00.000Z,2828,0.7857,84dc5911-cc18-4285-a8ad-de2bdfddb837,2026-08-16T04:30:00.000Z
560b0d57-e1bd-4bfb-9fbc-2a6714e1a714,03d612d9-ebba-44e5-a29e-7b12b9523418,bef40f92-a139-4451-80a2-8d6bf075601d,2026-08-16T05:30:00.000Z,2026-08-16T06:30:00.000Z,2160,0.6000,3315f716-3e67-4c45-8fe4-a240a75e8c62,2026-08-16T05:30:00.000Z
70717f20-b626-4496-b79c-2595c7ef3e93,03d612d9-ebba-44e5-a29e-7b12b9523418,bef40f92-a139-4451-80a2-8d6bf075601d,2026-08-16T06:30:00.000Z,2026-08-16T07:30:00.000Z,2002,0.5560,7d7c13d2-5b93-4ad9-964b-badc51070cb8,2026-08-16T06:30:00.000Z
28d563b6-6204-49f9-850f-8ac90d07d298,03d612d9-ebba-44e5-a29e-7b12b9523418,bef40f92-a139-4451-80a2-8d6bf075601d,2026-08-16T07:30:00.000Z,2026-08-16T08:30:00.000Z,2618,0.7273,db38c9a3-6865-4957-87f0-6312acfa823a,2026-08-16T07:30:00.000Z
d0edfd6b-9cf2-453b-b808-4d6450944db4,03d612d9-ebba-44e5-a29e-7b12b9523418,bef40f92-a139-4451-80a2-8d6bf075601d,2026-08-16T08:30:00.000Z,2026-08-16T09:30:00.000Z,1552,0.4310,b63264f7-6a90-4b50-a9de-c89180247f84,2026-08-16T08:30:00.000Z
c7e09581-77ea-4319-aaae-df3fba742340,03d612d9-ebba-44e5-a29e-7b12b9523418,bef40f92-a139-4451-80a2-8d6bf075601d,2026-08-16T09:30:00.000Z,2026-08-16T10:30:00.000Z,2040,0.5667,6257b041-84ea-4c68-a5db-aae6f5f614a3,2026-08-16T09:30:00.000Z
dfdf1203-4ece-4c14-a142-87000ffce339,03d612d9-ebba-44e5-a29e-7b12b9523418,bef40f92-a139-4451-80a2-8d6bf075601d,2026-08-16T10:30:00.000Z,2026-08-16T11:30:00.000Z,2408,0.6690,1a03d303-169a-490b-8fb3-d1a6e1e9bb99,2026-08-16T10:30:00.000Z
739d3de5-a0de-450a-b8fc-c3e5dc0638ae,03d612d9-ebba-44e5-a29e-7b12b9523418,bef40f92-a139-4451-80a2-8d6bf075601d,2026-08-16T11:30:00.000Z,2026-08-16T12:30:00.000Z,652,0.1810,a42729d2-f669-4dfb-9d89-1df28f7a3579,2026-08-16T11:30:00.000Z
908516ea-086d-4a2a-b5f4-7815ace6031e,03d612d9-ebba-44e5-a29e-7b12b9523418,bef40f92-a139-4451-80a2-8d6bf075601d,2026-08-17T04:30:00.000Z,2026-08-17T05:30:00.000Z,2007,0.5574,ea4786c3-779f-4113-b7cc-b0788170c70a,2026-08-17T04:30:00.000Z
38996e7c-62f9-4143-92ee-1465ce5d896b,03d612d9-ebba-44e5-a29e-7b12b9523418,bef40f92-a139-4451-80a2-8d6bf075601d,2026-08-17T05:30:00.000Z,2026-08-17T06:30:00.000Z,1833,0.5093,1de5e4a9-ed59-4da1-8301-a544d76b37be,2026-08-17T05:30:00.000Z
4cecf8d9-54bd-4f5d-9d1d-b1eb7e4ce605,03d612d9-ebba-44e5-a29e-7b12b9523418,bef40f92-a139-4451-80a2-8d6bf075601d,2026-08-17T06:30:00.000Z,2026-08-17T07:30:00.000Z,3267,0.9074,b0bfeac3-67a6-447d-b139-dc927e10c384,2026-08-17T06:30:00.000Z
46c93db0-2702-41ee-9c81-a03b45032c84,03d612d9-ebba-44e5-a29e-7b12b9523418,bef40f92-a139-4451-80a2-8d6bf075601d,2026-08-17T07:30:00.000Z,2026-08-17T08:30:00.000Z,3,0.0009,e2fe83b0-1610-44c9-aeee-2552c3c0b03b,2026-08-17T07:30:00.000Z
f648b33e-c68d-4612-b233-3175d861cc23,03d612d9-ebba-44e5-a29e-7b12b9523418,bef40f92-a139-4451-80a2-8d6bf075601d,2026-08-18T02:30:00.000Z,2026-08-18T03:30:00.000Z,363,0.1008,1ee0a6bb-b73f-4f5b-a8ab-c7c266cc09d5,2026-08-18T02:30:00.000Z
80aa4fe7-f09d-4bf3-a3f6-30e173bf98c0,03d612d9-ebba-44e5-a29e-7b12b9523418,bef40f92-a139-4451-80a2-8d6bf075601d,2026-08-18T03:30:00.000Z,2026-08-18T04:30:00.000Z,2400,0.6667,9a254b11-29e4-4b6a-a410-ee89a0ce2a22,2026-08-18T03:30:00.000Z
8fa8ee3a-a9aa-4d64-a109-72a67f5bb247,03d612d9-ebba-44e5-a29e-7b12b9523418,bef40f92-a139-4451-80a2-8d6bf075601d,2026-08-18T04:30:00.000Z,2026-08-18T05:30:00.000Z,3000,0.8333,d498e4ae-cc33-4204-a80c-cbbcdeb7d78b,2026-08-18T04:30:00.000Z
9a2a3a66-737d-4610-9b09-f4138ceb9c03,03d612d9-ebba-44e5-a29e-7b12b9523418,bef40f92-a139-4451-80a2-8d6bf075601d,2026-08-18T05:30:00.000Z,2026-08-18T06:30:00.000Z,1707,0.4742,7cb9f010-2181-4ef3-bc8d-6fe09e46e3c3,2026-08-18T05:30:00.000Z
22d295df-342d-4a33-8ba1-5bce9b7a261f,03d612d9-ebba-44e5-a29e-7b12b9523418,bef40f92-a139-4451-80a2-8d6bf075601d,2026-08-18T06:30:00.000Z,2026-08-18T07:30:00.000Z,2730,0.7583,f85d8cb8-9f2b-4b2a-9957-fdb89158888f,2026-08-18T06:30:00.000Z
aad95cd5-2492-40e2-bcf8-2228026dfd4b,03d612d9-ebba-44e5-a29e-7b12b9523418,bef40f92-a139-4451-80a2-8d6bf075601d,2026-08-19T03:30:00.000Z,2026-08-19T04:30:00.000Z,2923,0.8119,28ef7853-8366-47eb-96cf-cda8366dd59c,2026-08-19T03:30:00.000Z
92c3a815-7257-4f2f-be92-17104e30f5ba,03d612d9-ebba-44e5-a29e-7b12b9523418,bef40f92-a139-4451-80a2-8d6bf075601d,2026-08-19T04:30:00.000Z,2026-08-19T05:30:00.000Z,1860,0.5167,2b3a1e8f-a233-497d-a6d3-480550a6b714,2026-08-19T04:30:00.000Z
a0bcea9a-4f9d-4dee-8a49-45dd03150a75,03d612d9-ebba-44e5-a29e-7b12b9523418,bef40f92-a139-4451-80a2-8d6bf075601d,2026-08-19T05:30:00.000Z,2026-08-19T06:30:00.000Z,1320,0.3667,1c45cb49-0390-4b3e-bdd1-5c8e73e2f44a,2026-08-19T05:30:00.000Z
1a8d12a2-9367-4e17-a2f6-0b610a2b33ea,03d612d9-ebba-44e5-a29e-7b12b9523418,bef40f92-a139-4451-80a2-8d6bf075601d,2026-08-19T06:30:00.000Z,2026-08-19T07:30:00.000Z,2760,0.7667,38f9b7b9-b55d-4366-bc11-65fa0175d503,2026-08-19T06:30:00.000Z
1daee8c6-e6f1-44ff-803b-07cf5cfc03e9,03d612d9-ebba-44e5-a29e-7b12b9523418,bef40f92-a139-4451-80a2-8d6bf075601d,2026-08-19T07:30:00.000Z,2026-08-19T08:30:00.000Z,2147,0.5964,3e256e3b-ea2c-4c25-b285-bb100b0c5c13,2026-08-19T07:30:00.000Z
b2d4aff2-7520-406e-9505-4f06f5652df4,03d612d9-ebba-44e5-a29e-7b12b9523418,bef40f92-a139-4451-80a2-8d6bf075601d,2026-08-21T04:30:00.000Z,2026-08-21T05:30:00.000Z,2010,0.5583,b53945c5-5ba8-439f-9062-2c84fbb47c6d,2026-08-21T04:30:00.000Z
c0a86c0d-b113-484d-8962-15224b316159,03d612d9-ebba-44e5-a29e-7b12b9523418,bef40f92-a139-4451-80a2-8d6bf075601d,2026-08-21T05:30:00.000Z,2026-08-21T06:30:00.000Z,2582,0.7172,59c66602-7714-49cb-b3be-0c3dc8198dc3,2026-08-21T05:30:00.000Z
d543a39d-82f5-4301-9c5f-2ee11ec01e92,03d612d9-ebba-44e5-a29e-7b12b9523418,bef40f92-a139-4451-80a2-8d6bf075601d,2026-08-21T06:30:00.000Z,2026-08-21T07:30:00.000Z,3208,0.8911,a12db1fe-af1e-4554-8435-bf34c6fe6332,2026-08-21T06:30:00.000Z
a71ef492-a918-4bb3-a0c3-4ad6142f6952,03d612d9-ebba-44e5-a29e-7b12b9523418,bef40f92-a139-4451-80a2-8d6bf075601d,2026-08-21T07:30:00.000Z,2026-08-21T08:30:00.000Z,1952,0.5422,4f9965d3-1560-4f81-a620-eb1476245b06,2026-08-21T07:30:00.000Z
f519e7fc-4c7c-4a77-b60e-9a9107acc6cc,03d612d9-ebba-44e5-a29e-7b12b9523418,bef40f92-a139-4451-80a2-8d6bf075601d,2026-08-21T08:30:00.000Z,2026-08-21T09:30:00.000Z,1108,0.3078,b4d60d59-1f7b-4865-85ba-d885c11c4123,2026-08-21T08:30:00.000Z
ff891ce9-7ee2-4d76-9a48-2eefa1adb5f3,03d612d9-ebba-44e5-a29e-7b12b9523418,bef40f92-a139-4451-80a2-8d6bf075601d,2026-08-22T02:30:00.000Z,2026-08-22T03:30:00.000Z,1585,0.4403,967d560d-52d6-4d42-b35a-edc93538f281,2026-08-22T02:30:00.000Z
03b18326-8e60-4fb3-a2ba-7ac87b8b0208,03d612d9-ebba-44e5-a29e-7b12b9523418,bef40f92-a139-4451-80a2-8d6bf075601d,2026-08-22T03:30:00.000Z,2026-08-22T04:30:00.000Z,2105,0.5847,b94da281-2cb4-4cc9-adb4-976aa476bb59,2026-08-22T03:30:00.000Z
3ef816cb-eae0-4aba-9a32-562b6293c27b,03d612d9-ebba-44e5-a29e-7b12b9523418,bef40f92-a139-4451-80a2-8d6bf075601d,2026-08-22T04:30:00.000Z,2026-08-22T05:30:00.000Z,2820,0.7833,e1881ee9-4e85-4c5a-a6ed-fffbf7edb71e,2026-08-22T04:30:00.000Z
4b4d4300-f0be-4253-b22c-fb086030eadb,03d612d9-ebba-44e5-a29e-7b12b9523418,bef40f92-a139-4451-80a2-8d6bf075601d,2026-08-22T05:30:00.000Z,2026-08-22T06:30:00.000Z,2695,0.7486,3ca13b0d-d65b-42a3-a242-f6a7e525afa2,2026-08-22T05:30:00.000Z
1247bfc8-a1c6-474a-ada3-f8497d4c094a,03d612d9-ebba-44e5-a29e-7b12b9523418,bef40f92-a139-4451-80a2-8d6bf075601d,2026-08-22T06:30:00.000Z,2026-08-22T07:30:00.000Z,2280,0.6333,19bb9b36-0ed5-41c0-981a-ce5089fb1a97,2026-08-22T06:30:00.000Z
1be349ff-8189-46e2-a05d-9e1a68411561,03d612d9-ebba-44e5-a29e-7b12b9523418,bef40f92-a139-4451-80a2-8d6bf075601d,2026-08-22T07:30:00.000Z,2026-08-22T08:30:00.000Z,245,0.0680,fd851c85-3751-48cd-b6b2-99a9926b7c16,2026-08-22T07:30:00.000Z
76b9f742-075d-47c1-be2e-1e96618b8005,03d612d9-ebba-44e5-a29e-7b12b9523418,bef40f92-a139-4451-80a2-8d6bf075601d,2026-08-23T02:30:00.000Z,2026-08-23T03:30:00.000Z,174,0.0483,6dbc4969-8f41-4c8e-9079-0c922853ced5,2026-08-23T02:30:00.000Z
981e3a4d-c077-4b04-ab65-611ce9e2fc30,03d612d9-ebba-44e5-a29e-7b12b9523418,bef40f92-a139-4451-80a2-8d6bf075601d,2026-08-23T03:30:00.000Z,2026-08-23T04:30:00.000Z,2556,0.7100,236fb3a5-1ff6-43c2-bf11-cb80b8c4672e,2026-08-23T03:30:00.000Z
30d1b284-d367-4b78-ba3d-18e516c1229d,03d612d9-ebba-44e5-a29e-7b12b9523418,bef40f92-a139-4451-80a2-8d6bf075601d,2026-08-23T04:30:00.000Z,2026-08-23T05:30:00.000Z,1200,0.3333,9ec6bf02-e9ff-4f43-b149-9eccebdfeedc,2026-08-23T04:30:00.000Z
0a80cc7b-792f-464f-b432-34a73827aa0a,03d612d9-ebba-44e5-a29e-7b12b9523418,bef40f92-a139-4451-80a2-8d6bf075601d,2026-08-24T02:30:00.000Z,2026-08-24T03:30:00.000Z,1050,0.2917,83ddd4e1-9487-4aee-a905-17e2ede49c47,2026-08-24T02:30:00.000Z
c8c6472d-61fb-4766-a280-d26eeefdbd2a,03d612d9-ebba-44e5-a29e-7b12b9523418,bef40f92-a139-4451-80a2-8d6bf075601d,2026-08-24T03:30:00.000Z,2026-08-24T04:30:00.000Z,2942,0.8173,78ff5db9-2370-4277-a8ef-0da4d393b78d,2026-08-24T03:30:00.000Z
c264300f-a4c9-43b2-926a-cf62b0c5f360,03d612d9-ebba-44e5-a29e-7b12b9523418,bef40f92-a139-4451-80a2-8d6bf075601d,2026-08-24T04:30:00.000Z,2026-08-24T05:30:00.000Z,238,0.0661,9a194827-633b-45c8-aef6-28b8186dde0a,2026-08-24T04:30:00.000Z
92175eed-cb01-4098-b9ad-581324d75633,03d612d9-ebba-44e5-a29e-7b12b9523418,bef40f92-a139-4451-80a2-8d6bf075601d,2026-08-25T03:30:00.000Z,2026-08-25T04:30:00.000Z,2958,0.8217,8de8e269-e60e-4290-979e-60bc3d7daa4e,2026-08-25T03:30:00.000Z
47f45d79-eed5-4e78-9119-5d3dc237e9a4,03d612d9-ebba-44e5-a29e-7b12b9523418,bef40f92-a139-4451-80a2-8d6bf075601d,2026-08-25T04:30:00.000Z,2026-08-25T05:30:00.000Z,2040,0.5667,c8825c08-61d5-44d9-bf75-366de8ec3fa3,2026-08-25T04:30:00.000Z
d00147fc-f16d-4d4e-af51-9c4ffd6ac91e,03d612d9-ebba-44e5-a29e-7b12b9523418,bef40f92-a139-4451-80a2-8d6bf075601d,2026-08-25T05:30:00.000Z,2026-08-25T06:30:00.000Z,2682,0.7449,cc72e159-469c-4a6d-85aa-43ac1bea5f8b,2026-08-25T05:30:00.000Z
b96f62c6-7897-4599-9137-eea92953875f,03d612d9-ebba-44e5-a29e-7b12b9523418,bef40f92-a139-4451-80a2-8d6bf075601d,2026-08-25T06:30:00.000Z,2026-08-25T07:30:00.000Z,1440,0.4000,85efac25-cb33-4abf-9aad-51fc296d392b,2026-08-25T06:30:00.000Z
b0160c0d-d3fa-44c3-9d44-4653f59f835b,03d612d9-ebba-44e5-a29e-7b12b9523418,bef40f92-a139-4451-80a2-8d6bf075601d,2026-08-25T07:30:00.000Z,2026-08-25T08:30:00.000Z,3198,0.8884,16346112-c168-4493-b639-621701ac7d1b,2026-08-25T07:30:00.000Z
8107f5c7-7b15-4a7b-a2f2-3a1de1375c4c,03d612d9-ebba-44e5-a29e-7b12b9523418,bef40f92-a139-4451-80a2-8d6bf075601d,2026-08-25T08:30:00.000Z,2026-08-25T09:30:00.000Z,1740,0.4833,206ea2cf-4449-4dcc-99d0-bd2e73723034,2026-08-25T08:30:00.000Z
39c88066-b641-4035-bb55-940ae3ffa375,03d612d9-ebba-44e5-a29e-7b12b9523418,bef40f92-a139-4451-80a2-8d6bf075601d,2026-08-25T09:30:00.000Z,2026-08-25T10:30:00.000Z,2772,0.7699,a1948d3e-0a1c-4df4-b076-ba41d16f16e4,2026-08-25T09:30:00.000Z
0c22e644-b5c5-47ed-b071-bb954fa7f9f6,03d612d9-ebba-44e5-a29e-7b12b9523418,bef40f92-a139-4451-80a2-8d6bf075601d,2026-08-26T02:30:00.000Z,2026-08-26T03:30:00.000Z,790,0.2194,b5dc5055-7e29-4a80-b72b-2cba68f8eb2e,2026-08-26T02:30:00.000Z
5a339635-64b1-47f0-aaed-438b2a234efd,03d612d9-ebba-44e5-a29e-7b12b9523418,bef40f92-a139-4451-80a2-8d6bf075601d,2026-08-26T03:30:00.000Z,2026-08-26T04:30:00.000Z,2400,0.6667,d7c16111-ce23-48a5-8456-82bb1d421ef3,2026-08-26T03:30:00.000Z
154d97d9-4b88-4058-99e8-a5920d08cfcc,03d612d9-ebba-44e5-a29e-7b12b9523418,bef40f92-a139-4451-80a2-8d6bf075601d,2026-08-26T04:30:00.000Z,2026-08-26T05:30:00.000Z,1980,0.5500,ada7dc5a-64e2-4030-a61a-1d425e1511ea,2026-08-26T04:30:00.000Z
14ae4dae-26d4-4269-a7be-a430e9878ffd,03d612d9-ebba-44e5-a29e-7b12b9523418,bef40f92-a139-4451-80a2-8d6bf075601d,2026-08-26T05:30:00.000Z,2026-08-26T06:30:00.000Z,2820,0.7833,68c26f71-c9c9-406e-b1e3-d5d467a1d301,2026-08-26T05:30:00.000Z
4c66acda-9914-42ad-88c7-b55a19484b76,03d612d9-ebba-44e5-a29e-7b12b9523418,bef40f92-a139-4451-80a2-8d6bf075601d,2026-08-26T06:30:00.000Z,2026-08-26T07:30:00.000Z,1490,0.4139,4b41dc71-ed19-4046-a350-714d5ed898a5,2026-08-26T06:30:00.000Z
0653f97b-c048-4ca4-aaf6-8dbc5bba9e02,03d612d9-ebba-44e5-a29e-7b12b9523418,bef40f92-a139-4451-80a2-8d6bf075601d,2026-08-26T07:30:00.000Z,2026-08-26T08:30:00.000Z,3370,0.9361,77a074cd-2b8d-42d0-a1bd-9a038c9b399c,2026-08-26T07:30:00.000Z
c517c2cf-828e-48f0-8085-f31fcef3983b,03d612d9-ebba-44e5-a29e-7b12b9523418,bef40f92-a139-4451-80a2-8d6bf075601d,2026-08-26T08:30:00.000Z,2026-08-26T09:30:00.000Z,2580,0.7167,b1362cbf-394d-47cb-858e-ef31d884ebef,2026-08-26T08:30:00.000Z
83e43f3c-d488-40c7-86f7-ab8a5d2a3fbc,03d612d9-ebba-44e5-a29e-7b12b9523418,bef40f92-a139-4451-80a2-8d6bf075601d,2026-08-26T09:30:00.000Z,2026-08-26T10:30:00.000Z,350,0.0973,7c4202ca-0550-4807-9913-033f2d7cc4a0,2026-08-26T09:30:00.000Z
153c1b4c-e4b9-49e6-9f9e-8e09c0ea9fd8,03d612d9-ebba-44e5-a29e-7b12b9523418,94c794c5-8a08-496a-8d56-ad8751d26416,2026-08-12T04:30:00.000Z,2026-08-12T05:30:00.000Z,1920,0.5333,79864d74-73c3-4cfb-a5b4-aeca1e9fb9d5,2026-08-12T04:30:00.000Z
38dfb768-40b0-405d-9a3f-e1cc3decf682,03d612d9-ebba-44e5-a29e-7b12b9523418,94c794c5-8a08-496a-8d56-ad8751d26416,2026-08-12T05:30:00.000Z,2026-08-12T06:30:00.000Z,1320,0.3667,04f3542c-1aee-4b2b-9bc3-47ede0f7faa8,2026-08-12T05:30:00.000Z
97a972dd-c44f-40a5-b314-1bf9308a40d6,03d612d9-ebba-44e5-a29e-7b12b9523418,94c794c5-8a08-496a-8d56-ad8751d26416,2026-08-13T03:30:00.000Z,2026-08-13T04:30:00.000Z,191,0.0531,ed77f95a-e5ea-4d02-953b-8b799390aba1,2026-08-13T03:30:00.000Z
2bc16d21-dc4c-47cd-9b6e-3f669551b15f,03d612d9-ebba-44e5-a29e-7b12b9523418,94c794c5-8a08-496a-8d56-ad8751d26416,2026-08-13T04:30:00.000Z,2026-08-13T05:30:00.000Z,1740,0.4833,19ae5a25-ea71-40e0-9f78-e7b72a2b791d,2026-08-13T04:30:00.000Z
9e391395-2c9c-4569-83fb-67a2d8f44b3c,03d612d9-ebba-44e5-a29e-7b12b9523418,94c794c5-8a08-496a-8d56-ad8751d26416,2026-08-13T05:30:00.000Z,2026-08-13T06:30:00.000Z,199,0.0552,df2a704f-645f-4c30-9d37-e13600a3bc05,2026-08-13T05:30:00.000Z
0997e3ee-bdb0-4f95-b5bc-c0a3b7660280,03d612d9-ebba-44e5-a29e-7b12b9523418,94c794c5-8a08-496a-8d56-ad8751d26416,2026-08-15T02:30:00.000Z,2026-08-15T03:30:00.000Z,1410,0.3917,4a3e342f-3be0-4bbf-825b-1f4bad22a1fe,2026-08-15T02:30:00.000Z
1cb43944-2ec9-482a-919e-0fa864dccf7e,03d612d9-ebba-44e5-a29e-7b12b9523418,94c794c5-8a08-496a-8d56-ad8751d26416,2026-08-15T03:30:00.000Z,2026-08-15T04:30:00.000Z,2563,0.7119,358c85bf-5993-410b-b175-425e24aea077,2026-08-15T03:30:00.000Z
4d24b54e-089a-4645-b93a-5899d39675f1,03d612d9-ebba-44e5-a29e-7b12b9523418,94c794c5-8a08-496a-8d56-ad8751d26416,2026-08-15T04:30:00.000Z,2026-08-15T05:30:00.000Z,1620,0.4500,6b7a911f-6832-43f6-9c5a-4bfa3e8c43bf,2026-08-15T04:30:00.000Z
1fcdb340-717d-47e6-80e8-cdd416180530,03d612d9-ebba-44e5-a29e-7b12b9523418,94c794c5-8a08-496a-8d56-ad8751d26416,2026-08-15T05:30:00.000Z,2026-08-15T06:30:00.000Z,167,0.0464,50c2ad4f-2c0b-4116-ab23-2278aa3597ca,2026-08-15T05:30:00.000Z
b93085f3-0871-44ad-a62a-54ae7c626a5c,03d612d9-ebba-44e5-a29e-7b12b9523418,94c794c5-8a08-496a-8d56-ad8751d26416,2026-08-16T02:30:00.000Z,2026-08-16T03:30:00.000Z,1200,0.3333,5e8351e7-2d46-460b-945a-3c6fb9bf0b34,2026-08-16T02:30:00.000Z
2552767f-1cd4-4fba-8ac4-e2278f10a265,03d612d9-ebba-44e5-a29e-7b12b9523418,94c794c5-8a08-496a-8d56-ad8751d26416,2026-08-16T03:30:00.000Z,2026-08-16T04:30:00.000Z,1710,0.4750,013cfa7d-81f6-400c-bceb-acd4d6a093b6,2026-08-16T03:30:00.000Z
1000350a-e836-4e19-999f-0a281f5aa304,03d612d9-ebba-44e5-a29e-7b12b9523418,94c794c5-8a08-496a-8d56-ad8751d26416,2026-08-16T04:30:00.000Z,2026-08-16T05:30:00.000Z,1380,0.3833,f601e19c-d60b-4eca-8627-bdaf8ac78083,2026-08-16T04:30:00.000Z
c2dba23d-90f8-4061-9c06-04d79e3c1492,03d612d9-ebba-44e5-a29e-7b12b9523418,94c794c5-8a08-496a-8d56-ad8751d26416,2026-08-16T05:30:00.000Z,2026-08-16T06:30:00.000Z,1260,0.3500,97ea97e3-d27f-410e-b1e3-ef74b5ca2874,2026-08-16T05:30:00.000Z
c2d0cd1c-f51d-4301-bbd2-1b989ee47f73,03d612d9-ebba-44e5-a29e-7b12b9523418,94c794c5-8a08-496a-8d56-ad8751d26416,2026-08-17T02:30:00.000Z,2026-08-17T03:30:00.000Z,1500,0.4167,e8a55a14-d444-48fd-a4f4-d65a0c6fd773,2026-08-17T02:30:00.000Z
b5a040f8-c66c-4dad-bedb-553c6ce01421,03d612d9-ebba-44e5-a29e-7b12b9523418,94c794c5-8a08-496a-8d56-ad8751d26416,2026-08-17T03:30:00.000Z,2026-08-17T04:30:00.000Z,1530,0.4250,e228fcb1-8ef7-4304-91b2-7a0dca00fdc6,2026-08-17T03:30:00.000Z
b8f5afa2-ae4c-4bd7-b381-9b321104695c,03d612d9-ebba-44e5-a29e-7b12b9523418,94c794c5-8a08-496a-8d56-ad8751d26416,2026-08-17T04:30:00.000Z,2026-08-17T05:30:00.000Z,1260,0.3500,55e42f0b-d1c0-4fc3-b23f-363cc835e7c2,2026-08-17T04:30:00.000Z
21a86ec3-81e2-4c34-ab8e-75269bf8b728,03d612d9-ebba-44e5-a29e-7b12b9523418,94c794c5-8a08-496a-8d56-ad8751d26416,2026-08-17T05:30:00.000Z,2026-08-17T06:30:00.000Z,1590,0.4417,a69c9b35-3d76-4fd0-ab58-2fd281ce367d,2026-08-17T05:30:00.000Z
d12a6308-5257-4cb9-ae96-9eb1d797e8e8,03d612d9-ebba-44e5-a29e-7b12b9523418,94c794c5-8a08-496a-8d56-ad8751d26416,2026-08-18T02:30:00.000Z,2026-08-18T03:30:00.000Z,1290,0.3583,5031a38d-3719-4045-b064-e953ef695539,2026-08-18T02:30:00.000Z
95bf9dd2-2e4f-41a2-85ec-851469eb332c,03d612d9-ebba-44e5-a29e-7b12b9523418,94c794c5-8a08-496a-8d56-ad8751d26416,2026-08-18T03:30:00.000Z,2026-08-18T04:30:00.000Z,1080,0.3000,b3c3fd8a-3da4-4679-8c85-9139849d7726,2026-08-18T03:30:00.000Z
c564f293-62f6-4e16-8ab9-35328fd591b6,03d612d9-ebba-44e5-a29e-7b12b9523418,94c794c5-8a08-496a-8d56-ad8751d26416,2026-08-18T04:30:00.000Z,2026-08-18T05:30:00.000Z,1754,0.4874,b14b45bb-f3fd-4d1b-bd83-828fb3dac463,2026-08-18T04:30:00.000Z
198c7b39-1891-4afa-997e-40d5704ce3e4,03d612d9-ebba-44e5-a29e-7b12b9523418,94c794c5-8a08-496a-8d56-ad8751d26416,2026-08-18T05:30:00.000Z,2026-08-18T06:30:00.000Z,1996,0.5543,308e4984-2ecb-4cab-b6ba-c99c2edee70e,2026-08-18T05:30:00.000Z
f342952d-7293-47a1-a422-1228001ebbc0,03d612d9-ebba-44e5-a29e-7b12b9523418,94c794c5-8a08-496a-8d56-ad8751d26416,2026-08-18T06:30:00.000Z,2026-08-18T07:30:00.000Z,870,0.2417,55f83b17-de43-4dcb-975d-62c006499f94,2026-08-18T06:30:00.000Z
f087a5ba-9a90-4549-86d3-61b3d70ad918,03d612d9-ebba-44e5-a29e-7b12b9523418,94c794c5-8a08-496a-8d56-ad8751d26416,2026-08-19T02:30:00.000Z,2026-08-19T03:30:00.000Z,270,0.0750,ffacc359-3567-4606-b6e1-ca7357e40ae4,2026-08-19T02:30:00.000Z
9771a4ea-1346-4da7-881e-b6971a40b861,03d612d9-ebba-44e5-a29e-7b12b9523418,94c794c5-8a08-496a-8d56-ad8751d26416,2026-08-19T03:30:00.000Z,2026-08-19T04:30:00.000Z,2040,0.5667,4fd17150-c4f5-45b2-a7d5-73e42e106fdd,2026-08-19T03:30:00.000Z
d390faf3-7be8-4b6a-9429-da64ac9b7c34,03d612d9-ebba-44e5-a29e-7b12b9523418,94c794c5-8a08-496a-8d56-ad8751d26416,2026-08-19T04:30:00.000Z,2026-08-19T05:30:00.000Z,1320,0.3667,fb42ba78-4882-48bd-ab05-429b34c71420,2026-08-19T04:30:00.000Z
0e1c0740-7a9f-4713-aaa8-4b0f752707dc,03d612d9-ebba-44e5-a29e-7b12b9523418,94c794c5-8a08-496a-8d56-ad8751d26416,2026-08-19T05:30:00.000Z,2026-08-19T06:30:00.000Z,1920,0.5333,c243e806-e478-4a94-b3f7-2379cf5436dc,2026-08-19T05:30:00.000Z
c35b4651-d597-4ef1-9829-69f38ce80e5e,03d612d9-ebba-44e5-a29e-7b12b9523418,94c794c5-8a08-496a-8d56-ad8751d26416,2026-08-19T06:30:00.000Z,2026-08-19T07:30:00.000Z,1609,0.4471,a89156e6-e1f1-44e2-898b-efe6c7ca1eb8,2026-08-19T06:30:00.000Z
c3295192-8fc1-496b-a3b5-82e4c58bd085,03d612d9-ebba-44e5-a29e-7b12b9523418,94c794c5-8a08-496a-8d56-ad8751d26416,2026-08-19T07:30:00.000Z,2026-08-19T08:30:00.000Z,701,0.1946,554e051e-514c-4e64-9036-294ba9c48f39,2026-08-19T07:30:00.000Z
ca1033ab-d49b-4d87-90cb-930766efeb5a,03d612d9-ebba-44e5-a29e-7b12b9523418,94c794c5-8a08-496a-8d56-ad8751d26416,2026-08-20T04:30:00.000Z,2026-08-20T05:30:00.000Z,2190,0.6082,357ae59e-1969-41cd-9b50-0ab159efeb45,2026-08-20T04:30:00.000Z
23210891-95c3-45ca-a32d-390dab16083c,03d612d9-ebba-44e5-a29e-7b12b9523418,94c794c5-8a08-496a-8d56-ad8751d26416,2026-08-20T05:30:00.000Z,2026-08-20T06:30:00.000Z,1080,0.3001,a4d1399a-d7fa-4fde-9eaf-a36e32487383,2026-08-20T05:30:00.000Z
601ebd8f-964d-4131-bc8a-61337a32a5c3,03d612d9-ebba-44e5-a29e-7b12b9523418,94c794c5-8a08-496a-8d56-ad8751d26416,2026-08-22T04:30:00.000Z,2026-08-22T05:30:00.000Z,1410,0.3917,b42bd45b-1168-4bd7-b229-5de326255c03,2026-08-22T04:30:00.000Z
19814e61-2941-4f91-9906-02042c357405,03d612d9-ebba-44e5-a29e-7b12b9523418,94c794c5-8a08-496a-8d56-ad8751d26416,2026-08-22T05:30:00.000Z,2026-08-22T06:30:00.000Z,1620,0.4500,4644b501-6100-4ed9-8ee0-f0a98a2530d0,2026-08-22T05:30:00.000Z
95bb88fa-e7cb-4a60-80a1-d7d39d199510,03d612d9-ebba-44e5-a29e-7b12b9523418,94c794c5-8a08-496a-8d56-ad8751d26416,2026-08-22T06:30:00.000Z,2026-08-22T07:30:00.000Z,1812,0.5033,94145509-b0d4-4a28-b9e9-8a78c1c00ef6,2026-08-22T06:30:00.000Z
44aabed2-7321-4758-89a0-7e233d9daa29,03d612d9-ebba-44e5-a29e-7b12b9523418,94c794c5-8a08-496a-8d56-ad8751d26416,2026-08-22T07:30:00.000Z,2026-08-22T08:30:00.000Z,1620,0.4500,8eea8462-f5b1-4364-978d-6a962cf6e381,2026-08-22T07:30:00.000Z
66a1121b-c3dd-4641-8f02-7e067b170a64,03d612d9-ebba-44e5-a29e-7b12b9523418,94c794c5-8a08-496a-8d56-ad8751d26416,2026-08-22T08:30:00.000Z,2026-08-22T09:30:00.000Z,2358,0.6550,c6b25476-1055-41ee-a9ea-ad283b6bdbcf,2026-08-22T08:30:00.000Z
98dcd96e-1fe0-4fd6-9d62-f16fcee8264a,03d612d9-ebba-44e5-a29e-7b12b9523418,94c794c5-8a08-496a-8d56-ad8751d26416,2026-08-23T03:30:00.000Z,2026-08-23T04:30:00.000Z,174,0.0484,fa0ff59a-df8a-43a4-9d17-fad5928f897d,2026-08-23T03:30:00.000Z
b4357d94-517f-4cfe-8fad-cd238c9c83e6,03d612d9-ebba-44e5-a29e-7b12b9523418,94c794c5-8a08-496a-8d56-ad8751d26416,2026-08-23T04:30:00.000Z,2026-08-23T05:30:00.000Z,1500,0.4167,4729ed7e-0c93-40f9-9d70-23af2db8b860,2026-08-23T04:30:00.000Z
f7d5394c-5e0f-43a9-b770-9086ef1ba938,03d612d9-ebba-44e5-a29e-7b12b9523418,94c794c5-8a08-496a-8d56-ad8751d26416,2026-08-23T05:30:00.000Z,2026-08-23T06:30:00.000Z,1980,0.5500,90464e72-ba7d-423e-b925-76f1eb0333dd,2026-08-23T05:30:00.000Z
817fe3f8-0d15-4069-a0a4-8b998a9b547c,03d612d9-ebba-44e5-a29e-7b12b9523418,94c794c5-8a08-496a-8d56-ad8751d26416,2026-08-23T06:30:00.000Z,2026-08-23T07:30:00.000Z,1920,0.5333,e662e26d-9a73-4c7e-82e8-73836b56f75b,2026-08-23T06:30:00.000Z
58ceed8f-f116-4541-afde-12d1a565e1db,03d612d9-ebba-44e5-a29e-7b12b9523418,94c794c5-8a08-496a-8d56-ad8751d26416,2026-08-23T07:30:00.000Z,2026-08-23T08:30:00.000Z,1716,0.4766,d2151b91-9fd2-4806-a28a-3c25cdd023a9,2026-08-23T07:30:00.000Z
732413ba-0d25-4adf-b63d-e82c06d07956,03d612d9-ebba-44e5-a29e-7b12b9523418,94c794c5-8a08-496a-8d56-ad8751d26416,2026-08-23T08:30:00.000Z,2026-08-23T09:30:00.000Z,1440,0.4000,da1e9aec-6799-486a-8e11-7e7644d03e15,2026-08-23T08:30:00.000Z
3c150871-a001-43e1-b9e1-ba28ec114f55,03d612d9-ebba-44e5-a29e-7b12b9523418,94c794c5-8a08-496a-8d56-ad8751d26416,2026-08-24T03:30:00.000Z,2026-08-24T04:30:00.000Z,1285,0.3570,5d1c3e7e-7156-4396-b00a-d10f922af963,2026-08-24T03:30:00.000Z
408cfcf5-6e57-47db-95c3-b3bacca969a6,03d612d9-ebba-44e5-a29e-7b12b9523418,94c794c5-8a08-496a-8d56-ad8751d26416,2026-08-24T04:30:00.000Z,2026-08-24T05:30:00.000Z,1325,0.3680,93030d22-897d-499e-bd7b-db2d6aa2e879,2026-08-24T04:30:00.000Z
ef279b76-6641-4aa5-93f3-b5235ac4ebc4,03d612d9-ebba-44e5-a29e-7b12b9523418,94c794c5-8a08-496a-8d56-ad8751d26416,2026-08-25T04:30:00.000Z,2026-08-25T05:30:00.000Z,1380,0.3833,c826776f-a86e-40ba-974d-704e56d19603,2026-08-25T04:30:00.000Z
3408ee8b-caf2-46d9-b95f-cf4a97ee2dac,03d612d9-ebba-44e5-a29e-7b12b9523418,94c794c5-8a08-496a-8d56-ad8751d26416,2026-08-25T05:30:00.000Z,2026-08-25T06:30:00.000Z,1500,0.4167,6ec7a672-1bf5-4d6a-8f49-3f5b4b969bc0,2026-08-25T05:30:00.000Z
3032a0ca-29d7-4a97-8071-c6e839df134a,03d612d9-ebba-44e5-a29e-7b12b9523418,94c794c5-8a08-496a-8d56-ad8751d26416,2026-08-26T03:30:00.000Z,2026-08-26T04:30:00.000Z,840,0.2333,3ea5c584-bdc3-47f2-b07e-95467d688e52,2026-08-26T03:30:00.000Z
cfc58daf-5941-401f-95b7-137869ef5f0f,03d612d9-ebba-44e5-a29e-7b12b9523418,94c794c5-8a08-496a-8d56-ad8751d26416,2026-08-26T04:30:00.000Z,2026-08-26T05:30:00.000Z,960,0.2667,4b2a6910-a71a-4f3b-a7a0-f1e7a96b90df,2026-08-26T04:30:00.000Z
2d6b6a44-7db9-4782-8f60-7de0b8559a7e,03d612d9-ebba-44e5-a29e-7b12b9523418,94c794c5-8a08-496a-8d56-ad8751d26416,2026-08-26T05:30:00.000Z,2026-08-26T06:30:00.000Z,1590,0.4417,c5a51414-4911-490e-a54f-9347a5c96548,2026-08-26T05:30:00.000Z
af451bab-1067-47d5-a601-a7d175e6a716,03d612d9-ebba-44e5-a29e-7b12b9523418,94c794c5-8a08-496a-8d56-ad8751d26416,2026-08-26T06:30:00.000Z,2026-08-26T07:30:00.000Z,1846,0.5128,69e3c712-5149-4b5e-ac48-ea01876f9973,2026-08-26T06:30:00.000Z
a5496d07-66c8-429b-92e9-1c3286ebe59a,03d612d9-ebba-44e5-a29e-7b12b9523418,94c794c5-8a08-496a-8d56-ad8751d26416,2026-08-26T07:30:00.000Z,2026-08-26T08:30:00.000Z,1440,0.4000,f7e76d66-13e8-4cad-b792-ebab344ee672,2026-08-26T07:30:00.000Z
02e16793-1e8e-4838-8e8b-1da92c8f1e2c,03d612d9-ebba-44e5-a29e-7b12b9523418,94c794c5-8a08-496a-8d56-ad8751d26416,2026-08-26T08:30:00.000Z,2026-08-26T09:30:00.000Z,974,0.2706,ed4470c5-2955-4585-b854-103d13783d05,2026-08-26T08:30:00.000Z
4ca1d513-588c-496b-9ae7-41ad5b0e1549,03d612d9-ebba-44e5-a29e-7b12b9523418,e9536c10-23eb-408b-b3fc-d91577e235bc,2026-08-12T16:30:00.000Z,2026-08-12T17:30:00.000Z,1258,0.3496,6612c56d-8127-4bdd-bfd6-bea4cfe5ff26,2026-08-12T16:30:00.000Z
02956ca4-e4a9-4b23-a6dd-7112a1c43c96,03d612d9-ebba-44e5-a29e-7b12b9523418,e9536c10-23eb-408b-b3fc-d91577e235bc,2026-08-12T17:30:00.000Z,2026-08-12T18:30:00.000Z,1922,0.5338,51c827fb-6190-4c73-8378-cf1857f2c5be,2026-08-12T17:30:00.000Z
cef13ce9-0790-4a7f-9111-efba83bc1fce,03d612d9-ebba-44e5-a29e-7b12b9523418,e9536c10-23eb-408b-b3fc-d91577e235bc,2026-08-13T17:30:00.000Z,2026-08-13T18:30:00.000Z,45,0.0126,5b857e47-90d5-4e52-90c6-a4163a36b960,2026-08-13T17:30:00.000Z
aef726c2-1688-4d50-9fe1-426e02b27a5a,03d612d9-ebba-44e5-a29e-7b12b9523418,e9536c10-23eb-408b-b3fc-d91577e235bc,2026-08-13T18:30:00.000Z,2026-08-13T19:30:00.000Z,1785,0.4958,ad6078c9-553d-43f6-905b-5ef3799d6b3c,2026-08-13T18:30:00.000Z
ea806948-0fe2-4cad-ae03-52005016eb01,03d612d9-ebba-44e5-a29e-7b12b9523418,e9536c10-23eb-408b-b3fc-d91577e235bc,2026-08-14T17:30:00.000Z,2026-08-14T18:30:00.000Z,769,0.2135,d8c44abf-9c58-4f2d-9e53-88985e72ab16,2026-08-14T17:30:00.000Z
719201a3-ffdf-4264-a92b-fbf6c4d5e360,03d612d9-ebba-44e5-a29e-7b12b9523418,e9536c10-23eb-408b-b3fc-d91577e235bc,2026-08-14T18:30:00.000Z,2026-08-14T19:30:00.000Z,461,0.1281,9020da05-92ed-431f-ac89-e112403acb1f,2026-08-14T18:30:00.000Z
05b03eef-72b6-410c-9c23-dcc85d27ee56,03d612d9-ebba-44e5-a29e-7b12b9523418,e9536c10-23eb-408b-b3fc-d91577e235bc,2026-08-15T17:30:00.000Z,2026-08-15T18:30:00.000Z,390,0.1083,811e1505-19ef-4525-bdd5-1a6f3059fbf1,2026-08-15T17:30:00.000Z
631db52d-f338-4820-a568-752f593dae3f,03d612d9-ebba-44e5-a29e-7b12b9523418,e9536c10-23eb-408b-b3fc-d91577e235bc,2026-08-15T18:30:00.000Z,2026-08-15T19:30:00.000Z,420,0.1167,0bce38a4-067e-4b67-83bb-10114e1e6c26,2026-08-15T18:30:00.000Z
fd2615a4-4316-47dd-902b-93b243e01378,03d612d9-ebba-44e5-a29e-7b12b9523418,e9536c10-23eb-408b-b3fc-d91577e235bc,2026-08-15T19:30:00.000Z,2026-08-15T20:30:00.000Z,2010,0.5583,68edced3-3fba-42e2-8752-933f87fff662,2026-08-15T19:30:00.000Z
c29dbd01-9730-4ef9-a43f-da6c1f41bcf9,03d612d9-ebba-44e5-a29e-7b12b9523418,e9536c10-23eb-408b-b3fc-d91577e235bc,2026-08-15T20:30:00.000Z,2026-08-15T21:30:00.000Z,2880,0.8000,ce42c094-8292-41e5-aafe-7560db44c92f,2026-08-15T20:30:00.000Z
dc130948-eb94-45b6-abfb-7323b2ab2146,03d612d9-ebba-44e5-a29e-7b12b9523418,e9536c10-23eb-408b-b3fc-d91577e235bc,2026-08-16T17:30:00.000Z,2026-08-16T18:30:00.000Z,681,0.1892,155f14ef-9239-405e-b286-21873d2a74af,2026-08-16T17:30:00.000Z
05ee860a-326d-4522-b057-79d39bf81fee,03d612d9-ebba-44e5-a29e-7b12b9523418,e9536c10-23eb-408b-b3fc-d91577e235bc,2026-08-16T18:30:00.000Z,2026-08-16T19:30:00.000Z,1359,0.3774,ea26d86c-3708-4b15-ab61-3f5c136d0669,2026-08-16T18:30:00.000Z
5af237bd-fe57-4fbf-9c9c-b72221c5072a,03d612d9-ebba-44e5-a29e-7b12b9523418,e9536c10-23eb-408b-b3fc-d91577e235bc,2026-08-17T17:30:00.000Z,2026-08-17T18:30:00.000Z,810,0.2250,4a10bc64-39bb-4b58-8b1b-da261689e3bf,2026-08-17T17:30:00.000Z
264d9ed9-1d85-41a9-81bc-4a81a629a7ad,03d612d9-ebba-44e5-a29e-7b12b9523418,e9536c10-23eb-408b-b3fc-d91577e235bc,2026-08-17T18:30:00.000Z,2026-08-17T19:30:00.000Z,1920,0.5333,3ebe2dc4-be18-44f8-a50b-11e6b50775a6,2026-08-17T18:30:00.000Z
e11cb840-ec56-4283-85d0-391054a90e13,03d612d9-ebba-44e5-a29e-7b12b9523418,e9536c10-23eb-408b-b3fc-d91577e235bc,2026-08-19T17:30:00.000Z,2026-08-19T18:30:00.000Z,308,0.0856,e004a10a-6820-456a-bc50-9979ef4aface,2026-08-19T17:30:00.000Z
43ad1f6d-457c-4a93-afb6-a105594540ab,03d612d9-ebba-44e5-a29e-7b12b9523418,e9536c10-23eb-408b-b3fc-d91577e235bc,2026-08-19T18:30:00.000Z,2026-08-19T19:30:00.000Z,3600,1.0000,1ec66221-a763-4636-a3a3-7c12764e4b81,2026-08-19T18:30:00.000Z
22f2d843-f3ec-4d2e-9c8c-1c76000ae4a3,03d612d9-ebba-44e5-a29e-7b12b9523418,e9536c10-23eb-408b-b3fc-d91577e235bc,2026-08-19T19:30:00.000Z,2026-08-19T20:30:00.000Z,1260,0.3500,44e53148-4d72-49eb-90a6-ba18fceef1ff,2026-08-19T19:30:00.000Z
b27b1d8a-68a8-475a-b38b-62fe63917ba8,03d612d9-ebba-44e5-a29e-7b12b9523418,e9536c10-23eb-408b-b3fc-d91577e235bc,2026-08-19T20:30:00.000Z,2026-08-19T21:30:00.000Z,322,0.0894,a4a5ad00-9bbc-48f1-bddb-5cda98078d8f,2026-08-19T20:30:00.000Z
6ff9f8bd-2911-4632-87bc-cc053c1a3048,03d612d9-ebba-44e5-a29e-7b12b9523418,e9536c10-23eb-408b-b3fc-d91577e235bc,2026-08-22T17:30:00.000Z,2026-08-22T18:30:00.000Z,785,0.2180,4d3d7dc8-6a20-4e45-a37c-566cb4dbf2a6,2026-08-22T17:30:00.000Z
54e5a783-9cbe-433a-8573-b41d57897b91,03d612d9-ebba-44e5-a29e-7b12b9523418,e9536c10-23eb-408b-b3fc-d91577e235bc,2026-08-22T18:30:00.000Z,2026-08-22T19:30:00.000Z,1225,0.3403,96f5bfc2-7280-4a1d-b577-2b7539a559d2,2026-08-22T18:30:00.000Z
f73f17cc-7a36-4916-b625-f4431a4df2d5,03d612d9-ebba-44e5-a29e-7b12b9523418,e9536c10-23eb-408b-b3fc-d91577e235bc,2026-08-22T19:30:00.000Z,2026-08-22T20:30:00.000Z,1110,0.3083,e7335f43-1ccb-4bf7-97fa-5131a1df395f,2026-08-22T19:30:00.000Z
bf71275f-feeb-439b-bb88-3e0226921a3c,03d612d9-ebba-44e5-a29e-7b12b9523418,e9536c10-23eb-408b-b3fc-d91577e235bc,2026-08-22T20:30:00.000Z,2026-08-22T21:30:00.000Z,1145,0.3180,f587a437-9cc8-4b85-bd41-5d28a2381f41,2026-08-22T20:30:00.000Z
17e1bb3e-9718-460f-8628-5feac0848ca8,03d612d9-ebba-44e5-a29e-7b12b9523418,e9536c10-23eb-408b-b3fc-d91577e235bc,2026-08-22T21:30:00.000Z,2026-08-22T22:30:00.000Z,835,0.2320,615d4d47-b788-4b11-b691-2a5b1faf86ba,2026-08-22T21:30:00.000Z
60ee6570-6898-4084-a5be-4f6768d31a38,03d612d9-ebba-44e5-a29e-7b12b9523418,e9536c10-23eb-408b-b3fc-d91577e235bc,2026-08-23T16:30:00.000Z,2026-08-23T17:30:00.000Z,988,0.2744,d1d603e9-8585-4b2c-9012-628f839f47ab,2026-08-23T16:30:00.000Z
4594527d-e79c-48f6-bce9-b5e2b0fbf427,03d612d9-ebba-44e5-a29e-7b12b9523418,e9536c10-23eb-408b-b3fc-d91577e235bc,2026-08-23T17:30:00.000Z,2026-08-23T18:30:00.000Z,2400,0.6667,94c740b7-2f1e-485d-a794-283245ac28bd,2026-08-23T17:30:00.000Z
2e31f877-c4dc-46c7-a734-2d184de6cd74,03d612d9-ebba-44e5-a29e-7b12b9523418,e9536c10-23eb-408b-b3fc-d91577e235bc,2026-08-23T18:30:00.000Z,2026-08-23T19:30:00.000Z,332,0.0923,ca0091a2-6164-4468-9a9e-fa606cfca37a,2026-08-23T18:30:00.000Z
cb68ccac-53db-4ccc-b498-33f1022a9a26,03d612d9-ebba-44e5-a29e-7b12b9523418,e9536c10-23eb-408b-b3fc-d91577e235bc,2026-08-24T16:30:00.000Z,2026-08-24T17:30:00.000Z,1860,0.5167,168f7fc8-e72c-4d9f-a0a3-cfcfe69ec4a8,2026-08-24T16:30:00.000Z
6ed339da-45f4-42a9-b7c0-450be76259ce,03d612d9-ebba-44e5-a29e-7b12b9523418,e9536c10-23eb-408b-b3fc-d91577e235bc,2026-08-24T17:30:00.000Z,2026-08-24T18:30:00.000Z,2079,0.5774,e89a9558-e120-4302-8ffd-b3dc50774d1f,2026-08-24T17:30:00.000Z
7794b95a-0cbb-4387-a801-ce71d11e54e1,03d612d9-ebba-44e5-a29e-7b12b9523418,e9536c10-23eb-408b-b3fc-d91577e235bc,2026-08-24T18:30:00.000Z,2026-08-24T19:30:00.000Z,1911,0.5309,25fa9f25-68db-4dd8-b3c4-04e871955e27,2026-08-24T18:30:00.000Z
615800ab-4cbf-40d4-a575-7cfad495bb2f,03d612d9-ebba-44e5-a29e-7b12b9523418,e9536c10-23eb-408b-b3fc-d91577e235bc,2026-08-24T19:30:00.000Z,2026-08-24T20:30:00.000Z,2109,0.5858,d468bdc0-26f6-4da8-a92f-4e6c41d2d459,2026-08-24T19:30:00.000Z
799f6d71-cdf0-405b-bc07-1648c8662c2d,03d612d9-ebba-44e5-a29e-7b12b9523418,e9536c10-23eb-408b-b3fc-d91577e235bc,2026-08-24T20:30:00.000Z,2026-08-24T21:30:00.000Z,1011,0.2809,10d76ec7-d075-4ab5-a275-f68e667a54a2,2026-08-24T20:30:00.000Z
b9f7501c-c371-427f-886a-f155c816b1d5,03d612d9-ebba-44e5-a29e-7b12b9523418,e9536c10-23eb-408b-b3fc-d91577e235bc,2026-08-25T16:30:00.000Z,2026-08-25T17:30:00.000Z,1920,0.5333,d6381fc9-80f4-47d8-b5c5-627e6585fe77,2026-08-25T16:30:00.000Z
3aa966dc-a40f-4419-9e7d-12f9a6e4413e,03d612d9-ebba-44e5-a29e-7b12b9523418,59e5ec05-bf53-4148-a194-57d49be3373b,2026-08-12T02:30:00.000Z,2026-08-12T03:30:00.000Z,2280,0.6333,0e028f78-fffa-4cb6-977a-7ce1fc78a4a8,2026-08-12T02:30:00.000Z
16ab1784-6924-4902-9fa3-20d91e3521e0,03d612d9-ebba-44e5-a29e-7b12b9523418,59e5ec05-bf53-4148-a194-57d49be3373b,2026-08-12T03:30:00.000Z,2026-08-12T04:30:00.000Z,2712,0.7533,916c75cc-fb4e-49e8-a7b9-9de981774dd5,2026-08-12T03:30:00.000Z
0861e486-a3fa-41ab-813f-a0a099eddee3,03d612d9-ebba-44e5-a29e-7b12b9523418,59e5ec05-bf53-4148-a194-57d49be3373b,2026-08-12T04:30:00.000Z,2026-08-12T05:30:00.000Z,2340,0.6500,a0894e45-3f1f-4289-b3fc-63d3cdda171b,2026-08-12T04:30:00.000Z
3235a44d-9356-46fa-9caa-4482bad8685c,03d612d9-ebba-44e5-a29e-7b12b9523418,59e5ec05-bf53-4148-a194-57d49be3373b,2026-08-12T05:30:00.000Z,2026-08-12T06:30:00.000Z,858,0.2384,e832ddf0-1da2-4ad9-a81a-da1a117e60aa,2026-08-12T05:30:00.000Z
6bde7156-f93f-4168-9819-00a7b617cc9b,03d612d9-ebba-44e5-a29e-7b12b9523418,59e5ec05-bf53-4148-a194-57d49be3373b,2026-08-15T03:30:00.000Z,2026-08-15T04:30:00.000Z,1856,0.5155,e635c31f-460d-4ede-a4f3-ce8fc0ba39d8,2026-08-15T03:30:00.000Z
d2543850-2e77-4862-8039-21577bde9339,03d612d9-ebba-44e5-a29e-7b12b9523418,59e5ec05-bf53-4148-a194-57d49be3373b,2026-08-15T04:30:00.000Z,2026-08-15T05:30:00.000Z,2880,0.8000,20b26111-65fa-4bd9-a1c2-0bf2cb61aef4,2026-08-15T04:30:00.000Z
b528f18b-fdd4-42c2-ab36-6d4c1b669fdc,03d612d9-ebba-44e5-a29e-7b12b9523418,59e5ec05-bf53-4148-a194-57d49be3373b,2026-08-15T05:30:00.000Z,2026-08-15T06:30:00.000Z,2760,0.7667,4f679ca0-a751-48a6-a51b-9662e22bbf76,2026-08-15T05:30:00.000Z
b830fc33-9960-4e45-9712-0644edffc957,03d612d9-ebba-44e5-a29e-7b12b9523418,59e5ec05-bf53-4148-a194-57d49be3373b,2026-08-15T06:30:00.000Z,2026-08-15T07:30:00.000Z,1114,0.3095,a1a0382e-5824-4ea4-b15b-7fe99f244f34,2026-08-15T06:30:00.000Z
df090123-f699-4f69-8608-f667b957435b,03d612d9-ebba-44e5-a29e-7b12b9523418,59e5ec05-bf53-4148-a194-57d49be3373b,2026-08-15T07:30:00.000Z,2026-08-15T08:30:00.000Z,2310,0.6417,b899a6c7-2dd9-44ae-8c3b-a3a13d2b86bc,2026-08-15T07:30:00.000Z
eaccde88-320b-4ad4-b334-68dd2d067568,03d612d9-ebba-44e5-a29e-7b12b9523418,59e5ec05-bf53-4148-a194-57d49be3373b,2026-08-15T08:30:00.000Z,2026-08-15T09:30:00.000Z,3356,0.9321,a83b2c6d-6c53-4160-ad4e-c27fdfe5e39c,2026-08-15T08:30:00.000Z
24b4be9f-3c36-4728-873e-a34806d94279,03d612d9-ebba-44e5-a29e-7b12b9523418,59e5ec05-bf53-4148-a194-57d49be3373b,2026-08-15T09:30:00.000Z,2026-08-15T10:30:00.000Z,784,0.2179,d99718b1-1c17-42bb-a5e5-c9bb3a86aa07,2026-08-15T09:30:00.000Z
cd7cd583-ded0-490b-9429-77fe74032976,03d612d9-ebba-44e5-a29e-7b12b9523418,59e5ec05-bf53-4148-a194-57d49be3373b,2026-08-16T02:30:00.000Z,2026-08-16T03:30:00.000Z,384,0.1067,7bc6df8d-a80f-4d37-99c7-5299abd0bebc,2026-08-16T02:30:00.000Z
c3ee47fb-b954-40d8-8a91-986e3eca56dc,03d612d9-ebba-44e5-a29e-7b12b9523418,59e5ec05-bf53-4148-a194-57d49be3373b,2026-08-16T03:30:00.000Z,2026-08-16T04:30:00.000Z,2520,0.7000,95bc6605-ea82-4300-a1b7-736438e4c21b,2026-08-16T03:30:00.000Z
a1b07da7-c12c-4fab-ab00-53dc7bba0132,03d612d9-ebba-44e5-a29e-7b12b9523418,59e5ec05-bf53-4148-a194-57d49be3373b,2026-08-16T04:30:00.000Z,2026-08-16T05:30:00.000Z,2526,0.7017,9f8a04f7-44c8-4540-9bd2-bb9da28179d5,2026-08-16T04:30:00.000Z
5124003e-185f-47c4-a0d1-b154b7dac98d,03d612d9-ebba-44e5-a29e-7b12b9523418,59e5ec05-bf53-4148-a194-57d49be3373b,2026-08-16T05:30:00.000Z,2026-08-16T06:30:00.000Z,2070,0.5750,78625973-f902-4673-af53-fc9192d376b0,2026-08-16T05:30:00.000Z
d3933174-cf8e-4ce0-93b6-c3800dd951e0,03d612d9-ebba-44e5-a29e-7b12b9523418,59e5ec05-bf53-4148-a194-57d49be3373b,2026-08-16T06:30:00.000Z,2026-08-16T07:30:00.000Z,1290,0.3583,3c6b6c91-d269-44ae-9b3f-f7899e99174f,2026-08-16T06:30:00.000Z
1248565a-e276-4da8-95f7-d1ce381610b9,03d612d9-ebba-44e5-a29e-7b12b9523418,59e5ec05-bf53-4148-a194-57d49be3373b,2026-08-16T07:30:00.000Z,2026-08-16T08:30:00.000Z,3114,0.8650,25928fef-b2d5-41d0-98d5-1b9b3c5a9106,2026-08-16T07:30:00.000Z
517a9fa6-aca6-44c8-a98c-0969f2938802,03d612d9-ebba-44e5-a29e-7b12b9523418,59e5ec05-bf53-4148-a194-57d49be3373b,2026-08-16T08:30:00.000Z,2026-08-16T09:30:00.000Z,1140,0.3167,1215d1bf-899c-4549-a8c8-f1cd20d80452,2026-08-16T08:30:00.000Z
05ba5033-1c56-44f5-b8fd-1263ae9f529e,03d612d9-ebba-44e5-a29e-7b12b9523418,59e5ec05-bf53-4148-a194-57d49be3373b,2026-08-16T09:30:00.000Z,2026-08-16T10:30:00.000Z,1626,0.4517,ef5fdb6e-fbe8-42a8-9246-4d6d0e99b01b,2026-08-16T09:30:00.000Z
5921a1df-707a-43dc-81b8-f6b7b31c6cf0,03d612d9-ebba-44e5-a29e-7b12b9523418,59e5ec05-bf53-4148-a194-57d49be3373b,2026-08-17T04:30:00.000Z,2026-08-17T05:30:00.000Z,2280,0.6333,2a705bbc-2305-4f71-9239-4e7f7f25c548,2026-08-17T04:30:00.000Z
5e2e02dd-ea8e-44f0-9722-b60065281d77,03d612d9-ebba-44e5-a29e-7b12b9523418,59e5ec05-bf53-4148-a194-57d49be3373b,2026-08-17T05:30:00.000Z,2026-08-17T06:30:00.000Z,2768,0.7688,890e95db-f67f-454c-85b4-8f1b0c6631c8,2026-08-17T05:30:00.000Z
2345753b-c04b-4fbf-a480-6d5c8e57387c,03d612d9-ebba-44e5-a29e-7b12b9523418,59e5ec05-bf53-4148-a194-57d49be3373b,2026-08-17T06:30:00.000Z,2026-08-17T07:30:00.000Z,2482,0.6896,51cde4f7-8a7a-47f3-bf5e-3c3a69125493,2026-08-17T06:30:00.000Z
5cad0b53-e2cd-400a-a9cd-2a7a195c0cd8,03d612d9-ebba-44e5-a29e-7b12b9523418,59e5ec05-bf53-4148-a194-57d49be3373b,2026-08-17T07:30:00.000Z,2026-08-17T08:30:00.000Z,1298,0.3604,219d6a89-e967-454b-b680-4c037bdc0bc3,2026-08-17T07:30:00.000Z
8c363e12-7442-4ec6-9e5f-f91ae44a8e30,03d612d9-ebba-44e5-a29e-7b12b9523418,59e5ec05-bf53-4148-a194-57d49be3373b,2026-08-17T08:30:00.000Z,2026-08-17T09:30:00.000Z,532,0.1479,55a113ee-d06d-4f69-aa11-c0a3906baa90,2026-08-17T08:30:00.000Z
b9e3b8eb-7071-42e0-9d74-d0c906a392b5,03d612d9-ebba-44e5-a29e-7b12b9523418,59e5ec05-bf53-4148-a194-57d49be3373b,2026-08-19T04:30:00.000Z,2026-08-19T05:30:00.000Z,720,0.2000,d67668ec-16fe-4319-9dc8-d79215462451,2026-08-19T04:30:00.000Z
22b543a3-f576-4615-a3f9-616b0d236a7d,03d612d9-ebba-44e5-a29e-7b12b9523418,59e5ec05-bf53-4148-a194-57d49be3373b,2026-08-19T05:30:00.000Z,2026-08-19T06:30:00.000Z,2160,0.5999,332a2b72-2893-4024-8c08-ef8cf113fa03,2026-08-19T05:30:00.000Z
a8d9774f-3f9e-407a-a502-919fd60a622b,03d612d9-ebba-44e5-a29e-7b12b9523418,59e5ec05-bf53-4148-a194-57d49be3373b,2026-08-19T06:30:00.000Z,2026-08-19T07:30:00.000Z,3030,0.8418,98952210-6b52-4e56-ba3f-a6e3057e4868,2026-08-19T06:30:00.000Z
0b455caa-50b9-4ac7-93bb-a04cb4e086a5,03d612d9-ebba-44e5-a29e-7b12b9523418,59e5ec05-bf53-4148-a194-57d49be3373b,2026-08-22T02:30:00.000Z,2026-08-22T03:30:00.000Z,2160,0.6000,5fd92c21-79ce-4177-b493-21972e3b003d,2026-08-22T02:30:00.000Z
cf8607cf-53b0-4b17-8aa0-ef7a9682ca82,03d612d9-ebba-44e5-a29e-7b12b9523418,59e5ec05-bf53-4148-a194-57d49be3373b,2026-08-22T03:30:00.000Z,2026-08-22T04:30:00.000Z,1428,0.3965,a7fcb8f8-aa69-4eb5-96e4-46034c7e4225,2026-08-22T03:30:00.000Z
cb062f8e-1693-4295-88f0-9b020e5845da,03d612d9-ebba-44e5-a29e-7b12b9523418,59e5ec05-bf53-4148-a194-57d49be3373b,2026-08-22T04:30:00.000Z,2026-08-22T05:30:00.000Z,2712,0.7535,c7970cdf-49f2-410f-9f02-719aaa942c27,2026-08-22T04:30:00.000Z
0f777ff2-a29e-4596-80f0-64c0c6c3eb96,03d612d9-ebba-44e5-a29e-7b12b9523418,59e5ec05-bf53-4148-a194-57d49be3373b,2026-08-23T02:30:00.000Z,2026-08-23T03:30:00.000Z,450,0.1250,ec369b0a-1b30-46b2-924d-b7c5f68a5db5,2026-08-23T02:30:00.000Z
e9adb6bb-6ca3-4897-8bf3-407339dedaba,03d612d9-ebba-44e5-a29e-7b12b9523418,59e5ec05-bf53-4148-a194-57d49be3373b,2026-08-23T03:30:00.000Z,2026-08-23T04:30:00.000Z,2332,0.6477,e76573ca-1e90-4620-b94a-59b0db93f4bc,2026-08-23T03:30:00.000Z
a2a3e926-343b-4b18-ba69-4855ff3bafe5,03d612d9-ebba-44e5-a29e-7b12b9523418,59e5ec05-bf53-4148-a194-57d49be3373b,2026-08-23T04:30:00.000Z,2026-08-23T05:30:00.000Z,2708,0.7523,e7d0e841-93d6-41d2-bf4d-d76029b8e0d5,2026-08-23T04:30:00.000Z
d979a7ba-2c7b-4761-bed0-d6cb5d54d80b,03d612d9-ebba-44e5-a29e-7b12b9523418,59e5ec05-bf53-4148-a194-57d49be3373b,2026-08-23T05:30:00.000Z,2026-08-23T06:30:00.000Z,2512,0.6977,5acd2548-0a8e-42f4-9408-88dda7e319a2,2026-08-23T05:30:00.000Z
287110e8-1324-49df-b625-e42eafd4df2e,03d612d9-ebba-44e5-a29e-7b12b9523418,59e5ec05-bf53-4148-a194-57d49be3373b,2026-08-23T06:30:00.000Z,2026-08-23T07:30:00.000Z,2258,0.6273,3b6329a3-6e1e-4504-aad0-ba9327b682e3,2026-08-23T06:30:00.000Z
e4cdd748-3c46-401d-ae0d-9fd856e732de,03d612d9-ebba-44e5-a29e-7b12b9523418,59e5ec05-bf53-4148-a194-57d49be3373b,2026-08-23T07:30:00.000Z,2026-08-23T08:30:00.000Z,1642,0.4560,ab326f9a-4fda-4c14-83d2-f364d3f203cf,2026-08-23T07:30:00.000Z
7fd098f4-56cb-428a-b06b-d142eec4c6eb,03d612d9-ebba-44e5-a29e-7b12b9523418,59e5ec05-bf53-4148-a194-57d49be3373b,2026-08-23T08:30:00.000Z,2026-08-23T09:30:00.000Z,1688,0.4690,3a83d63b-3133-4ac0-8b1d-51e6ce762fb6,2026-08-23T08:30:00.000Z
9b91657a-83ce-470c-a1d6-d7871e3f95a2,03d612d9-ebba-44e5-a29e-7b12b9523418,59e5ec05-bf53-4148-a194-57d49be3373b,2026-08-24T02:30:00.000Z,2026-08-24T03:30:00.000Z,908,0.2522,37efad70-6f52-4af2-b820-f4ccdb7db9ed,2026-08-24T02:30:00.000Z
d218ade0-e860-42e8-8e36-a848a69f4dad,03d612d9-ebba-44e5-a29e-7b12b9523418,59e5ec05-bf53-4148-a194-57d49be3373b,2026-08-24T03:30:00.000Z,2026-08-24T04:30:00.000Z,1800,0.5000,8a4c6462-416f-43c2-a899-23fef7be48ea,2026-08-24T03:30:00.000Z
be92148c-87d6-4a61-a75b-e129ec270807,03d612d9-ebba-44e5-a29e-7b12b9523418,59e5ec05-bf53-4148-a194-57d49be3373b,2026-08-24T04:30:00.000Z,2026-08-24T05:30:00.000Z,3172,0.8811,1ae70f80-2f65-494f-8f0b-5ba38783e1d1,2026-08-24T04:30:00.000Z
bb6a5e74-267a-4fe3-89c2-43352a706623,03d612d9-ebba-44e5-a29e-7b12b9523418,59e5ec05-bf53-4148-a194-57d49be3373b,2026-08-24T05:30:00.000Z,2026-08-24T06:30:00.000Z,1740,0.4833,9cd757f1-81f8-4030-890a-ca211474b5a5,2026-08-24T05:30:00.000Z
e773c6ef-29a9-4a93-914d-4d7139acf01e,03d612d9-ebba-44e5-a29e-7b12b9523418,59e5ec05-bf53-4148-a194-57d49be3373b,2026-08-24T06:30:00.000Z,2026-08-24T07:30:00.000Z,2408,0.6689,bc9e64e9-de35-4fbd-8fe4-0c66962eaa44,2026-08-24T06:30:00.000Z
809ba990-68f8-4f6e-a739-627a184207fe,03d612d9-ebba-44e5-a29e-7b12b9523418,59e5ec05-bf53-4148-a194-57d49be3373b,2026-08-24T07:30:00.000Z,2026-08-24T08:30:00.000Z,1972,0.5478,c6236a84-8bf3-43bf-a977-db8e44423039,2026-08-24T07:30:00.000Z
d95d3d0b-7820-4248-9b57-ab75a1649a3c,03d612d9-ebba-44e5-a29e-7b12b9523418,59e5ec05-bf53-4148-a194-57d49be3373b,2026-08-25T03:30:00.000Z,2026-08-25T04:30:00.000Z,2070,0.5750,2be137b7-ce66-4e86-9599-0e662c9c9dec,2026-08-25T03:30:00.000Z
a3c7a58f-308e-42c0-8a83-3c2cf88c7ff8,03d612d9-ebba-44e5-a29e-7b12b9523418,59e5ec05-bf53-4148-a194-57d49be3373b,2026-08-25T04:30:00.000Z,2026-08-25T05:30:00.000Z,2962,0.8229,60131cc1-a1c8-4ae7-9261-6118103afff2,2026-08-25T04:30:00.000Z
798d908c-c504-4668-b3b8-04d38804d434,03d612d9-ebba-44e5-a29e-7b12b9523418,59e5ec05-bf53-4148-a194-57d49be3373b,2026-08-25T05:30:00.000Z,2026-08-25T06:30:00.000Z,2048,0.5688,6a09a068-d068-460a-aa7b-729e7c0640f6,2026-08-25T05:30:00.000Z
00e87ebc-7ce9-44a4-979a-6dbfa1b22fb7,03d612d9-ebba-44e5-a29e-7b12b9523418,59e5ec05-bf53-4148-a194-57d49be3373b,2026-08-25T06:30:00.000Z,2026-08-25T07:30:00.000Z,1530,0.4250,dd4df83a-31dc-4d89-b2cf-32ae92f41a32,2026-08-25T06:30:00.000Z
e9841681-70fb-49f2-ab45-76864fa47f8e,03d612d9-ebba-44e5-a29e-7b12b9523418,59e5ec05-bf53-4148-a194-57d49be3373b,2026-08-26T03:30:00.000Z,2026-08-26T04:30:00.000Z,2310,0.6417,d25920ed-5123-494e-9813-b1b826a0fea7,2026-08-26T03:30:00.000Z
931af9f9-b914-44f3-ad44-723ad02220d0,03d612d9-ebba-44e5-a29e-7b12b9523418,59e5ec05-bf53-4148-a194-57d49be3373b,2026-08-26T04:30:00.000Z,2026-08-26T05:30:00.000Z,2336,0.6490,fb780a28-8fd8-48fa-8deb-1b21bd24bf81,2026-08-26T04:30:00.000Z
cd68f52b-cce1-4280-ac6f-b99da80737bd,03d612d9-ebba-44e5-a29e-7b12b9523418,59e5ec05-bf53-4148-a194-57d49be3373b,2026-08-26T05:30:00.000Z,2026-08-26T06:30:00.000Z,1500,0.4167,a36880e2-4566-4e03-b550-074275a67629,2026-08-26T05:30:00.000Z
eea7e111-229e-4b9f-9b2a-fe680a202246,03d612d9-ebba-44e5-a29e-7b12b9523418,59e5ec05-bf53-4148-a194-57d49be3373b,2026-08-26T06:30:00.000Z,2026-08-26T07:30:00.000Z,1260,0.3500,dd058e6e-df62-4594-a108-2babcd102916,2026-08-26T06:30:00.000Z
36c67900-5d82-4de3-ac42-78f979caab57,03d612d9-ebba-44e5-a29e-7b12b9523418,59e5ec05-bf53-4148-a194-57d49be3373b,2026-08-26T07:30:00.000Z,2026-08-26T08:30:00.000Z,3484,0.9677,b90c2385-8136-4905-a51b-7f14c8d78148,2026-08-26T07:30:00.000Z
15fbc196-a53e-44b6-8763-6f4ab98d2a3e,03d612d9-ebba-44e5-a29e-7b12b9523418,4508a6d6-8ce7-4d4e-a2df-ae3edcfa210c,2026-08-15T02:30:00.000Z,2026-08-15T03:30:00.000Z,570,0.1583,0f41f042-3da7-48ef-8e83-5e8b9ad6f3af,2026-08-15T02:30:00.000Z
0da6652e-1c71-4af9-ae72-a600a6e05947,03d612d9-ebba-44e5-a29e-7b12b9523418,4508a6d6-8ce7-4d4e-a2df-ae3edcfa210c,2026-08-15T03:30:00.000Z,2026-08-15T04:30:00.000Z,420,0.1167,c27275ed-0689-4306-9775-393b082f0df8,2026-08-15T03:30:00.000Z
800bf5e6-fa2d-4328-9b1e-e7ac31bd4f56,03d612d9-ebba-44e5-a29e-7b12b9523418,4508a6d6-8ce7-4d4e-a2df-ae3edcfa210c,2026-08-16T02:30:00.000Z,2026-08-16T03:30:00.000Z,570,0.1583,afaec7ad-15b8-4d60-a8a3-4eab4046173c,2026-08-16T02:30:00.000Z
b1452d70-fc29-4fe8-9cce-6127ccd9f881,03d612d9-ebba-44e5-a29e-7b12b9523418,4508a6d6-8ce7-4d4e-a2df-ae3edcfa210c,2026-08-16T03:30:00.000Z,2026-08-16T04:30:00.000Z,480,0.1333,57657e72-e812-4736-8a45-e209d2dfc788,2026-08-16T03:30:00.000Z
ad9f8348-0e49-45dc-b873-f5939654bf52,03d612d9-ebba-44e5-a29e-7b12b9523418,4508a6d6-8ce7-4d4e-a2df-ae3edcfa210c,2026-08-17T03:30:00.000Z,2026-08-17T04:30:00.000Z,326,0.0905,da73d347-bdd5-4eb0-b728-66af2d15582a,2026-08-17T03:30:00.000Z
d32577ee-5129-4d41-ae8c-48f95f120c24,03d612d9-ebba-44e5-a29e-7b12b9523418,4508a6d6-8ce7-4d4e-a2df-ae3edcfa210c,2026-08-17T04:30:00.000Z,2026-08-17T05:30:00.000Z,2820,0.7833,848b58d7-c924-4a75-acb2-147ad81ecfc8,2026-08-17T04:30:00.000Z
af82f4cc-8be7-4814-beec-7f7a4bcdaac2,03d612d9-ebba-44e5-a29e-7b12b9523418,4508a6d6-8ce7-4d4e-a2df-ae3edcfa210c,2026-08-17T05:30:00.000Z,2026-08-17T06:30:00.000Z,1414,0.3929,ce8820f7-600e-4481-97b9-9fbe9b4d6278,2026-08-17T05:30:00.000Z
1973cfdc-400c-4272-af09-ccb1263885f8,03d612d9-ebba-44e5-a29e-7b12b9523418,4508a6d6-8ce7-4d4e-a2df-ae3edcfa210c,2026-08-17T06:30:00.000Z,2026-08-17T07:30:00.000Z,1320,0.3667,dc61b2f2-c0cd-4a91-a7a1-05c07ed30f34,2026-08-17T06:30:00.000Z