28265c35-4969-432b-9bf3-5f9ee0e3691b,50096a74-3a5d-4c9f-a5ed-4895fa19e8ae,24961387-6e66-401a-8eed-81c93849dff8,2026-07-27T05:02:38.323Z,2026-07-27T05:07:08.323Z,265,f,2026-07-27T05:02:38.323Z
cf489d49-3bc6-4272-8096-42b1c098fa63,50096a74-3a5d-4c9f-a5ed-4895fa19e8ae,24961387-6e66-401a-8eed-81c93849dff8,2026-07-28T03:38:05.200Z,2026-07-28T03:42:05.200Z,213,f,2026-07-28T03:38:05.200Z
386e000b-8182-403c-b7e6-9cb7d24f4742,50096a74-3a5d-4c9f-a5ed-4895fa19e8ae,24961387-6e66-401a-8eed-81c93849dff8,2026-07-28T04:50:05.200Z,2026-07-28T04:53:35.200Z,185,f,2026-07-28T04:50:05.200Z
f19111b8-684e-499b-b490-3195bd81f7c6,50096a74-3a5d-4c9f-a5ed-4895fa19e8ae,24961387-6e66-401a-8eed-81c93849dff8,2026-07-28T05:42:35.200Z,2026-07-28T05:47:05.200Z,263,f,2026-07-28T05:42:35.200Z
6c339fa2-6ea9-4ed0-9d2c-ca35d89898a1,50096a74-3a5d-4c9f-a5ed-4895fa19e8ae,24961387-6e66-401a-8eed-81c93849dff8,2026-07-28T08:07:05.200Z,2026-07-28T08:12:05.200Z,288,f,2026-07-28T08:07:05.200Z
bb4f18cc-a327-4cc0-b395-f060c806ed95,50096a74-3a5d-4c9f-a5ed-4895fa19e8ae,24961387-6e66-401a-8eed-81c93849dff8,2026-07-29T04:23:38.570Z,2026-07-29T04:28:38.570Z,288,f,2026-07-29T04:23:38.570Z
7cfbd1b6-d83c-4a53-8785-1c85324aed75,50096a74-3a5d-4c9f-a5ed-4895fa19e8ae,24961387-6e66-401a-8eed-81c93849dff8,2026-07-29T05:29:08.570Z,2026-07-29T05:34:08.570Z,271,f,2026-07-29T05:29:08.570Z
1be5fb0e-272f-423e-84fc-fcfca22db1e5,50096a74-3a5d-4c9f-a5ed-4895fa19e8ae,24961387-6e66-401a-8eed-81c93849dff8,2026-08-01T03:29:50.591Z,2026-08-01T03:34:20.591Z,244,f,2026-08-01T03:29:50.591Z
5ed0750c-b8ff-40c2-9aeb-158ab66f6295,50096a74-3a5d-4c9f-a5ed-4895fa19e8ae,24961387-6e66-401a-8eed-81c93849dff8,2026-08-01T06:33:50.591Z,2026-08-01T06:37:20.591Z,210,f,2026-08-01T06:33:50.591Z
73aced27-2124-4a69-abbf-251181ab882b,50096a74-3a5d-4c9f-a5ed-4895fa19e8ae,24961387-6e66-401a-8eed-81c93849dff8,2026-08-01T07:38:20.591Z,2026-08-01T07:42:20.591Z,233,f,2026-08-01T07:38:20.591Z
3155e5a3-6eb5-4035-ba62-09e5bf256049,50096a74-3a5d-4c9f-a5ed-4895fa19e8ae,24961387-6e66-401a-8eed-81c93849dff8,2026-08-03T03:02:48.777Z,2026-08-03T03:07:48.777Z,289,f,2026-08-03T03:02:48.777Z
b6f35d67-115f-473e-a38a-0384aede68e4,50096a74-3a5d-4c9f-a5ed-4895fa19e8ae,24961387-6e66-401a-8eed-81c93849dff8,2026-08-03T04:21:18.777Z,2026-08-03T04:24:48.777Z,203,f,2026-08-03T04:21:18.777Z
d8f83726-985c-4059-a971-c46fa335e1d2,50096a74-3a5d-4c9f-a5ed-4895fa19e8ae,24961387-6e66-401a-8eed-81c93849dff8,2026-08-03T05:12:48.777Z,2026-08-03T05:17:18.777Z,253,f,2026-08-03T05:12:48.777Z
56f8a1ad-4519-4f1d-99b9-f63191802f44,50096a74-3a5d-4c9f-a5ed-4895fa19e8ae,24961387-6e66-401a-8eed-81c93849dff8,2026-08-04T05:35:13.159Z,2026-08-04T05:39:13.159Z,235,f,2026-08-04T05:35:13.159Z
9b603dba-c841-4b38-bea9-3c90bb2a3069,50096a74-3a5d-4c9f-a5ed-4895fa19e8ae,24961387-6e66-401a-8eed-81c93849dff8,2026-08-04T07:25:43.159Z,2026-08-04T07:30:13.159Z,265,f,2026-08-04T07:25:43.159Z
df652a07-2e84-40a2-9a01-3c1e227f57e1,50096a74-3a5d-4c9f-a5ed-4895fa19e8ae,24961387-6e66-401a-8eed-81c93849dff8,2026-08-05T04:41:53.084Z,2026-08-05T04:45:53.084Z,233,f,2026-08-05T04:41:53.084Z
1899f6d0-d9f7-4e6a-aa84-82cf729e7c27,50096a74-3a5d-4c9f-a5ed-4895fa19e8ae,24961387-6e66-401a-8eed-81c93849dff8,2026-08-05T05:23:23.084Z,2026-08-05T05:27:23.084Z,219,f,2026-08-05T05:23:23.084Z
2b7f1cd0-e998-4094-8168-84a5db82587e,50096a74-3a5d-4c9f-a5ed-4895fa19e8ae,24961387-6e66-401a-8eed-81c93849dff8,2026-08-05T06:12:53.084Z,2026-08-05T06:16:53.084Z,218,f,2026-08-05T06:12:53.084Z
c533ceab-cd92-4e30-bf09-a788c12b7301,50096a74-3a5d-4c9f-a5ed-4895fa19e8ae,24961387-6e66-401a-8eed-81c93849dff8,2026-08-05T07:05:53.084Z,2026-08-05T07:10:53.084Z,296,f,2026-08-05T07:05:53.084Z
ad26c08d-dd47-4c1c-a410-5c92bb46d7f8,50096a74-3a5d-4c9f-a5ed-4895fa19e8ae,24961387-6e66-401a-8eed-81c93849dff8,2026-08-08T04:02:34.684Z,2026-08-08T04:07:04.684Z,267,f,2026-08-08T04:02:34.684Z
0b963cdb-7832-4a18-bcad-7bb6f2b764ee,50096a74-3a5d-4c9f-a5ed-4895fa19e8ae,24961387-6e66-401a-8eed-81c93849dff8,2026-08-09T03:28:37.446Z,2026-08-09T03:33:37.446Z,290,f,2026-08-09T03:28:37.446Z
746c5646-8572-4a88-9342-e922f07282a2,50096a74-3a5d-4c9f-a5ed-4895fa19e8ae,24961387-6e66-401a-8eed-81c93849dff8,2026-08-10T04:14:08.337Z,2026-08-10T04:19:08.337Z,295,f,2026-08-10T04:14:08.337Z
e6684dde-23c3-4cbc-a18d-0e0dfd573991,50096a74-3a5d-4c9f-a5ed-4895fa19e8ae,24961387-6e66-401a-8eed-81c93849dff8,2026-08-10T06:40:38.337Z,2026-08-10T06:44:08.337Z,207,f,2026-08-10T06:40:38.337Z
0ab9cb80-0b88-45f9-9338-5710dbdfbf74,50096a74-3a5d-4c9f-a5ed-4895fa19e8ae,24961387-6e66-401a-8eed-81c93849dff8,2026-08-11T03:57:21.832Z,2026-08-11T04:01:51.832Z,254,f,2026-08-11T03:57:21.832Z
c91400ed-ecbd-4d8a-b2bc-103833c6b217,50096a74-3a5d-4c9f-a5ed-4895fa19e8ae,24961387-6e66-401a-8eed-81c93849dff8,2026-08-11T04:46:21.832Z,2026-08-11T04:51:21.832Z,289,f,2026-08-11T04:46:21.832Z
04485eb2-497b-4ab6-a531-8c1fc723cf19,50096a74-3a5d-4c9f-a5ed-4895fa19e8ae,24961387-6e66-401a-8eed-81c93849dff8,2026-08-12T04:12:30.203Z,2026-08-12T04:16:00.203Z,202,f,2026-08-12T04:12:30.203Z
3db927e7-bab4-4985-83c6-4ea6d7c37145,50096a74-3a5d-4c9f-a5ed-4895fa19e8ae,24961387-6e66-401a-8eed-81c93849dff8,2026-08-12T05:52:00.203Z,2026-08-12T05:55:30.203Z,182,f,2026-08-12T05:52:00.203Z
ec28a545-aaf4-4301-9e93-42ce43f848df,50096a74-3a5d-4c9f-a5ed-4895fa19e8ae,24961387-6e66-401a-8eed-81c93849dff8,2026-08-13T04:52:06.331Z,2026-08-13T04:55:36.331Z,196,f,2026-08-13T04:52:06.331Z
b6548525-02d9-4cca-9404-4b1260f88430,50096a74-3a5d-4c9f-a5ed-4895fa19e8ae,24961387-6e66-401a-8eed-81c93849dff8,2026-08-15T05:37:20.673Z,2026-08-15T05:40:50.673Z,184,f,2026-08-15T05:37:20.673Z
2910ce13-ef43-4c86-ab09-f33a16bae237,50096a74-3a5d-4c9f-a5ed-4895fa19e8ae,24961387-6e66-401a-8eed-81c93849dff8,2026-08-16T04:32:22.612Z,2026-08-16T04:36:22.612Z,224,f,2026-08-16T04:32:22.612Z
0c371099-0f0e-4d6e-b71d-c598d4c2ba62,50096a74-3a5d-4c9f-a5ed-4895fa19e8ae,24961387-6e66-401a-8eed-81c93849dff8,2026-08-18T07:24:09.416Z,2026-08-18T07:27:39.416Z,209,f,2026-08-18T07:24:09.416Z
9aca9b22-80aa-4fd1-b411-37322abda561,50096a74-3a5d-4c9f-a5ed-4895fa19e8ae,24961387-6e66-401a-8eed-81c93849dff8,2026-08-19T06:12:11.142Z,2026-08-19T06:17:11.142Z,291,f,2026-08-19T06:12:11.142Z
63a592d8-0b81-4e9e-8256-94dd45a75e28,50096a74-3a5d-4c9f-a5ed-4895fa19e8ae,24961387-6e66-401a-8eed-81c93849dff8,2026-08-19T07:00:11.142Z,2026-08-19T07:04:41.142Z,251,f,2026-08-19T07:00:11.142Z
089f7208-54e5-4714-be3f-da9eb86b8c89,50096a74-3a5d-4c9f-a5ed-4895fa19e8ae,24961387-6e66-401a-8eed-81c93849dff8,2026-08-22T04:16:39.125Z,2026-08-22T04:21:09.125Z,260,f,2026-08-22T04:16:39.125Z
24c6d7c1-df09-4a93-b295-09d211e31ae1,50096a74-3a5d-4c9f-a5ed-4895fa19e8ae,24961387-6e66-401a-8eed-81c93849dff8,2026-08-22T05:19:09.125Z,2026-08-22T05:23:39.125Z,270,f,2026-08-22T05:19:09.125Z
c1e68253-fc4f-4ff6-84f8-67cd9727a300,50096a74-3a5d-4c9f-a5ed-4895fa19e8ae,24961387-6e66-401a-8eed-81c93849dff8,2026-08-23T04:33:18.392Z,2026-08-23T04:38:18.392Z,290,f,2026-08-23T04:33:18.392Z
f24ad105-4e62-462a-8764-d5e0d4d94fa9,50096a74-3a5d-4c9f-a5ed-4895fa19e8ae,24961387-6e66-401a-8eed-81c93849dff8,2026-08-23T05:19:48.392Z,2026-08-23T05:23:48.392Z,234,f,2026-08-23T05:19:48.392Z
f6faf4cd-453d-48b0-a829-38207344ae87,50096a74-3a5d-4c9f-a5ed-4895fa19e8ae,24961387-6e66-401a-8eed-81c93849dff8,2026-08-23T06:57:18.392Z,2026-08-23T07:00:48.392Z,197,f,2026-08-23T06:57:18.392Z
05a6a8c9-6db7-49e2-8cdd-eb1c306d4649,50096a74-3a5d-4c9f-a5ed-4895fa19e8ae,24961387-6e66-401a-8eed-81c93849dff8,2026-08-24T04:34:14.991Z,2026-08-24T04:37:44.991Z,197,f,2026-08-24T04:34:14.991Z
9fc54a96-d399-4868-8bcc-66790e714ead,50096a74-3a5d-4c9f-a5ed-4895fa19e8ae,24961387-6e66-401a-8eed-81c93849dff8,2026-08-25T04:31:48.780Z,2026-08-25T04:36:48.780Z,287,f,2026-08-25T04:31:48.780Z
0023f8e3-4e69-4f1b-ae17-c42a9f830375,50096a74-3a5d-4c9f-a5ed-4895fa19e8ae,24961387-6e66-401a-8eed-81c93849dff8,2026-08-25T05:50:48.780Z,2026-08-25T05:54:48.780Z,227,f,2026-08-25T05:50:48.780Z
f7f69513-a989-4879-80e7-a36ccb1b60d5,50096a74-3a5d-4c9f-a5ed-4895fa19e8ae,24961387-6e66-401a-8eed-81c93849dff8,2026-08-25T06:52:18.780Z,2026-08-25T06:56:48.780Z,241,f,2026-08-25T06:52:18.780Z
0962fb69-7678-43bc-837c-6bbf6405698f,50096a74-3a5d-4c9f-a5ed-4895fa19e8ae,755f09a6-05a0-4164-87b7-919acd9a7d7a,2026-07-27T02:46:37.792Z,2026-07-27T02:50:07.792Z,200,f,2026-07-27T02:46:37.792Z
b0215d37-4b86-4268-bc9c-266bfac16d5d,50096a74-3a5d-4c9f-a5ed-4895fa19e8ae,755f09a6-05a0-4164-87b7-919acd9a7d7a,2026-07-27T03:42:37.792Z,2026-07-27T03:47:07.792Z,255,f,2026-07-27T03:42:37.792Z
5a613d2a-293a-4166-880e-cad87802f201,50096a74-3a5d-4c9f-a5ed-4895fa19e8ae,755f09a6-05a0-4164-87b7-919acd9a7d7a,2026-07-28T03:43:59.746Z,2026-07-28T03:48:29.746Z,259,f,2026-07-28T03:43:59.746Z
c3721bf5-fd88-4de0-aa4d-ed6343790c38,50096a74-3a5d-4c9f-a5ed-4895fa19e8ae,755f09a6-05a0-4164-87b7-919acd9a7d7a,2026-07-28T04:57:59.746Z,2026-07-28T05:02:29.746Z,244,f,2026-07-28T04:57:59.746Z
591a0485-cec8-432f-8a0b-7089e7d7b0c7,50096a74-3a5d-4c9f-a5ed-4895fa19e8ae,755f09a6-05a0-4164-87b7-919acd9a7d7a,2026-07-28T08:00:59.746Z,2026-07-28T08:05:59.746Z,289,f,2026-07-28T08:00:59.746Z
369624ab-b3d0-4724-9204-348ad921f5af,50096a74-3a5d-4c9f-a5ed-4895fa19e8ae,755f09a6-05a0-4164-87b7-919acd9a7d7a,2026-07-29T05:27:31.404Z,2026-07-29T05:32:31.404Z,278,f,2026-07-29T05:27:31.404Z
3273c328-633c-449f-942d-f062b7b69e8e,50096a74-3a5d-4c9f-a5ed-4895fa19e8ae,755f09a6-05a0-4164-87b7-919acd9a7d7a,2026-07-29T06:40:31.404Z,2026-07-29T06:44:31.404Z,236,f,2026-07-29T06:40:31.404Z
81e7ae8c-10b1-4cab-a6a4-77a23fb7cbca,50096a74-3a5d-4c9f-a5ed-4895fa19e8ae,755f09a6-05a0-4164-87b7-919acd9a7d7a,2026-07-30T04:51:31.174Z,2026-07-30T04:55:01.174Z,201,f,2026-07-30T04:51:31.174Z
663e7138-5b57-48cf-9688-7a2931e0b124,50096a74-3a5d-4c9f-a5ed-4895fa19e8ae,755f09a6-05a0-4164-87b7-919acd9a7d7a,2026-08-01T05:24:15.513Z,2026-08-01T05:27:45.513Z,205,f,2026-08-01T05:24:15.513Z
2150663e-8a5c-4e0c-8aa5-1e85a2d540e1,50096a74-3a5d-4c9f-a5ed-4895fa19e8ae,755f09a6-05a0-4164-87b7-919acd9a7d7a,2026-08-01T06:12:45.513Z,2026-08-01T06:17:15.513Z,247,f,2026-08-01T06:12:45.513Z
1af88246-ffdc-4332-9157-d4b9c5f8dc58,50096a74-3a5d-4c9f-a5ed-4895fa19e8ae,755f09a6-05a0-4164-87b7-919acd9a7d7a,2026-08-01T07:15:45.513Z,2026-08-01T07:19:15.513Z,206,f,2026-08-01T07:15:45.513Z
29b4270f-3eb4-487f-92eb-c6e72622f3b1,50096a74-3a5d-4c9f-a5ed-4895fa19e8ae,755f09a6-05a0-4164-87b7-919acd9a7d7a,2026-08-03T03:14:43.028Z,2026-08-03T03:18:43.028Z,217,f,2026-08-03T03:14:43.028Z
9ebfbf86-95c2-4535-8040-ad72466c6b5a,50096a74-3a5d-4c9f-a5ed-4895fa19e8ae,755f09a6-05a0-4164-87b7-919acd9a7d7a,2026-08-03T04:32:13.028Z,2026-08-03T04:36:43.028Z,263,f,2026-08-03T04:32:13.028Z
812ef5f5-6fe6-4d35-b97c-98f82f62fcaf,50096a74-3a5d-4c9f-a5ed-4895fa19e8ae,755f09a6-05a0-4164-87b7-919acd9a7d7a,2026-08-05T05:28:01.367Z,2026-08-05T05:32:31.367Z,261,f,2026-08-05T05:28:01.367Z
e204c0c5-85a9-4e7e-b44b-2707a853f56a,50096a74-3a5d-4c9f-a5ed-4895fa19e8ae,755f09a6-05a0-4164-87b7-919acd9a7d7a,2026-08-08T06:02:04.290Z,2026-08-08T06:06:34.290Z,259,f,2026-08-08T06:02:04.290Z
e97e5375-ac81-4a75-87e0-a582fcb3d22d,50096a74-3a5d-4c9f-a5ed-4895fa19e8ae,755f09a6-05a0-4164-87b7-919acd9a7d7a,2026-08-08T08:58:34.290Z,2026-08-08T09:02:04.290Z,194,f,2026-08-08T08:58:34.290Z
6f5b5ac6-427a-40ba-98f5-25fe80f376b4,50096a74-3a5d-4c9f-a5ed-4895fa19e8ae,755f09a6-05a0-4164-87b7-919acd9a7d7a,2026-08-09T03:21:31.680Z,2026-08-09T03:25:01.680Z,188,f,2026-08-09T03:21:31.680Z
f234a3af-5122-44c7-ae84-3912f9351259,50096a74-3a5d-4c9f-a5ed-4895fa19e8ae,755f09a6-05a0-4164-87b7-919acd9a7d7a,2026-08-09T04:27:01.680Z,2026-08-09T04:30:31.680Z,186,f,2026-08-09T04:27:01.680Z
d2e4a4f3-8e84-4c3d-a142-b038820a26cd,50096a74-3a5d-4c9f-a5ed-4895fa19e8ae,755f09a6-05a0-4164-87b7-919acd9a7d7a,2026-08-09T05:59:31.680Z,2026-08-09T06:03:31.680Z,231,f,2026-08-09T05:59:31.680Z
bfb75ec2-e903-40ba-97f1-e311df3f9371,50096a74-3a5d-4c9f-a5ed-4895fa19e8ae,755f09a6-05a0-4164-87b7-919acd9a7d7a,2026-08-10T04:58:18.950Z,2026-08-10T05:02:18.950Z,224,f,2026-08-10T04:58:18.950Z
06f583a3-6809-4ce9-8dd3-680012ea9081,50096a74-3a5d-4c9f-a5ed-4895fa19e8ae,755f09a6-05a0-4164-87b7-919acd9a7d7a,2026-08-10T06:02:18.950Z,2026-08-10T06:06:48.950Z,259,f,2026-08-10T06:02:18.950Z
d02f3645-6b3d-4152-ac7f-819174d6597a,50096a74-3a5d-4c9f-a5ed-4895fa19e8ae,755f09a6-05a0-4164-87b7-919acd9a7d7a,2026-08-10T07:05:48.950Z,2026-08-10T07:10:48.950Z,282,f,2026-08-10T07:05:48.950Z
3c4bb241-407e-481f-ad7c-d984a02f91bc,50096a74-3a5d-4c9f-a5ed-4895fa19e8ae,755f09a6-05a0-4164-87b7-919acd9a7d7a,2026-08-10T07:59:18.950Z,2026-08-10T08:03:18.950Z,231,f,2026-08-10T07:59:18.950Z
7e6ed742-c319-46ff-b7d7-47c7fb141eda,50096a74-3a5d-4c9f-a5ed-4895fa19e8ae,755f09a6-05a0-4164-87b7-919acd9a7d7a,2026-08-11T04:30:04.888Z,2026-08-11T04:34:04.888Z,222,f,2026-08-11T04:30:04.888Z
c3ce7587-8821-4795-9432-670e5cc9d879,50096a74-3a5d-4c9f-a5ed-4895fa19e8ae,755f09a6-05a0-4164-87b7-919acd9a7d7a,2026-08-12T05:59:21.705Z,2026-08-12T06:02:51.705Z,181,f,2026-08-12T05:59:21.705Z
53c1d54f-cf9f-4736-91e5-58bd2ad16131,50096a74-3a5d-4c9f-a5ed-4895fa19e8ae,755f09a6-05a0-4164-87b7-919acd9a7d7a,2026-08-12T06:51:21.705Z,2026-08-12T06:54:51.705Z,201,f,2026-08-12T06:51:21.705Z
b29df349-593a-45ba-9d0b-247a741d57f7,50096a74-3a5d-4c9f-a5ed-4895fa19e8ae,755f09a6-05a0-4164-87b7-919acd9a7d7a,2026-08-12T07:43:21.705Z,2026-08-12T07:48:21.705Z,293,f,2026-08-12T07:43:21.705Z
069b73d8-033e-4e9a-a13f-862be2941b0a,50096a74-3a5d-4c9f-a5ed-4895fa19e8ae,755f09a6-05a0-4164-87b7-919acd9a7d7a,2026-08-13T04:31:07.985Z,2026-08-13T04:36:07.985Z,290,f,2026-08-13T04:31:07.985Z
03b5cd36-aefa-491b-b992-be60e86c8a31,50096a74-3a5d-4c9f-a5ed-4895fa19e8ae,755f09a6-05a0-4164-87b7-919acd9a7d7a,2026-08-15T03:04:32.205Z,2026-08-15T03:08:32.205Z,213,f,2026-08-15T03:04:32.205Z
116a12f7-d89f-4456-8598-a721aca5c188,50096a74-3a5d-4c9f-a5ed-4895fa19e8ae,755f09a6-05a0-4164-87b7-919acd9a7d7a,2026-08-15T03:39:32.205Z,2026-08-15T03:44:32.205Z,276,f,2026-08-15T03:39:32.205Z
dee83bb3-ceb3-4425-9637-70a33c24e155,50096a74-3a5d-4c9f-a5ed-4895fa19e8ae,755f09a6-05a0-4164-87b7-919acd9a7d7a,2026-08-16T05:19:32.347Z,2026-08-16T05:23:32.347Z,225,f,2026-08-16T05:19:32.347Z
4d4282dd-19cc-429a-a07a-9ade27a39fcd,50096a74-3a5d-4c9f-a5ed-4895fa19e8ae,755f09a6-05a0-4164-87b7-919acd9a7d7a,2026-08-16T06:14:02.347Z,2026-08-16T06:18:02.347Z,236,f,2026-08-16T06:14:02.347Z
b27f2462-d099-4889-9690-10a564b1800e,50096a74-3a5d-4c9f-a5ed-4895fa19e8ae,755f09a6-05a0-4164-87b7-919acd9a7d7a,2026-08-17T05:39:44.025Z,2026-08-17T05:43:14.025Z,193,f,2026-08-17T05:39:44.025Z
d2e52a37-4dfb-49a7-b18f-b706643bdca6,50096a74-3a5d-4c9f-a5ed-4895fa19e8ae,755f09a6-05a0-4164-87b7-919acd9a7d7a,2026-08-17T06:13:44.025Z,2026-08-17T06:17:44.025Z,211,f,2026-08-17T06:13:44.025Z
c97f865e-5686-4ca6-941a-331536ea14be,50096a74-3a5d-4c9f-a5ed-4895fa19e8ae,755f09a6-05a0-4164-87b7-919acd9a7d7a,2026-08-17T06:56:44.025Z,2026-08-17T07:00:14.025Z,196,f,2026-08-17T06:56:44.025Z
a7f9a7d3-5de1-4052-bea2-095638825908,50096a74-3a5d-4c9f-a5ed-4895fa19e8ae,755f09a6-05a0-4164-87b7-919acd9a7d7a,2026-08-17T08:16:44.025Z,2026-08-17T08:20:44.025Z,227,f,2026-08-17T08:16:44.025Z
d3d4f803-a0b1-4b98-90ac-a9e205fc7db9,50096a74-3a5d-4c9f-a5ed-4895fa19e8ae,755f09a6-05a0-4164-87b7-919acd9a7d7a,2026-08-18T05:29:54.068Z,2026-08-18T05:34:54.068Z,278,f,2026-08-18T05:29:54.068Z
3faf5303-59e4-4c45-ba81-c8c6ecb71115,50096a74-3a5d-4c9f-a5ed-4895fa19e8ae,755f09a6-05a0-4164-87b7-919acd9a7d7a,2026-08-18T06:22:54.068Z,2026-08-18T06:26:54.068Z,223,f,2026-08-18T06:22:54.068Z
f6dcf2fc-6ac2-47bc-854d-5c8cfed59ec8,50096a74-3a5d-4c9f-a5ed-4895fa19e8ae,755f09a6-05a0-4164-87b7-919acd9a7d7a,2026-08-19T02:47:55.572Z,2026-08-19T02:52:25.572Z,252,f,2026-08-19T02:47:55.572Z
206e486b-e2fb-49fa-a5d4-dec540858a41,50096a74-3a5d-4c9f-a5ed-4895fa19e8ae,755f09a6-05a0-4164-87b7-919acd9a7d7a,2026-08-22T05:25:14.374Z,2026-08-22T05:30:14.374Z,280,f,2026-08-22T05:25:14.374Z
0b74b522-919b-452d-8603-57559dfa9cf1,50096a74-3a5d-4c9f-a5ed-4895fa19e8ae,755f09a6-05a0-4164-87b7-919acd9a7d7a,2026-08-22T05:56:14.374Z,2026-08-22T06:01:14.374Z,292,f,2026-08-22T05:56:14.374Z
5eced838-c685-43c1-a692-6d439a21461c,50096a74-3a5d-4c9f-a5ed-4895fa19e8ae,755f09a6-05a0-4164-87b7-919acd9a7d7a,2026-08-22T07:19:14.374Z,2026-08-22T07:23:14.374Z,225,f,2026-08-22T07:19:14.374Z
0e2762ae-b969-4a34-a761-fe0832a60cb9,50096a74-3a5d-4c9f-a5ed-4895fa19e8ae,755f09a6-05a0-4164-87b7-919acd9a7d7a,2026-08-23T03:08:29.143Z,2026-08-23T03:11:59.143Z,202,f,2026-08-23T03:08:29.143Z
c52b1ce3-74d2-43a9-8096-08ce89cdb16b,50096a74-3a5d-4c9f-a5ed-4895fa19e8ae,755f09a6-05a0-4164-87b7-919acd9a7d7a,2026-08-24T02:56:15.991Z,2026-08-24T03:00:15.991Z,239,f,2026-08-24T02:56:15.991Z
8ef7ce6e-0989-4e05-ab0b-0d245181174a,50096a74-3a5d-4c9f-a5ed-4895fa19e8ae,755f09a6-05a0-4164-87b7-919acd9a7d7a,2026-08-24T03:40:15.991Z,2026-08-24T03:44:45.991Z,252,f,2026-08-24T03:40:15.991Z
0d5ef00b-954f-49a2-bb4e-efbf17f10784,50096a74-3a5d-4c9f-a5ed-4895fa19e8ae,755f09a6-05a0-4164-87b7-919acd9a7d7a,2026-08-25T04:45:30.376Z,2026-08-25T04:49:00.376Z,187,f,2026-08-25T04:45:30.376Z
b63c3ed3-291a-4189-bcf7-03d9dd8b8f6f,50096a74-3a5d-4c9f-a5ed-4895fa19e8ae,755f09a6-05a0-4164-87b7-919acd9a7d7a,2026-08-25T06:28:00.376Z,2026-08-25T06:31:30.376Z,198,f,2026-08-25T06:28:00.376Z
4187c962-30f6-4d8f-9984-5be7c5405422,50096a74-3a5d-4c9f-a5ed-4895fa19e8ae,755f09a6-05a0-4164-87b7-919acd9a7d7a,2026-08-25T07:31:30.376Z,2026-08-25T07:35:30.376Z,224,f,2026-08-25T07:31:30.376Z
382eea57-5492-4a2c-9878-33bd717d5291,50096a74-3a5d-4c9f-a5ed-4895fa19e8ae,755f09a6-05a0-4164-87b7-919acd9a7d7a,2026-08-25T09:07:00.376Z,2026-08-25T09:12:00.376Z,273,f,2026-08-25T09:07:00.376Z
0f34e0b5-05b7-4e36-86d1-11a63c42cefd,50096a74-3a5d-4c9f-a5ed-4895fa19e8ae,d472cd4f-4c4f-4a12-a265-523aa5140120,2026-07-27T03:03:42.977Z,2026-07-27T03:07:12.977Z,184,f,2026-07-27T03:03:42.977Z
b84aa9bf-7d72-434d-92c7-a5a91a1798b3,50096a74-3a5d-4c9f-a5ed-4895fa19e8ae,d472cd4f-4c4f-4a12-a265-523aa5140120,2026-07-28T05:57:00.933Z,2026-07-28T06:01:00.933Z,224,f,2026-07-28T05:57:00.933Z
47ccf4c7-12b7-4db2-b6bd-b065eafd9e29,50096a74-3a5d-4c9f-a5ed-4895fa19e8ae,d472cd4f-4c4f-4a12-a265-523aa5140120,2026-07-29T03:26:26.840Z,2026-07-29T03:29:56.840Z,208,f,2026-07-29T03:26:26.840Z
a4a06036-3a61-4a2f-9a81-a48087d71a12,50096a74-3a5d-4c9f-a5ed-4895fa19e8ae,d472cd4f-4c4f-4a12-a265-523aa5140120,2026-07-29T04:30:56.840Z,2026-07-29T04:35:26.840Z,257,f,2026-07-29T04:30:56.840Z
3def38c7-29cd-4453-b08b-2558724512e4,50096a74-3a5d-4c9f-a5ed-4895fa19e8ae,d472cd4f-4c4f-4a12-a265-523aa5140120,2026-07-29T07:18:56.840Z,2026-07-29T07:23:26.840Z,245,f,2026-07-29T07:18:56.840Z
e90397bc-aaa0-4747-8df2-78b09ebcbd96,50096a74-3a5d-4c9f-a5ed-4895fa19e8ae,d472cd4f-4c4f-4a12-a265-523aa5140120,2026-07-29T09:17:26.840Z,2026-07-29T09:22:26.840Z,291,f,2026-07-29T09:17:26.840Z
2570e1f3-eb05-4657-b4ca-cffd79f17d38,50096a74-3a5d-4c9f-a5ed-4895fa19e8ae,d472cd4f-4c4f-4a12-a265-523aa5140120,2026-07-30T04:25:41.968Z,2026-07-30T04:30:41.968Z,294,f,2026-07-30T04:25:41.968Z
40c0fbbb-1a4b-49d5-9d13-7bbc0ef4f83c,50096a74-3a5d-4c9f-a5ed-4895fa19e8ae,d472cd4f-4c4f-4a12-a265-523aa5140120,2026-07-30T05:56:41.968Z,2026-07-30T06:00:41.968Z,232,f,2026-07-30T05:56:41.968Z
23ee1be0-f578-470c-82c5-390cb3f163c2,50096a74-3a5d-4c9f-a5ed-4895fa19e8ae,d472cd4f-4c4f-4a12-a265-523aa5140120,2026-08-01T04:19:59.816Z,2026-08-01T04:23:59.816Z,226,f,2026-08-01T04:19:59.816Z
0510bf5e-5ee6-422e-9638-07f542edf14c,50096a74-3a5d-4c9f-a5ed-4895fa19e8ae,d472cd4f-4c4f-4a12-a265-523aa5140120,2026-08-02T02:32:51.052Z,2026-08-02T02:36:51.052Z,231,f,2026-08-02T02:32:51.052Z
de661688-9f16-4b85-8437-db1d43bc3e27,50096a74-3a5d-4c9f-a5ed-4895fa19e8ae,d472cd4f-4c4f-4a12-a265-523aa5140120,2026-08-02T03:52:51.052Z,2026-08-02T03:57:51.052Z,297,f,2026-08-02T03:52:51.052Z
48822d29-2828-40c8-b931-14ab4c68f795,50096a74-3a5d-4c9f-a5ed-4895fa19e8ae,d472cd4f-4c4f-4a12-a265-523aa5140120,2026-08-02T05:22:51.052Z,2026-08-02T05:26:51.052Z,226,f,2026-08-02T05:22:51.052Z
63ce2d60-5456-4c23-abfa-cc9cacb14c86,50096a74-3a5d-4c9f-a5ed-4895fa19e8ae,d472cd4f-4c4f-4a12-a265-523aa5140120,2026-08-03T07:48:36.708Z,2026-08-03T07:52:06.708Z,202,f,2026-08-03T07:48:36.708Z
248d1cfc-4f88-421a-8e58-5ba2cd1b1885,50096a74-3a5d-4c9f-a5ed-4895fa19e8ae,d472cd4f-4c4f-4a12-a265-523aa5140120,2026-08-04T03:07:40.919Z,2026-08-04T03:12:10.919Z,250,f,2026-08-04T03:07:40.919Z
dbfa4786-ea5f-437a-9be8-aed66179eb1d,50096a74-3a5d-4c9f-a5ed-4895fa19e8ae,d472cd4f-4c4f-4a12-a265-523aa5140120,2026-08-04T05:57:10.919Z,2026-08-04T06:00:40.919Z,201,f,2026-08-04T05:57:10.919Z
98f1ad70-e254-4c23-b2d2-930489bc5163,50096a74-3a5d-4c9f-a5ed-4895fa19e8ae,d472cd4f-4c4f-4a12-a265-523aa5140120,2026-08-04T06:59:10.919Z,2026-08-04T07:03:40.919Z,253,f,2026-08-04T06:59:10.919Z
549f0f2e-ad2d-4de9-94f8-135b5f6b2dd5,50096a74-3a5d-4c9f-a5ed-4895fa19e8ae,d472cd4f-4c4f-4a12-a265-523aa5140120,2026-08-05T04:12:25.048Z,2026-08-05T04:16:55.048Z,255,f,2026-08-05T04:12:25.048Z
355174c8-7b4f-43d7-8c91-3e71089b406e,50096a74-3a5d-4c9f-a5ed-4895fa19e8ae,d472cd4f-4c4f-4a12-a265-523aa5140120,2026-08-05T05:44:55.048Z,2026-08-05T05:49:55.048Z,277,f,2026-08-05T05:44:55.048Z
e8b6f430-80a0-464a-92ee-2a103c87f9cf,50096a74-3a5d-4c9f-a5ed-4895fa19e8ae,d472cd4f-4c4f-4a12-a265-523aa5140120,2026-08-08T05:25:28.660Z,2026-08-08T05:30:28.660Z,280,f,2026-08-08T05:25:28.660Z
7fddb3e6-4d39-45ce-83ed-5463da04c20e,50096a74-3a5d-4c9f-a5ed-4895fa19e8ae,d472cd4f-4c4f-4a12-a265-523aa5140120,2026-08-09T06:43:17.950Z,2026-08-09T06:46:47.950Z,208,f,2026-08-09T06:43:17.950Z
9d60830a-e155-4d7e-a425-b09bcf0845ab,50096a74-3a5d-4c9f-a5ed-4895fa19e8ae,d472cd4f-4c4f-4a12-a265-523aa5140120,2026-08-11T03:37:16.502Z,2026-08-11T03:42:16.502Z,282,f,2026-08-11T03:37:16.502Z
1f950de1-5bd8-4297-8c86-f7500e1a971d,50096a74-3a5d-4c9f-a5ed-4895fa19e8ae,d472cd4f-4c4f-4a12-a265-523aa5140120,2026-08-11T05:16:16.502Z,2026-08-11T05:21:16.502Z,296,f,2026-08-11T05:16:16.502Z
fe7cfec8-44bb-4159-9a40-558afaa172a5,50096a74-3a5d-4c9f-a5ed-4895fa19e8ae,d472cd4f-4c4f-4a12-a265-523aa5140120,2026-08-13T03:49:50.538Z,2026-08-13T03:54:20.538Z,259,f,2026-08-13T03:49:50.538Z
baaca1d6-c2d3-4981-96b8-4b88808b8aee,50096a74-3a5d-4c9f-a5ed-4895fa19e8ae,d472cd4f-4c4f-4a12-a265-523aa5140120,2026-08-13T05:11:50.538Z,2026-08-13T05:15:20.538Z,206,f,2026-08-13T05:11:50.538Z
1ca597c0-32e7-487f-aac6-178088195143,50096a74-3a5d-4c9f-a5ed-4895fa19e8ae,d472cd4f-4c4f-4a12-a265-523aa5140120,2026-08-15T04:50:12.264Z,2026-08-15T04:54:12.264Z,237,f,2026-08-15T04:50:12.264Z
ccee477c-d486-49e2-ac3d-a1f4d9a9c5dd,50096a74-3a5d-4c9f-a5ed-4895fa19e8ae,d472cd4f-4c4f-4a12-a265-523aa5140120,2026-08-16T06:21:29.393Z,2026-08-16T06:26:29.393Z,291,f,2026-08-16T06:21:29.393Z
aafe8498-91a2-4eb5-b8b8-cd80b1f859d8,50096a74-3a5d-4c9f-a5ed-4895fa19e8ae,d472cd4f-4c4f-4a12-a265-523aa5140120,2026-08-17T05:34:25.912Z,2026-08-17T05:38:25.912Z,238,f,2026-08-17T05:34:25.912Z
6f0395ed-9a42-4483-a6d6-11586278ccc8,50096a74-3a5d-4c9f-a5ed-4895fa19e8ae,d472cd4f-4c4f-4a12-a265-523aa5140120,2026-08-17T05:57:25.912Z,2026-08-17T06:01:25.912Z,219,f,2026-08-17T05:57:25.912Z
2584f608-860b-4380-9057-b94d668b5d30,50096a74-3a5d-4c9f-a5ed-4895fa19e8ae,d472cd4f-4c4f-4a12-a265-523aa5140120,2026-08-18T03:23:55.846Z,2026-08-18T03:28:25.846Z,266,f,2026-08-18T03:23:55.846Z
56516d14-c475-408f-8664-adde77c37499,50096a74-3a5d-4c9f-a5ed-4895fa19e8ae,d472cd4f-4c4f-4a12-a265-523aa5140120,2026-08-18T04:11:25.846Z,2026-08-18T04:16:25.846Z,285,f,2026-08-18T04:11:25.846Z
510b652c-092b-45c2-9b7a-4c0d562d932b,50096a74-3a5d-4c9f-a5ed-4895fa19e8ae,d472cd4f-4c4f-4a12-a265-523aa5140120,2026-08-19T03:23:10.601Z,2026-08-19T03:27:10.601Z,232,f,2026-08-19T03:23:10.601Z
71d415c2-6544-44f6-a99b-1c09aefc047b,50096a74-3a5d-4c9f-a5ed-4895fa19e8ae,d472cd4f-4c4f-4a12-a265-523aa5140120,2026-08-19T04:06:10.601Z,2026-08-19T04:10:10.601Z,225,f,2026-08-19T04:06:10.601Z
71703ceb-3eea-4b56-a488-ee699d2da00a,50096a74-3a5d-4c9f-a5ed-4895fa19e8ae,d472cd4f-4c4f-4a12-a265-523aa5140120,2026-08-19T05:40:10.601Z,2026-08-19T05:44:10.601Z,216,f,2026-08-19T05:40:10.601Z
0509a937-9042-4f10-bb42-a07b6ee20424,50096a74-3a5d-4c9f-a5ed-4895fa19e8ae,d472cd4f-4c4f-4a12-a265-523aa5140120,2026-08-19T06:56:40.601Z,2026-08-19T07:00:10.601Z,202,f,2026-08-19T06:56:40.601Z
935dc15b-4f7e-45de-abe3-909f864d036f,50096a74-3a5d-4c9f-a5ed-4895fa19e8ae,d472cd4f-4c4f-4a12-a265-523aa5140120,2026-08-22T03:56:39.027Z,2026-08-22T04:00:09.027Z,186,f,2026-08-22T03:56:39.027Z
c941f106-cfd0-41fc-872b-22f89efa543e,50096a74-3a5d-4c9f-a5ed-4895fa19e8ae,d472cd4f-4c4f-4a12-a265-523aa5140120,2026-08-22T04:53:09.027Z,2026-08-22T04:57:09.027Z,217,f,2026-08-22T04:53:09.027Z
a1804c8c-4806-4dfa-b7cb-869839c8979b,50096a74-3a5d-4c9f-a5ed-4895fa19e8ae,d472cd4f-4c4f-4a12-a265-523aa5140120,2026-08-22T05:45:09.027Z,2026-08-22T05:50:09.027Z,291,f,2026-08-22T05:45:09.027Z
6cde4d77-2de8-4fb7-b1a5-6da2e2387ff4,50096a74-3a5d-4c9f-a5ed-4895fa19e8ae,d472cd4f-4c4f-4a12-a265-523aa5140120,2026-08-22T06:33:39.027Z,2026-08-22T06:38:09.027Z,264,f,2026-08-22T06:33:39.027Z
d2d66e1a-4a0d-42c2-a85e-c8256da069db,50096a74-3a5d-4c9f-a5ed-4895fa19e8ae,d472cd4f-4c4f-4a12-a265-523aa5140120,2026-08-23T02:58:19.064Z,2026-08-23T03:01:49.064Z,210,f,2026-08-23T02:58:19.064Z
6ad1a150-8d6f-4c8f-8e63-a50d6fa6311f,50096a74-3a5d-4c9f-a5ed-4895fa19e8ae,d472cd4f-4c4f-4a12-a265-523aa5140120,2026-08-24T03:31:06.304Z,2026-08-24T03:35:06.304Z,225,f,2026-08-24T03:31:06.304Z
a79d952c-1e34-4382-9a9e-395b2f9e7e8d,50096a74-3a5d-4c9f-a5ed-4895fa19e8ae,d472cd4f-4c4f-4a12-a265-523aa5140120,2026-08-24T04:37:06.304Z,2026-08-24T04:42:06.304Z,295,f,2026-08-24T04:37:06.304Z
92dd9b97-9f85-4f81-bad7-ed5cb8b400fe,50096a74-3a5d-4c9f-a5ed-4895fa19e8ae,d472cd4f-4c4f-4a12-a265-523aa5140120,2026-08-24T06:52:36.304Z,2026-08-24T06:57:36.304Z,271,f,2026-08-24T06:52:36.304Z
ec03143f-27bf-45f7-9fa0-da8333de9d97,50096a74-3a5d-4c9f-a5ed-4895fa19e8ae,d472cd4f-4c4f-4a12-a265-523aa5140120,2026-08-25T04:05:23.150Z,2026-08-25T04:09:53.150Z,270,f,2026-08-25T04:05:23.150Z
ba97d565-c0e6-4213-a660-538a2d6fdfeb,50096a74-3a5d-4c9f-a5ed-4895fa19e8ae,e6d68195-7ea7-424b-a01c-857d1da228b3,2026-07-27T03:52:17.052Z,2026-07-27T03:58:47.052Z,366,f,2026-07-27T03:52:17.052Z
6b87851c-0ba1-49f6-9cc1-43f208a9d852,50096a74-3a5d-4c9f-a5ed-4895fa19e8ae,e6d68195-7ea7-424b-a01c-857d1da228b3,2026-07-27T05:17:17.052Z,2026-07-27T05:23:17.052Z,355,f,2026-07-27T05:17:17.052Z
f34766d3-2ef0-40c4-9fe0-5dd56b390404,50096a74-3a5d-4c9f-a5ed-4895fa19e8ae,e6d68195-7ea7-424b-a01c-857d1da228b3,2026-07-27T06:20:17.052Z,2026-07-27T06:27:47.052Z,427,f,2026-07-27T06:20:17.052Z
3cfd60e2-89f9-401b-abfc-32e5cc8df73d,50096a74-3a5d-4c9f-a5ed-4895fa19e8ae,e6d68195-7ea7-424b-a01c-857d1da228b3,2026-07-27T07:18:47.052Z,2026-07-27T07:25:17.052Z,378,f,2026-07-27T07:18:47.052Z
e9a31868-fea8-4d83-9f71-3e3e5008db54,50096a74-3a5d-4c9f-a5ed-4895fa19e8ae,e6d68195-7ea7-424b-a01c-857d1da228b3,2026-07-27T08:30:17.052Z,2026-07-27T08:35:47.052Z,328,f,2026-07-27T08:30:17.052Z
d06decdc-31c6-4316-90f1-f846184af089,50096a74-3a5d-4c9f-a5ed-4895fa19e8ae,e6d68195-7ea7-424b-a01c-857d1da228b3,2026-07-27T09:09:17.052Z,2026-07-27T09:16:17.052Z,408,f,2026-07-27T09:09:17.052Z
3ec3674b-8eab-4c5c-a032-a13966c1782c,50096a74-3a5d-4c9f-a5ed-4895fa19e8ae,e6d68195-7ea7-424b-a01c-857d1da228b3,2026-07-28T03:55:19.576Z,2026-07-28T03:59:49.576Z,262,f,2026-07-28T03:55:19.576Z
ed3d762d-bfa7-4163-9669-c9af3be41725,50096a74-3a5d-4c9f-a5ed-4895fa19e8ae,e6d68195-7ea7-424b-a01c-857d1da228b3,2026-07-28T04:44:49.576Z,2026-07-28T04:52:49.576Z,452,f,2026-07-28T04:44:49.576Z
bb25db94-8d81-412b-a9ab-96678317fba4,50096a74-3a5d-4c9f-a5ed-4895fa19e8ae,e6d68195-7ea7-424b-a01c-857d1da228b3,2026-07-29T04:20:39.744Z,2026-07-29T04:28:39.744Z,460,f,2026-07-29T04:20:39.744Z
f9d2cf89-249f-44b5-b136-62ad75e8d9c0,50096a74-3a5d-4c9f-a5ed-4895fa19e8ae,e6d68195-7ea7-424b-a01c-857d1da228b3,2026-07-29T05:34:39.744Z,2026-07-29T05:41:39.744Z,402,f,2026-07-29T05:34:39.744Z
1920fca7-8cb0-4b49-9739-84bde1309c7c,50096a74-3a5d-4c9f-a5ed-4895fa19e8ae,e6d68195-7ea7-424b-a01c-857d1da228b3,2026-08-01T03:12:08.904Z,2026-08-01T03:17:38.904Z,301,f,2026-08-01T03:12:08.904Z
b027b682-f935-4ebe-b764-fe53e1b0d28f,50096a74-3a5d-4c9f-a5ed-4895fa19e8ae,e6d68195-7ea7-424b-a01c-857d1da228b3,2026-08-01T04:41:38.904Z,2026-08-01T04:47:08.904Z,323,f,2026-08-01T04:41:38.904Z
843639f2-750f-4912-af47-0fd6a551d959,50096a74-3a5d-4c9f-a5ed-4895fa19e8ae,e6d68195-7ea7-424b-a01c-857d1da228b3,2026-08-01T06:10:38.904Z,2026-08-01T06:16:38.904Z,339,f,2026-08-01T06:10:38.904Z
8d900adb-1f77-4698-98d2-742ba2f95548,50096a74-3a5d-4c9f-a5ed-4895fa19e8ae,e6d68195-7ea7-424b-a01c-857d1da228b3,2026-08-01T09:13:08.904Z,2026-08-01T09:19:08.904Z,341,f,2026-08-01T09:13:08.904Z
d3d1f564-5dd9-44e8-b4f9-18d6c9b38386,50096a74-3a5d-4c9f-a5ed-4895fa19e8ae,e6d68195-7ea7-424b-a01c-857d1da228b3,2026-08-02T04:29:53.445Z,2026-08-02T04:33:23.445Z,190,f,2026-08-02T04:29:53.445Z
82ffe86c-ec7b-4e7a-ac7b-47829b07eb62,50096a74-3a5d-4c9f-a5ed-4895fa19e8ae,e6d68195-7ea7-424b-a01c-857d1da228b3,2026-08-02T06:39:53.445Z,2026-08-02T06:47:23.445Z,422,f,2026-08-02T06:39:53.445Z
2ebf2690-9b34-4c65-8f92-31fa3bc1245e,50096a74-3a5d-4c9f-a5ed-4895fa19e8ae,e6d68195-7ea7-424b-a01c-857d1da228b3,2026-08-02T07:39:23.445Z,2026-08-02T07:46:53.445Z,439,f,2026-08-02T07:39:23.445Z
03bfaf63-7230-49bf-9f8c-6b9debf9456d,50096a74-3a5d-4c9f-a5ed-4895fa19e8ae,e6d68195-7ea7-424b-a01c-857d1da228b3,2026-08-03T03:25:36.059Z,2026-08-03T03:32:06.059Z,390,f,2026-08-03T03:25:36.059Z
ea28f4ae-3eee-4456-ba88-1682e2d8f583,50096a74-3a5d-4c9f-a5ed-4895fa19e8ae,e6d68195-7ea7-424b-a01c-857d1da228b3,2026-08-03T06:37:06.059Z,2026-08-03T06:44:36.059Z,444,f,2026-08-03T06:37:06.059Z
ff09604d-eb4f-4245-abe5-db8f9e1bc851,50096a74-3a5d-4c9f-a5ed-4895fa19e8ae,e6d68195-7ea7-424b-a01c-857d1da228b3,2026-08-03T08:03:36.059Z,2026-08-03T08:11:06.059Z,441,f,2026-08-03T08:03:36.059Z
db1965a8-60b5-4e4e-bff0-57bc5bb854da,50096a74-3a5d-4c9f-a5ed-4895fa19e8ae,e6d68195-7ea7-424b-a01c-857d1da228b3,2026-08-04T04:21:44.917Z,2026-08-04T04:27:44.917Z,346,f,2026-08-04T04:21:44.917Z
c89d3fbe-fa38-40b3-b336-9576b02036ae,50096a74-3a5d-4c9f-a5ed-4895fa19e8ae,e6d68195-7ea7-424b-a01c-857d1da228b3,2026-08-04T05:08:14.917Z,2026-08-04T05:13:14.917Z,281,f,2026-08-04T05:08:14.917Z
4e308ce5-9ebc-41c2-85e6-65d8afaf97d1,50096a74-3a5d-4c9f-a5ed-4895fa19e8ae,e6d68195-7ea7-424b-a01c-857d1da228b3,2026-08-04T06:44:14.917Z,2026-08-04T06:48:44.917Z,257,f,2026-08-04T06:44:14.917Z
816a867c-8d44-4cf1-ba34-1e9e2f1a87d6,50096a74-3a5d-4c9f-a5ed-4895fa19e8ae,e6d68195-7ea7-424b-a01c-857d1da228b3,2026-08-04T07:28:14.917Z,2026-08-04T07:36:14.917Z,453,f,2026-08-04T07:28:14.917Z
b7eec5f3-969a-4309-8df2-ea1732735deb,50096a74-3a5d-4c9f-a5ed-4895fa19e8ae,e6d68195-7ea7-424b-a01c-857d1da228b3,2026-08-05T04:19:29.659Z,2026-08-05T04:25:59.659Z,375,f,2026-08-05T04:19:29.659Z
329d33d1-a248-4562-a90f-4d66ce7060f2,50096a74-3a5d-4c9f-a5ed-4895fa19e8ae,e6d68195-7ea7-424b-a01c-857d1da228b3,2026-08-05T05:47:59.659Z,2026-08-05T05:54:29.659Z,389,f,2026-08-05T05:47:59.659Z
e498c2f3-11c9-4ef1-971f-9fc54e0b3ea9,50096a74-3a5d-4c9f-a5ed-4895fa19e8ae,e6d68195-7ea7-424b-a01c-857d1da228b3,2026-08-05T07:25:59.659Z,2026-08-05T07:32:59.659Z,419,f,2026-08-05T07:25:59.659Z
beaa4026-6ead-4085-900a-0946c62c1582,50096a74-3a5d-4c9f-a5ed-4895fa19e8ae,e6d68195-7ea7-424b-a01c-857d1da228b3,2026-08-05T08:59:29.659Z,2026-08-05T09:06:29.659Z,413,f,2026-08-05T08:59:29.659Z
1d2ddead-598c-466c-aae4-97714fbcf92a,50096a74-3a5d-4c9f-a5ed-4895fa19e8ae,e6d68195-7ea7-424b-a01c-857d1da228b3,2026-08-06T03:52:38.432Z,2026-08-06T04:00:08.432Z,428,f,2026-08-06T03:52:38.432Z
2a28fc29-10da-49ac-94f2-705c44728ea8,50096a74-3a5d-4c9f-a5ed-4895fa19e8ae,e6d68195-7ea7-424b-a01c-857d1da228b3,2026-08-06T05:06:38.432Z,2026-08-06T05:10:38.432Z,215,f,2026-08-06T05:06:38.432Z
aa2e1fa9-7604-43ff-8e0e-8d6d17642a17,50096a74-3a5d-4c9f-a5ed-4895fa19e8ae,e6d68195-7ea7-424b-a01c-857d1da228b3,2026-08-08T06:48:21.042Z,2026-08-08T06:51:51.042Z,190,f,2026-08-08T06:48:21.042Z
3bf9ac7e-d86c-44f5-acbb-065747a2a633,50096a74-3a5d-4c9f-a5ed-4895fa19e8ae,e6d68195-7ea7-424b-a01c-857d1da228b3,2026-08-08T08:07:51.042Z,2026-08-08T08:15:21.042Z,433,f,2026-08-08T08:07:51.042Z
8bd45d38-ba04-48f6-87ef-9b0fc2148419,50096a74-3a5d-4c9f-a5ed-4895fa19e8ae,e6d68195-7ea7-424b-a01c-857d1da228b3,2026-08-08T09:23:51.042Z,2026-08-08T09:28:21.042Z,259,f,2026-08-08T09:23:51.042Z
c8d2f8b1-d88a-4b42-ac65-27ad34134e34,50096a74-3a5d-4c9f-a5ed-4895fa19e8ae,e6d68195-7ea7-424b-a01c-857d1da228b3,2026-08-08T10:33:21.042Z,2026-08-08T10:39:21.042Z,350,f,2026-08-08T10:33:21.042Z
db69543b-8525-41e4-b603-c32b825005a9,50096a74-3a5d-4c9f-a5ed-4895fa19e8ae,e6d68195-7ea7-424b-a01c-857d1da228b3,2026-08-09T04:47:57.390Z,2026-08-09T04:54:27.390Z,370,f,2026-08-09T04:47:57.390Z
89ff0938-6037-4993-9d6d-2eaf4b19a8e0,50096a74-3a5d-4c9f-a5ed-4895fa19e8ae,e6d68195-7ea7-424b-a01c-857d1da228b3,2026-08-09T05:37:57.390Z,2026-08-09T05:43:27.390Z,319,f,2026-08-09T05:37:57.390Z
b70f4eb6-3a5e-4e27-a716-0f3107e44137,50096a74-3a5d-4c9f-a5ed-4895fa19e8ae,e6d68195-7ea7-424b-a01c-857d1da228b3,2026-08-10T04:40:12.461Z,2026-08-10T04:46:12.461Z,346,f,2026-08-10T04:40:12.461Z
69d92898-593a-44ac-b15c-2dff3f2c40b7,50096a74-3a5d-4c9f-a5ed-4895fa19e8ae,e6d68195-7ea7-424b-a01c-857d1da228b3,2026-08-10T05:40:42.461Z,2026-08-10T05:46:12.461Z,327,f,2026-08-10T05:40:42.461Z
fff02a45-e890-4a03-8c0d-c7334beb9dc9,50096a74-3a5d-4c9f-a5ed-4895fa19e8ae,e6d68195-7ea7-424b-a01c-857d1da228b3,2026-08-10T06:51:12.461Z,2026-08-10T06:59:12.461Z,472,f,2026-08-10T06:51:12.461Z
7a734247-42c7-47b0-877a-8496d37b1a4d,50096a74-3a5d-4c9f-a5ed-4895fa19e8ae,e6d68195-7ea7-424b-a01c-857d1da228b3,2026-08-12T04:31:51.781Z,2026-08-12T04:38:21.781Z,388,f,2026-08-12T04:31:51.781Z
56f3899c-8357-447f-9832-cf57c6b9c7d5,50096a74-3a5d-4c9f-a5ed-4895fa19e8ae,e6d68195-7ea7-424b-a01c-857d1da228b3,2026-08-12T07:20:21.781Z,2026-08-12T07:27:51.781Z,443,f,2026-08-12T07:20:21.781Z
5a238e86-f9bb-4585-8bf8-afd8aff4e189,50096a74-3a5d-4c9f-a5ed-4895fa19e8ae,e6d68195-7ea7-424b-a01c-857d1da228b3,2026-08-13T06:00:20.361Z,2026-08-13T06:07:50.361Z,437,f,2026-08-13T06:00:20.361Z
953f6006-1899-4b07-8ae5-9853f42626f2,50096a74-3a5d-4c9f-a5ed-4895fa19e8ae,e6d68195-7ea7-424b-a01c-857d1da228b3,2026-08-15T03:34:25.039Z,2026-08-15T03:41:25.039Z,417,f,2026-08-15T03:34:25.039Z
318b9ef3-7c54-4dbd-8efc-417381227bf6,50096a74-3a5d-4c9f-a5ed-4895fa19e8ae,e6d68195-7ea7-424b-a01c-857d1da228b3,2026-08-15T04:50:25.039Z,2026-08-15T04:55:55.039Z,325,f,2026-08-15T04:50:25.039Z
75628ce1-6999-41f9-93e2-aa1dccf4b650,50096a74-3a5d-4c9f-a5ed-4895fa19e8ae,e6d68195-7ea7-424b-a01c-857d1da228b3,2026-08-15T06:04:25.039Z,2026-08-15T06:09:55.039Z,311,f,2026-08-15T06:04:25.039Z
cbcd2a08-f2bd-4fd6-8ab5-570c3f0367c8,50096a74-3a5d-4c9f-a5ed-4895fa19e8ae,e6d68195-7ea7-424b-a01c-857d1da228b3,2026-08-16T04:47:24.271Z,2026-08-16T04:52:54.271Z,309,f,2026-08-16T04:47:24.271Z
b0f4fccb-a023-4411-a1b1-d39f993aee5a,50096a74-3a5d-4c9f-a5ed-4895fa19e8ae,e6d68195-7ea7-424b-a01c-857d1da228b3,2026-08-16T06:33:54.271Z,2026-08-16T06:40:54.271Z,405,f,2026-08-16T06:33:54.271Z
cac8c4a0-080d-47f6-8d0b-e18300bda0b9,50096a74-3a5d-4c9f-a5ed-4895fa19e8ae,e6d68195-7ea7-424b-a01c-857d1da228b3,2026-08-16T07:15:24.271Z,2026-08-16T07:23:24.271Z,467,f,2026-08-16T07:15:24.271Z
d7edac90-9002-4a57-9e99-456431f3b4d2,50096a74-3a5d-4c9f-a5ed-4895fa19e8ae,e6d68195-7ea7-424b-a01c-857d1da228b3,2026-08-17T04:07:03.299Z,2026-08-17T04:13:03.299Z,353,f,2026-08-17T04:07:03.299Z
80fc4904-fc37-4caa-beea-de6593cbef0f,50096a74-3a5d-4c9f-a5ed-4895fa19e8ae,e6d68195-7ea7-424b-a01c-857d1da228b3,2026-08-18T04:21:15.191Z,2026-08-18T04:28:45.191Z,436,f,2026-08-18T04:21:15.191Z
c73d6910-b3e8-44d8-8d36-85f9f75de1fb,50096a74-3a5d-4c9f-a5ed-4895fa19e8ae,e6d68195-7ea7-424b-a01c-857d1da228b3,2026-08-19T02:41:47.896Z,2026-08-19T02:45:47.896Z,231,f,2026-08-19T02:41:47.896Z
b302e04d-71ad-4932-aee7-f07249848f3b,50096a74-3a5d-4c9f-a5ed-4895fa19e8ae,e6d68195-7ea7-424b-a01c-857d1da228b3,2026-08-19T03:16:47.896Z,2026-08-19T03:24:17.896Z,443,f,2026-08-19T03:16:47.896Z
35316703-f0d6-48a9-a44a-0dc0396125e6,50096a74-3a5d-4c9f-a5ed-4895fa19e8ae,e6d68195-7ea7-424b-a01c-857d1da228b3,2026-08-19T07:49:17.896Z,2026-08-19T07:56:17.896Z,413,f,2026-08-19T07:49:17.896Z
af21ec80-2920-4604-9178-2e908659417a,50096a74-3a5d-4c9f-a5ed-4895fa19e8ae,e6d68195-7ea7-424b-a01c-857d1da228b3,2026-08-20T04:40:28.295Z,2026-08-20T04:44:28.295Z,217,f,2026-08-20T04:40:28.295Z
e679847c-e644-4f3b-9db0-ae9f7eff05d0,50096a74-3a5d-4c9f-a5ed-4895fa19e8ae,e6d68195-7ea7-424b-a01c-857d1da228b3,2026-08-20T05:30:28.295Z,2026-08-20T05:37:58.295Z,422,f,2026-08-20T05:30:28.295Z
d7f2b85b-aae0-4fca-81bf-28f65fd8a50d,50096a74-3a5d-4c9f-a5ed-4895fa19e8ae,e6d68195-7ea7-424b-a01c-857d1da228b3,2026-08-22T02:33:16.410Z,2026-08-22T02:38:16.410Z,281,f,2026-08-22T02:33:16.410Z
a20ec599-0708-40c0-ab91-dd3f5a483960,50096a74-3a5d-4c9f-a5ed-4895fa19e8ae,e6d68195-7ea7-424b-a01c-857d1da228b3,2026-08-22T03:12:46.410Z,2026-08-22T03:20:46.410Z,463,f,2026-08-22T03:12:46.410Z
336fcf20-3c95-4062-a992-13d75c61c9bc,50096a74-3a5d-4c9f-a5ed-4895fa19e8ae,e6d68195-7ea7-424b-a01c-857d1da228b3,2026-08-22T04:30:16.410Z,2026-08-22T04:36:46.410Z,388,f,2026-08-22T04:30:16.410Z
8434b65e-67f2-4db6-9498-933b2f130939,50096a74-3a5d-4c9f-a5ed-4895fa19e8ae,e6d68195-7ea7-424b-a01c-857d1da228b3,2026-08-22T05:14:46.410Z,2026-08-22T05:18:16.410Z,203,f,2026-08-22T05:14:46.410Z
83987f41-752d-4008-aa07-cdef948ce7b9,50096a74-3a5d-4c9f-a5ed-4895fa19e8ae,e6d68195-7ea7-424b-a01c-857d1da228b3,2026-08-23T04:10:33.543Z,2026-08-23T04:17:03.543Z,365,f,2026-08-23T04:10:33.543Z
c38827f1-13d5-4cfe-be42-af59931e5a89,50096a74-3a5d-4c9f-a5ed-4895fa19e8ae,e6d68195-7ea7-424b-a01c-857d1da228b3,2026-08-23T05:05:03.543Z,2026-08-23T05:11:03.543Z,345,f,2026-08-23T05:05:03.543Z
47fef527-982d-4302-bdfa-192f1a57e8fa,50096a74-3a5d-4c9f-a5ed-4895fa19e8ae,e6d68195-7ea7-424b-a01c-857d1da228b3,2026-08-23T06:32:03.543Z,2026-08-23T06:38:33.543Z,372,f,2026-08-23T06:32:03.543Z
0a30696e-0960-470c-aa89-ec30c7ac261e,50096a74-3a5d-4c9f-a5ed-4895fa19e8ae,e6d68195-7ea7-424b-a01c-857d1da228b3,2026-08-23T07:22:03.543Z,2026-08-23T07:27:03.543Z,272,f,2026-08-23T07:22:03.543Z
7ef471b2-3991-4071-847a-361c4a440902,50096a74-3a5d-4c9f-a5ed-4895fa19e8ae,e6d68195-7ea7-424b-a01c-857d1da228b3,2026-08-24T04:53:42.870Z,2026-08-24T04:58:12.870Z,268,f,2026-08-24T04:53:42.870Z
72386f53-424f-4a52-9d3b-ab0bf717767f,50096a74-3a5d-4c9f-a5ed-4895fa19e8ae,e6d68195-7ea7-424b-a01c-857d1da228b3,2026-08-24T05:52:42.870Z,2026-08-24T05:56:42.870Z,215,f,2026-08-24T05:52:42.870Z
c00b7700-8ad0-433c-a671-c0d7bf6ed1c7,50096a74-3a5d-4c9f-a5ed-4895fa19e8ae,e6d68195-7ea7-424b-a01c-857d1da228b3,2026-08-25T04:46:48.598Z,2026-08-25T04:52:18.598Z,314,f,2026-08-25T04:46:48.598Z
4cd8904b-7bc4-48a1-ac73-edf9ea8bf72b,50096a74-3a5d-4c9f-a5ed-4895fa19e8ae,e6d68195-7ea7-424b-a01c-857d1da228b3,2026-08-25T06:49:48.598Z,2026-08-25T06:54:48.598Z,294,f,2026-08-25T06:49:48.598Z
0b15d6bf-cfe9-4b95-a6c2-6e91c0c6a974,50096a74-3a5d-4c9f-a5ed-4895fa19e8ae,e6d68195-7ea7-424b-a01c-857d1da228b3,2026-08-25T07:36:48.598Z,2026-08-25T07:40:18.598Z,196,f,2026-08-25T07:36:48.598Z
235d822d-31ce-40e3-91da-1aa38f315dd1,50096a74-3a5d-4c9f-a5ed-4895fa19e8ae,b4876859-8f1d-4f9b-9157-64ca963288a6,2026-07-28T04:54:01.334Z,2026-07-28T04:58:01.334Z,229,f,2026-07-28T04:54:01.334Z
03857bbf-cbd1-4c88-b7ec-bfd88904e0b0,50096a74-3a5d-4c9f-a5ed-4895fa19e8ae,b4876859-8f1d-4f9b-9157-64ca963288a6,2026-07-28T07:54:01.334Z,2026-07-28T07:58:01.334Z,227,f,2026-07-28T07:54:01.334Z
f93f854d-30da-4512-a809-751448e608ed,50096a74-3a5d-4c9f-a5ed-4895fa19e8ae,b4876859-8f1d-4f9b-9157-64ca963288a6,2026-07-29T05:38:18.197Z,2026-07-29T05:43:18.197Z,295,f,2026-07-29T05:38:18.197Z
3aced205-2fa6-424b-9514-3a8d536bde38,50096a74-3a5d-4c9f-a5ed-4895fa19e8ae,b4876859-8f1d-4f9b-9157-64ca963288a6,2026-07-29T08:24:18.197Z,2026-07-29T08:27:48.197Z,191,f,2026-07-29T08:24:18.197Z
9c8eea35-3657-430a-a2ef-108d5055d7d1,50096a74-3a5d-4c9f-a5ed-4895fa19e8ae,b4876859-8f1d-4f9b-9157-64ca963288a6,2026-08-01T04:36:00.043Z,2026-08-01T04:40:30.043Z,268,f,2026-08-01T04:36:00.043Z
2c494f72-145c-4683-8081-25d44b701405,50096a74-3a5d-4c9f-a5ed-4895fa19e8ae,b4876859-8f1d-4f9b-9157-64ca963288a6,2026-08-01T05:03:00.043Z,2026-08-01T05:06:30.043Z,197,f,2026-08-01T05:03:00.043Z
bdf4fe90-0665-4571-84d5-c883d830c068,50096a74-3a5d-4c9f-a5ed-4895fa19e8ae,b4876859-8f1d-4f9b-9157-64ca963288a6,2026-08-02T04:28:05.114Z,2026-08-02T04:31:35.114Z,191,f,2026-08-02T04:28:05.114Z
aa2eb5d2-f4b9-4d89-911c-17d4cc536ad4,50096a74-3a5d-4c9f-a5ed-4895fa19e8ae,b4876859-8f1d-4f9b-9157-64ca963288a6,2026-08-02T08:17:35.114Z,2026-08-02T08:22:35.114Z,296,f,2026-08-02T08:17:35.114Z
b63d8a12-c0ad-442a-9496-5e71f6ec306a,50096a74-3a5d-4c9f-a5ed-4895fa19e8ae,b4876859-8f1d-4f9b-9157-64ca963288a6,2026-08-05T05:02:59.614Z,2026-08-05T05:06:59.614Z,226,f,2026-08-05T05:02:59.614Z
fc9016e5-c66c-4f2d-9e79-3daa719e161f,50096a74-3a5d-4c9f-a5ed-4895fa19e8ae,b4876859-8f1d-4f9b-9157-64ca963288a6,2026-08-06T05:17:51.567Z,2026-08-06T05:22:51.567Z,287,f,2026-08-06T05:17:51.567Z
aa8bb94b-eae6-464c-9761-cf60cdab40d7,50096a74-3a5d-4c9f-a5ed-4895fa19e8ae,b4876859-8f1d-4f9b-9157-64ca963288a6,2026-08-06T06:09:51.567Z,2026-08-06T06:13:21.567Z,191,f,2026-08-06T06:09:51.567Z
c7922403-9238-42e6-bedb-d1a3f5813bad,50096a74-3a5d-4c9f-a5ed-4895fa19e8ae,b4876859-8f1d-4f9b-9157-64ca963288a6,2026-08-08T02:31:18.476Z,2026-08-08T02:34:48.476Z,187,f,2026-08-08T02:31:18.476Z
9227ee62-4bb8-4750-a23f-2b715f201d2e,50096a74-3a5d-4c9f-a5ed-4895fa19e8ae,b4876859-8f1d-4f9b-9157-64ca963288a6,2026-08-08T02:55:18.476Z,2026-08-08T02:58:48.476Z,199,f,2026-08-08T02:55:18.476Z
60dac4a5-bb93-4e7e-82e6-4281c6a40026,50096a74-3a5d-4c9f-a5ed-4895fa19e8ae,b4876859-8f1d-4f9b-9157-64ca963288a6,2026-08-08T03:40:18.476Z,2026-08-08T03:44:48.476Z,250,f,2026-08-08T03:40:18.476Z
4922586d-51c0-4e0b-905a-ea8f6dd537e3,50096a74-3a5d-4c9f-a5ed-4895fa19e8ae,b4876859-8f1d-4f9b-9157-64ca963288a6,2026-08-08T04:43:48.476Z,2026-08-08T04:47:18.476Z,185,f,2026-08-08T04:43:48.476Z
7235e66a-ee0a-41e2-8622-d399aea6739d,50096a74-3a5d-4c9f-a5ed-4895fa19e8ae,b4876859-8f1d-4f9b-9157-64ca963288a6,2026-08-08T05:46:48.476Z,2026-08-08T05:51:18.476Z,265,f,2026-08-08T05:46:48.476Z
145ed923-4064-427c-8d77-2c102372a97d,50096a74-3a5d-4c9f-a5ed-4895fa19e8ae,b4876859-8f1d-4f9b-9157-64ca963288a6,2026-08-08T06:29:18.476Z,2026-08-08T06:34:18.476Z,294,f,2026-08-08T06:29:18.476Z
38af0175-c103-4ed3-980e-3d5d4a9fb95e,50096a74-3a5d-4c9f-a5ed-4895fa19e8ae,b4876859-8f1d-4f9b-9157-64ca963288a6,2026-08-09T03:26:58.674Z,2026-08-09T03:30:28.674Z,203,f,2026-08-09T03:26:58.674Z
351100c8-7b50-4426-8790-bfca6491f2f3,50096a74-3a5d-4c9f-a5ed-4895fa19e8ae,b4876859-8f1d-4f9b-9157-64ca963288a6,2026-08-11T06:03:41.612Z,2026-08-11T06:07:41.612Z,235,f,2026-08-11T06:03:41.612Z
f5c91fd0-de79-42d9-8fdb-6829617910fa,50096a74-3a5d-4c9f-a5ed-4895fa19e8ae,b4876859-8f1d-4f9b-9157-64ca963288a6,2026-08-11T07:22:11.612Z,2026-08-11T07:26:11.612Z,225,f,2026-08-11T07:22:11.612Z
565f69c7-597d-4ecf-bd9a-2f560a92a736,50096a74-3a5d-4c9f-a5ed-4895fa19e8ae,b4876859-8f1d-4f9b-9157-64ca963288a6,2026-08-12T04:39:40.945Z,2026-08-12T04:43:40.945Z,223,f,2026-08-12T04:39:40.945Z
9b381f9f-d258-4de8-a951-e114d858b318,50096a74-3a5d-4c9f-a5ed-4895fa19e8ae,b4876859-8f1d-4f9b-9157-64ca963288a6,2026-08-12T06:18:10.945Z,2026-08-12T06:23:10.945Z,273,f,2026-08-12T06:18:10.945Z
b089a378-a046-44b8-8161-b816c77c4c18,50096a74-3a5d-4c9f-a5ed-4895fa19e8ae,b4876859-8f1d-4f9b-9157-64ca963288a6,2026-08-16T03:06:54.978Z,2026-08-16T03:11:54.978Z,280,f,2026-08-16T03:06:54.978Z
e0a0f0cf-971f-4d11-a10a-04714e4827b0,50096a74-3a5d-4c9f-a5ed-4895fa19e8ae,b4876859-8f1d-4f9b-9157-64ca963288a6,2026-08-16T04:32:54.978Z,2026-08-16T04:36:54.978Z,232,f,2026-08-16T04:32:54.978Z
189385b1-61de-46e0-a01d-a826bab6b794,50096a74-3a5d-4c9f-a5ed-4895fa19e8ae,b4876859-8f1d-4f9b-9157-64ca963288a6,2026-08-16T05:54:24.978Z,2026-08-16T05:59:24.978Z,289,f,2026-08-16T05:54:24.978Z
b527357d-86e9-4e47-a8cc-03924830df4b,50096a74-3a5d-4c9f-a5ed-4895fa19e8ae,b4876859-8f1d-4f9b-9157-64ca963288a6,2026-08-16T07:01:24.978Z,2026-08-16T07:06:24.978Z,271,f,2026-08-16T07:01:24.978Z
6b4fdaef-e7ee-4d54-8573-6c97a768ded6,50096a74-3a5d-4c9f-a5ed-4895fa19e8ae,b4876859-8f1d-4f9b-9157-64ca963288a6,2026-08-17T03:19:47.561Z,2026-08-17T03:24:47.561Z,294,f,2026-08-17T03:19:47.561Z
6bc76576-2888-412b-adb7-8a6ff8629060,50096a74-3a5d-4c9f-a5ed-4895fa19e8ae,b4876859-8f1d-4f9b-9157-64ca963288a6,2026-08-17T04:12:47.561Z,2026-08-17T04:16:47.561Z,230,f,2026-08-17T04:12:47.561Z
a8b2aa73-74a3-4dfd-aff5-b0f0ed4941c5,50096a74-3a5d-4c9f-a5ed-4895fa19e8ae,b4876859-8f1d-4f9b-9157-64ca963288a6,2026-08-17T06:08:17.561Z,2026-08-17T06:11:47.561Z,194,f,2026-08-17T06:08:17.561Z
ed0a2546-654a-4c41-a295-80c3f628d7bf,50096a74-3a5d-4c9f-a5ed-4895fa19e8ae,b4876859-8f1d-4f9b-9157-64ca963288a6,2026-08-18T04:07:36.815Z,2026-08-18T04:11:06.815Z,205,f,2026-08-18T04:07:36.815Z
16c5f277-b010-4b02-afe4-95cb846875d0,50096a74-3a5d-4c9f-a5ed-4895fa19e8ae,b4876859-8f1d-4f9b-9157-64ca963288a6,2026-08-22T05:29:39.426Z,2026-08-22T05:34:09.426Z,261,f,2026-08-22T05:29:39.426Z
0707e62d-77d8-46af-afd4-abb5e782d941,50096a74-3a5d-4c9f-a5ed-4895fa19e8ae,b4876859-8f1d-4f9b-9157-64ca963288a6,2026-08-22T06:18:09.426Z,2026-08-22T06:23:09.426Z,290,f,2026-08-22T06:18:09.426Z
6ef67f3e-c6b7-436d-9a14-bde3c57ad2c1,50096a74-3a5d-4c9f-a5ed-4895fa19e8ae,b4876859-8f1d-4f9b-9157-64ca963288a6,2026-08-22T09:40:09.426Z,2026-08-22T09:44:39.426Z,267,f,2026-08-22T09:40:09.426Z
1f735ee1-a067-45b8-9cf8-2bf7ccb7b7dd,50096a74-3a5d-4c9f-a5ed-4895fa19e8ae,b4876859-8f1d-4f9b-9157-64ca963288a6,2026-08-23T03:32:55.890Z,2026-08-23T03:36:25.890Z,200,f,2026-08-23T03:32:55.890Z
d3e57c5a-f243-44bd-9641-6b590894504e,50096a74-3a5d-4c9f-a5ed-4895fa19e8ae,b4876859-8f1d-4f9b-9157-64ca963288a6,2026-08-23T07:03:25.890Z,2026-08-23T07:06:55.890Z,195,f,2026-08-23T07:03:25.890Z
7d6ac066-9cd6-4ffd-9411-09fbfb205f4e,50096a74-3a5d-4c9f-a5ed-4895fa19e8ae,b4876859-8f1d-4f9b-9157-64ca963288a6,2026-08-25T04:56:32.140Z,2026-08-25T05:00:02.140Z,182,f,2026-08-25T04:56:32.140Z
dae5eac3-9cb5-42c9-a99e-dc49119ca574,50096a74-3a5d-4c9f-a5ed-4895fa19e8ae,48812fc1-004b-41ce-8add-681185de144b,2026-07-27T17:28:46.550Z,2026-07-27T17:32:16.550Z,209,f,2026-07-27T17:28:46.550Z
9ff333da-d934-4090-be56-1400968d7a3e,50096a74-3a5d-4c9f-a5ed-4895fa19e8ae,48812fc1-004b-41ce-8add-681185de144b,2026-07-28T17:41:25.837Z,2026-07-28T17:45:25.837Z,219,f,2026-07-28T17:41:25.837Z
314480b2-d2d4-4764-8f12-092af03a4789,50096a74-3a5d-4c9f-a5ed-4895fa19e8ae,48812fc1-004b-41ce-8add-681185de144b,2026-08-01T17:41:06.423Z,2026-08-01T17:45:36.423Z,268,f,2026-08-01T17:41:06.423Z
7d57c3f6-c2d7-4de3-917c-802602554d33,50096a74-3a5d-4c9f-a5ed-4895fa19e8ae,48812fc1-004b-41ce-8add-681185de144b,2026-08-02T18:08:19.586Z,2026-08-02T18:12:19.586Z,231,f,2026-08-02T18:08:19.586Z
ddf6d374-327c-46f0-925d-02168c628a1b,50096a74-3a5d-4c9f-a5ed-4895fa19e8ae,48812fc1-004b-41ce-8add-681185de144b,2026-08-03T16:31:44.393Z,2026-08-03T16:35:14.393Z,185,f,2026-08-03T16:31:44.393Z
63d9fc9c-3a55-4e9f-906d-8e615eef44ab,50096a74-3a5d-4c9f-a5ed-4895fa19e8ae,48812fc1-004b-41ce-8add-681185de144b,2026-08-03T17:20:44.393Z,2026-08-03T17:24:44.393Z,214,f,2026-08-03T17:20:44.393Z
8cbb88ba-6c07-4d06-ae36-28f58df0f5db,50096a74-3a5d-4c9f-a5ed-4895fa19e8ae,48812fc1-004b-41ce-8add-681185de144b,2026-08-03T19:30:14.393Z,2026-08-03T19:35:14.393Z,282,f,2026-08-03T19:30:14.393Z
6e3be990-677b-4227-9569-bec3ea35b295,50096a74-3a5d-4c9f-a5ed-4895fa19e8ae,48812fc1-004b-41ce-8add-681185de144b,2026-08-04T18:07:06.348Z,2026-08-04T18:10:36.348Z,197,f,2026-08-04T18:07:06.348Z
76dede85-260c-472e-9780-93a3f61bac98,50096a74-3a5d-4c9f-a5ed-4895fa19e8ae,48812fc1-004b-41ce-8add-681185de144b,2026-08-04T20:42:36.348Z,2026-08-04T20:46:36.348Z,234,f,2026-08-04T20:42:36.348Z
f7dc11db-aa74-4117-a3e7-1f25304da272,50096a74-3a5d-4c9f-a5ed-4895fa19e8ae,48812fc1-004b-41ce-8add-681185de144b,2026-08-04T21:21:36.348Z,2026-08-04T21:26:06.348Z,257,f,2026-08-04T21:21:36.348Z
bf69810e-fa8f-4fa1-a1bc-62c9cdcb92c2,50096a74-3a5d-4c9f-a5ed-4895fa19e8ae,48812fc1-004b-41ce-8add-681185de144b,2026-08-05T16:43:38.773Z,2026-08-05T16:48:38.773Z,281,f,2026-08-05T16:43:38.773Z
577e064c-e5a6-47cd-b4a1-3d4acec544f7,50096a74-3a5d-4c9f-a5ed-4895fa19e8ae,48812fc1-004b-41ce-8add-681185de144b,2026-08-05T17:04:08.773Z,2026-08-05T17:07:38.773Z,184,f,2026-08-05T17:04:08.773Z
f1f83564-3fda-4856-9f6a-afc5b2979105,50096a74-3a5d-4c9f-a5ed-4895fa19e8ae,48812fc1-004b-41ce-8add-681185de144b,2026-08-06T18:06:38.810Z,2026-08-06T18:11:38.810Z,275,f,2026-08-06T18:06:38.810Z
876b029d-65b0-4752-b0eb-d0b2c20bd9a8,50096a74-3a5d-4c9f-a5ed-4895fa19e8ae,48812fc1-004b-41ce-8add-681185de144b,2026-08-06T19:03:38.810Z,2026-08-06T19:07:38.810Z,226,f,2026-08-06T19:03:38.810Z
fa9935ca-48c9-4158-a100-af33e3811d92,50096a74-3a5d-4c9f-a5ed-4895fa19e8ae,48812fc1-004b-41ce-8add-681185de144b,2026-08-08T19:46:50.598Z,2026-08-08T19:51:20.598Z,251,f,2026-08-08T19:46:50.598Z
d0d4fdcb-36cb-47ce-9bac-2fb0932b19ec,50096a74-3a5d-4c9f-a5ed-4895fa19e8ae,48812fc1-004b-41ce-8add-681185de144b,2026-08-09T19:19:57.679Z,2026-08-09T19:23:57.679Z,235,f,2026-08-09T19:19:57.679Z
44f2a68c-aade-4ffb-9d7a-dfdaac9cf9ec,50096a74-3a5d-4c9f-a5ed-4895fa19e8ae,48812fc1-004b-41ce-8add-681185de144b,2026-08-10T19:27:54.269Z,2026-08-10T19:31:24.269Z,182,f,2026-08-10T19:27:54.269Z
cea457a6-8f07-4bba-8f2d-31293f80faf1,50096a74-3a5d-4c9f-a5ed-4895fa19e8ae,48812fc1-004b-41ce-8add-681185de144b,2026-08-12T17:20:33.050Z,2026-08-12T17:25:03.050Z,245,f,2026-08-12T17:20:33.050Z
f06fb7f5-34eb-4abf-93a8-200210a86b29,50096a74-3a5d-4c9f-a5ed-4895fa19e8ae,48812fc1-004b-41ce-8add-681185de144b,2026-08-12T18:11:33.050Z,2026-08-12T18:15:33.050Z,213,f,2026-08-12T18:11:33.050Z
ac5f5326-8034-41bc-a795-204ee354c170,50096a74-3a5d-4c9f-a5ed-4895fa19e8ae,48812fc1-004b-41ce-8add-681185de144b,2026-08-12T19:08:33.050Z,2026-08-12T19:13:03.050Z,263,f,2026-08-12T19:08:33.050Z
b368b5a8-ee11-41f4-8801-cafc14d7d06d,50096a74-3a5d-4c9f-a5ed-4895fa19e8ae,48812fc1-004b-41ce-8add-681185de144b,2026-08-12T20:21:33.050Z,2026-08-12T20:26:03.050Z,263,f,2026-08-12T20:21:33.050Z
87943e7b-4745-4cf2-aa33-e6c429ecceb7,50096a74-3a5d-4c9f-a5ed-4895fa19e8ae,48812fc1-004b-41ce-8add-681185de144b,2026-08-13T17:54:53.737Z,2026-08-13T17:59:23.737Z,248,f,2026-08-13T17:54:53.737Z
4a16416b-9aa1-4f1d-92b7-e1e6fc6802ee,50096a74-3a5d-4c9f-a5ed-4895fa19e8ae,48812fc1-004b-41ce-8add-681185de144b,2026-08-15T18:05:49.157Z,2026-08-15T18:09:19.157Z,202,f,2026-08-15T18:05:49.157Z
5725490f-5e23-4656-bfb6-87c9885bcd95,50096a74-3a5d-4c9f-a5ed-4895fa19e8ae,48812fc1-004b-41ce-8add-681185de144b,2026-08-16T17:40:48.500Z,2026-08-16T17:45:18.500Z,246,f,2026-08-16T17:40:48.500Z
993a5a95-925d-435d-9d11-ee140604a9b0,50096a74-3a5d-4c9f-a5ed-4895fa19e8ae,48812fc1-004b-41ce-8add-681185de144b,2026-08-16T18:27:48.500Z,2026-08-16T18:32:18.500Z,250,f,2026-08-16T18:27:48.500Z
3b0a0ff6-3a3a-404b-a60a-bbf744635a7c,50096a74-3a5d-4c9f-a5ed-4895fa19e8ae,48812fc1-004b-41ce-8add-681185de144b,2026-08-17T17:50:06.289Z,2026-08-17T17:54:06.289Z,229,f,2026-08-17T17:50:06.289Z
0bf0c1bf-b213-4ccf-afd4-d94a1cdf4370,50096a74-3a5d-4c9f-a5ed-4895fa19e8ae,48812fc1-004b-41ce-8add-681185de144b,2026-08-17T19:37:36.289Z,2026-08-17T19:42:06.289Z,262,f,2026-08-17T19:37:36.289Z
d9d4cc9b-28dc-4fd5-baef-2390b8c987fe,50096a74-3a5d-4c9f-a5ed-4895fa19e8ae,48812fc1-004b-41ce-8add-681185de144b,2026-08-18T18:52:01.547Z,2026-08-18T18:57:01.547Z,293,f,2026-08-18T18:52:01.547Z
bdfd6a75-fe7c-469e-83e9-3fc553794f0f,50096a74-3a5d-4c9f-a5ed-4895fa19e8ae,48812fc1-004b-41ce-8add-681185de144b,2026-08-19T17:00:38.113Z,2026-08-19T17:04:38.113Z,223,f,2026-08-19T17:00:38.113Z
db59d13e-36da-4ad6-aeb8-140adc55c51f,50096a74-3a5d-4c9f-a5ed-4895fa19e8ae,48812fc1-004b-41ce-8add-681185de144b,2026-08-19T18:05:38.113Z,2026-08-19T18:09:38.113Z,226,f,2026-08-19T18:05:38.113Z
f981ad74-b81d-4c42-9104-52d28e4b3f8d,50096a74-3a5d-4c9f-a5ed-4895fa19e8ae,48812fc1-004b-41ce-8add-681185de144b,2026-08-20T17:07:34.959Z,2026-08-20T17:12:34.959Z,288,f,2026-08-20T17:07:34.959Z
fa73ef05-1d41-4dd8-b78f-7ec3b8d87276,50096a74-3a5d-4c9f-a5ed-4895fa19e8ae,48812fc1-004b-41ce-8add-681185de144b,2026-08-20T17:29:34.959Z,2026-08-20T17:33:34.959Z,226,f,2026-08-20T17:29:34.959Z
9e6c38c9-1b80-4227-82f4-637fe9ea9947,50096a74-3a5d-4c9f-a5ed-4895fa19e8ae,48812fc1-004b-41ce-8add-681185de144b,2026-08-23T19:44:21.894Z,2026-08-23T19:48:51.894Z,258,f,2026-08-23T19:44:21.894Z
f6ef6a95-c669-445b-a5ea-dbffd2f72287,50096a74-3a5d-4c9f-a5ed-4895fa19e8ae,48812fc1-004b-41ce-8add-681185de144b,2026-08-23T22:10:21.894Z,2026-08-23T22:15:21.894Z,292,f,2026-08-23T22:10:21.894Z
a2a8f7dd-297a-4f09-8b63-62e8d5b2b74c,50096a74-3a5d-4c9f-a5ed-4895fa19e8ae,48812fc1-004b-41ce-8add-681185de144b,2026-08-24T17:12:33.118Z,2026-08-24T17:17:03.118Z,258,f,2026-08-24T17:12:33.118Z
3d02c240-20ee-4454-980e-7168dff2d487,50096a74-3a5d-4c9f-a5ed-4895fa19e8ae,48812fc1-004b-41ce-8add-681185de144b,2026-08-24T18:13:33.118Z,2026-08-24T18:18:03.118Z,261,f,2026-08-24T18:13:33.118Z
7567b249-294c-4fac-b072-9739c6cb55de,50096a74-3a5d-4c9f-a5ed-4895fa19e8ae,48812fc1-004b-41ce-8add-681185de144b,2026-08-25T17:42:15.624Z,2026-08-25T17:47:15.624Z,286,f,2026-08-25T17:42:15.624Z
2f1c1799-f36b-4fb2-9223-e86daba58e48,50096a74-3a5d-4c9f-a5ed-4895fa19e8ae,48812fc1-004b-41ce-8add-681185de144b,2026-08-25T18:39:15.624Z,2026-08-25T18:44:15.624Z,279,f,2026-08-25T18:39:15.624Z
5cf38068-8937-4e53-8138-50645acf4705,50096a74-3a5d-4c9f-a5ed-4895fa19e8ae,5897e7c3-774b-48ad-a7e1-cae4f6bf815f,2026-07-27T05:56:29.835Z,2026-07-27T06:00:29.835Z,238,f,2026-07-27T05:56:29.835Z
8bd3673d-251b-4c27-8728-930360785a96,50096a74-3a5d-4c9f-a5ed-4895fa19e8ae,5897e7c3-774b-48ad-a7e1-cae4f6bf815f,2026-07-27T06:50:29.835Z,2026-07-27T06:53:59.835Z,186,f,2026-07-27T06:50:29.835Z
438a1490-e89e-48e1-8535-b4f3733b0c0e,50096a74-3a5d-4c9f-a5ed-4895fa19e8ae,5897e7c3-774b-48ad-a7e1-cae4f6bf815f,2026-07-28T03:34:02.499Z,2026-07-28T03:37:32.499Z,185,f,2026-07-28T03:34:02.499Z
97148f9b-c3db-4402-b013-de1ae425388a,50096a74-3a5d-4c9f-a5ed-4895fa19e8ae,5897e7c3-774b-48ad-a7e1-cae4f6bf815f,2026-07-28T04:14:02.499Z,2026-07-28T04:18:02.499Z,213,f,2026-07-28T04:14:02.499Z
1f8f0bf6-ced5-42c0-acb6-5cf1806c75a9,50096a74-3a5d-4c9f-a5ed-4895fa19e8ae,5897e7c3-774b-48ad-a7e1-cae4f6bf815f,2026-07-29T03:29:01.201Z,2026-07-29T03:32:31.201Z,199,f,2026-07-29T03:29:01.201Z
06e634c2-8065-482b-900d-4b290265f373,50096a74-3a5d-4c9f-a5ed-4895fa19e8ae,5897e7c3-774b-48ad-a7e1-cae4f6bf815f,2026-07-29T04:08:31.201Z,2026-07-29T04:12:01.201Z,185,f,2026-07-29T04:08:31.201Z
be059024-b1e3-4b4f-80e0-f7f29253ba86,50096a74-3a5d-4c9f-a5ed-4895fa19e8ae,5897e7c3-774b-48ad-a7e1-cae4f6bf815f,2026-08-01T07:41:47.258Z,2026-08-01T07:45:47.258Z,225,f,2026-08-01T07:41:47.258Z
e91028d6-25fd-4d2f-a95e-696359ee67b8,50096a74-3a5d-4c9f-a5ed-4895fa19e8ae,5897e7c3-774b-48ad-a7e1-cae4f6bf815f,2026-08-01T08:40:47.258Z,2026-08-01T08:44:17.258Z,200,f,2026-08-01T08:40:47.258Z
11a759e1-461f-40a8-bcfa-93193428af8f,50096a74-3a5d-4c9f-a5ed-4895fa19e8ae,5897e7c3-774b-48ad-a7e1-cae4f6bf815f,2026-08-02T04:04:41.759Z,2026-08-02T04:09:41.759Z,286,f,2026-08-02T04:04:41.759Z
0115a0fc-48f1-4f77-b002-e1acd407210a,50096a74-3a5d-4c9f-a5ed-4895fa19e8ae,5897e7c3-774b-48ad-a7e1-cae4f6bf815f,2026-08-03T03:32:32.739Z,2026-08-03T03:37:02.739Z,252,f,2026-08-03T03:32:32.739Z
6191c6c3-5249-4ddd-8e3e-ca4425c1ed19,50096a74-3a5d-4c9f-a5ed-4895fa19e8ae,5897e7c3-774b-48ad-a7e1-cae4f6bf815f,2026-08-03T04:39:32.739Z,2026-08-03T04:43:02.739Z,202,f,2026-08-03T04:39:32.739Z
0b58dcad-cb99-4b07-96f5-f787d8dedf3a,50096a74-3a5d-4c9f-a5ed-4895fa19e8ae,5897e7c3-774b-48ad-a7e1-cae4f6bf815f,2026-08-03T05:14:32.739Z,2026-08-03T05:18:02.739Z,205,f,2026-08-03T05:14:32.739Z
c2c53883-bd2e-4939-a7c6-f87da7ce0051,50096a74-3a5d-4c9f-a5ed-4895fa19e8ae,5897e7c3-774b-48ad-a7e1-cae4f6bf815f,2026-08-04T03:56:52.415Z,2026-08-04T04:00:22.415Z,181,f,2026-08-04T03:56:52.415Z
16a7a289-562a-4d66-90a6-64f0af98e7d6,50096a74-3a5d-4c9f-a5ed-4895fa19e8ae,5897e7c3-774b-48ad-a7e1-cae4f6bf815f,2026-08-05T05:04:45.217Z,2026-08-05T05:09:45.217Z,289,f,2026-08-05T05:04:45.217Z
bc115d06-777e-490c-ac94-ab890f661d39,50096a74-3a5d-4c9f-a5ed-4895fa19e8ae,5897e7c3-774b-48ad-a7e1-cae4f6bf815f,2026-08-05T05:47:45.217Z,2026-08-05T05:51:15.217Z,203,f,2026-08-05T05:47:45.217Z
9b8b61c1-7229-4b34-9809-3e249266bbb9,50096a74-3a5d-4c9f-a5ed-4895fa19e8ae,5897e7c3-774b-48ad-a7e1-cae4f6bf815f,2026-08-05T06:21:45.217Z,2026-08-05T06:25:15.217Z,191,f,2026-08-05T06:21:45.217Z
1670f554-8f8c-4188-80ea-e438d1d269fd,50096a74-3a5d-4c9f-a5ed-4895fa19e8ae,5897e7c3-774b-48ad-a7e1-cae4f6bf815f,2026-08-05T06:56:15.217Z,2026-08-05T07:00:15.217Z,225,f,2026-08-05T06:56:15.217Z
db3890fc-bc9b-48bc-aa18-9591f98789a1,50096a74-3a5d-4c9f-a5ed-4895fa19e8ae,5897e7c3-774b-48ad-a7e1-cae4f6bf815f,2026-08-09T04:44:41.583Z,2026-08-09T04:48:11.583Z,194,f,2026-08-09T04:44:41.583Z
8b6fcfff-e657-440e-85c2-9bcf22fdee5f,50096a74-3a5d-4c9f-a5ed-4895fa19e8ae,5897e7c3-774b-48ad-a7e1-cae4f6bf815f,2026-08-09T07:12:11.583Z,2026-08-09T07:17:11.583Z,291,f,2026-08-09T07:12:11.583Z
ec71c7ee-5622-4d92-9bf5-79cf80ef6516,50096a74-3a5d-4c9f-a5ed-4895fa19e8ae,5897e7c3-774b-48ad-a7e1-cae4f6bf815f,2026-08-10T05:21:22.957Z,2026-08-10T05:24:52.957Z,204,f,2026-08-10T05:21:22.957Z
d0511f82-7d2b-42d0-9a24-48c7f06c30a8,50096a74-3a5d-4c9f-a5ed-4895fa19e8ae,5897e7c3-774b-48ad-a7e1-cae4f6bf815f,2026-08-10T05:47:52.957Z,2026-08-10T05:52:22.957Z,257,f,2026-08-10T05:47:52.957Z
73f7dd43-c0ed-4dfc-90cc-333b3cbf52d8,50096a74-3a5d-4c9f-a5ed-4895fa19e8ae,5897e7c3-774b-48ad-a7e1-cae4f6bf815f,2026-08-11T04:44:38.582Z,2026-08-11T04:49:08.582Z,248,f,2026-08-11T04:44:38.582Z
2d39c1b0-c54c-48dc-b55e-2e5222fd2614,50096a74-3a5d-4c9f-a5ed-4895fa19e8ae,5897e7c3-774b-48ad-a7e1-cae4f6bf815f,2026-08-12T03:33:23.823Z,2026-08-12T03:37:23.823Z,216,f,2026-08-12T03:33:23.823Z
d930d321-3819-4780-a1d6-5a6c57e26439,50096a74-3a5d-4c9f-a5ed-4895fa19e8ae,5897e7c3-774b-48ad-a7e1-cae4f6bf815f,2026-08-13T03:57:38.462Z,2026-08-13T04:01:38.462Z,221,f,2026-08-13T03:57:38.462Z
31c2eb54-b7ba-4fde-9d65-940181b0ea57,50096a74-3a5d-4c9f-a5ed-4895fa19e8ae,5897e7c3-774b-48ad-a7e1-cae4f6bf815f,2026-08-13T04:57:08.462Z,2026-08-13T05:01:38.462Z,243,f,2026-08-13T04:57:08.462Z
63004b41-2bf5-4cc8-a739-5b2473a88f56,50096a74-3a5d-4c9f-a5ed-4895fa19e8ae,5897e7c3-774b-48ad-a7e1-cae4f6bf815f,2026-08-17T03:26:32.576Z,2026-08-17T03:31:32.576Z,288,f,2026-08-17T03:26:32.576Z
9de440fd-24b4-433f-9b86-216a5c73654c,50096a74-3a5d-4c9f-a5ed-4895fa19e8ae,5897e7c3-774b-48ad-a7e1-cae4f6bf815f,2026-08-18T04:08:28.436Z,2026-08-18T04:13:28.436Z,290,f,2026-08-18T04:08:28.436Z
d5bc5abe-4c12-450e-ba2c-14c93228c391,50096a74-3a5d-4c9f-a5ed-4895fa19e8ae,5897e7c3-774b-48ad-a7e1-cae4f6bf815f,2026-08-18T05:02:58.436Z,2026-08-18T05:06:28.436Z,185,f,2026-08-18T05:02:58.436Z
04b2ac55-f0e0-45eb-8575-4ef38a58a08f,50096a74-3a5d-4c9f-a5ed-4895fa19e8ae,5897e7c3-774b-48ad-a7e1-cae4f6bf815f,2026-08-18T07:33:58.436Z,2026-08-18T07:37:28.436Z,202,f,2026-08-18T07:33:58.436Z
adf63e9e-e9cb-42cc-9060-5c6c2af84f3d,50096a74-3a5d-4c9f-a5ed-4895fa19e8ae,5897e7c3-774b-48ad-a7e1-cae4f6bf815f,2026-08-18T08:01:28.436Z,2026-08-18T08:06:28.436Z,278,f,2026-08-18T08:01:28.436Z
f8deba94-b6f4-45b6-82fb-3b96b10c2db9,50096a74-3a5d-4c9f-a5ed-4895fa19e8ae,5897e7c3-774b-48ad-a7e1-cae4f6bf815f,2026-08-18T08:41:58.436Z,2026-08-18T08:46:58.436Z,276,f,2026-08-18T08:41:58.436Z
140e0307-fd12-42f9-9c72-0064d0f2dbb7,50096a74-3a5d-4c9f-a5ed-4895fa19e8ae,5897e7c3-774b-48ad-a7e1-cae4f6bf815f,2026-08-19T04:55:21.727Z,2026-08-19T04:58:51.727Z,205,f,2026-08-19T04:55:21.727Z
f25d5a27-0213-4315-8fa7-e9261d14586d,50096a74-3a5d-4c9f-a5ed-4895fa19e8ae,5897e7c3-774b-48ad-a7e1-cae4f6bf815f,2026-08-19T05:39:21.727Z,2026-08-19T05:42:21.727Z,180,f,2026-08-19T05:39:21.727Z
ec64f77d-2a76-4b3e-a8bf-490e3c19062b,50096a74-3a5d-4c9f-a5ed-4895fa19e8ae,5897e7c3-774b-48ad-a7e1-cae4f6bf815f,2026-08-22T03:21:40.346Z,2026-08-22T03:25:10.346Z,197,f,2026-08-22T03:21:40.346Z
45e54283-bca4-4107-be09-b5f29350e8e4,50096a74-3a5d-4c9f-a5ed-4895fa19e8ae,5897e7c3-774b-48ad-a7e1-cae4f6bf815f,2026-08-22T04:23:10.346Z,2026-08-22T04:26:40.346Z,204,f,2026-08-22T04:23:10.346Z
a32ee13e-728a-4a84-99ab-918243d6c317,50096a74-3a5d-4c9f-a5ed-4895fa19e8ae,5897e7c3-774b-48ad-a7e1-cae4f6bf815f,2026-08-22T06:16:40.346Z,2026-08-22T06:21:10.346Z,265,f,2026-08-22T06:16:40.346Z
fb77cb49-b5bb-4793-9168-f8d07121e42f,50096a74-3a5d-4c9f-a5ed-4895fa19e8ae,5897e7c3-774b-48ad-a7e1-cae4f6bf815f,2026-08-22T07:26:10.346Z,2026-08-22T07:30:40.346Z,259,f,2026-08-22T07:26:10.346Z
67615f5f-a9a7-46e0-9a5a-2caafb04e381,50096a74-3a5d-4c9f-a5ed-4895fa19e8ae,5897e7c3-774b-48ad-a7e1-cae4f6bf815f,2026-08-24T04:00:21.873Z,2026-08-24T04:04:51.873Z,266,f,2026-08-24T04:00:21.873Z
6c77e17b-3384-4ed7-be11-9a7d64b60333,50096a74-3a5d-4c9f-a5ed-4895fa19e8ae,5897e7c3-774b-48ad-a7e1-cae4f6bf815f,2026-08-24T07:03:51.873Z,2026-08-24T07:07:51.873Z,231,f,2026-08-24T07:03:51.873Z
c162c6a9-64a7-44ca-95e0-384b01707328,50096a74-3a5d-4c9f-a5ed-4895fa19e8ae,5897e7c3-774b-48ad-a7e1-cae4f6bf815f,2026-08-24T07:23:51.873Z,2026-08-24T07:28:51.873Z,276,f,2026-08-24T07:23:51.873Z
4a7ca947-c5e0-4848-8723-d6aad0d53b42,50096a74-3a5d-4c9f-a5ed-4895fa19e8ae,5897e7c3-774b-48ad-a7e1-cae4f6bf815f,2026-08-24T08:07:51.873Z,2026-08-24T08:12:21.873Z,245,f,2026-08-24T08:07:51.873Z
9b36561f-2fc1-43ba-bc3e-f1f9b80eec15,50096a74-3a5d-4c9f-a5ed-4895fa19e8ae,5897e7c3-774b-48ad-a7e1-cae4f6bf815f,2026-08-25T04:42:48.357Z,2026-08-25T04:46:18.357Z,181,f,2026-08-25T04:42:48.357Z
c2fba7da-0669-4d9a-9ab4-2b5237a487fb,50096a74-3a5d-4c9f-a5ed-4895fa19e8ae,5897e7c3-774b-48ad-a7e1-cae4f6bf815f,2026-08-25T05:59:18.357Z,2026-08-25T06:03:18.357Z,236,f,2026-08-25T05:59:18.357Z
1a739a7b-9916-44c4-be5e-d293e9d978da,50096a74-3a5d-4c9f-a5ed-4895fa19e8ae,415a5474-67b2-4f32-9f0b-eb12a402ee7e,2026-07-28T03:25:21.823Z,2026-07-28T03:29:21.823Z,216,f,2026-07-28T03:25:21.823Z
28a2e84b-7e04-43dd-8869-a45378caa9b3,50096a74-3a5d-4c9f-a5ed-4895fa19e8ae,415a5474-67b2-4f32-9f0b-eb12a402ee7e,2026-07-28T04:24:21.823Z,2026-07-28T04:27:51.823Z,184,f,2026-07-28T04:24:21.823Z
895bcccf-cd57-4d87-bf30-68329cdbc81d,50096a74-3a5d-4c9f-a5ed-4895fa19e8ae,415a5474-67b2-4f32-9f0b-eb12a402ee7e,2026-07-28T05:50:51.823Z,2026-07-28T05:55:51.823Z,289,f,2026-07-28T05:50:51.823Z
8d1fa64c-dc6b-412e-8e9a-e42af7e865ec,50096a74-3a5d-4c9f-a5ed-4895fa19e8ae,415a5474-67b2-4f32-9f0b-eb12a402ee7e,2026-07-29T04:17:45.215Z,2026-07-29T04:21:45.215Z,222,f,2026-07-29T04:17:45.215Z
aef309ab-9ceb-421c-ba83-2efbf25f1423,50096a74-3a5d-4c9f-a5ed-4895fa19e8ae,415a5474-67b2-4f32-9f0b-eb12a402ee7e,2026-07-29T05:10:15.215Z,2026-07-29T05:14:45.215Z,259,f,2026-07-29T05:10:15.215Z
5125d3eb-26af-4c4b-9737-a88226321e32,50096a74-3a5d-4c9f-a5ed-4895fa19e8ae,415a5474-67b2-4f32-9f0b-eb12a402ee7e,2026-08-01T03:46:51.628Z,2026-08-01T03:50:51.628Z,219,f,2026-08-01T03:46:51.628Z
8ea8d3c9-eff8-4494-ab37-90a22cd11ada,50096a74-3a5d-4c9f-a5ed-4895fa19e8ae,415a5474-67b2-4f32-9f0b-eb12a402ee7e,2026-08-01T04:32:51.628Z,2026-08-01T04:37:21.628Z,246,f,2026-08-01T04:32:51.628Z
7382e020-5bb9-4636-ad91-bba9a7aa4325,50096a74-3a5d-4c9f-a5ed-4895fa19e8ae,415a5474-67b2-4f32-9f0b-eb12a402ee7e,2026-08-01T05:20:51.628Z,2026-08-01T05:25:21.628Z,254,f,2026-08-01T05:20:51.628Z
88676959-8f32-4072-bb82-8f78ef0643b6,50096a74-3a5d-4c9f-a5ed-4895fa19e8ae,415a5474-67b2-4f32-9f0b-eb12a402ee7e,2026-08-02T04:26:10.122Z,2026-08-02T04:31:10.122Z,286,f,2026-08-02T04:26:10.122Z
665da87e-9d89-47cd-b733-da635b6a2106,50096a74-3a5d-4c9f-a5ed-4895fa19e8ae,415a5474-67b2-4f32-9f0b-eb12a402ee7e,2026-08-03T06:01:24.376Z,2026-08-03T06:04:54.376Z,185,f,2026-08-03T06:01:24.376Z
00463ee5-1d8a-4885-8b53-0eab9a2cf734,50096a74-3a5d-4c9f-a5ed-4895fa19e8ae,415a5474-67b2-4f32-9f0b-eb12a402ee7e,2026-08-04T02:43:32.013Z,2026-08-04T02:48:32.013Z,289,f,2026-08-04T02:43:32.013Z
627f0473-5768-4616-8675-318d55fda049,50096a74-3a5d-4c9f-a5ed-4895fa19e8ae,415a5474-67b2-4f32-9f0b-eb12a402ee7e,2026-08-04T03:42:32.013Z,2026-08-04T03:47:32.013Z,273,f,2026-08-04T03:42:32.013Z
f63a2275-821d-4375-bc61-3f85f3f9f1c3,50096a74-3a5d-4c9f-a5ed-4895fa19e8ae,415a5474-67b2-4f32-9f0b-eb12a402ee7e,2026-08-05T04:05:33.219Z,2026-08-05T04:10:33.219Z,275,f,2026-08-05T04:05:33.219Z
2ac5bdc9-121f-4ded-b0e5-611f39369fd6,50096a74-3a5d-4c9f-a5ed-4895fa19e8ae,415a5474-67b2-4f32-9f0b-eb12a402ee7e,2026-08-05T05:11:33.219Z,2026-08-05T05:16:03.219Z,263,f,2026-08-05T05:11:33.219Z
d84c26a4-9c3e-4d17-a09c-b4aa23e46e51,50096a74-3a5d-4c9f-a5ed-4895fa19e8ae,415a5474-67b2-4f32-9f0b-eb12a402ee7e,2026-08-05T07:25:03.219Z,2026-08-05T07:28:33.219Z,204,f,2026-08-05T07:25:03.219Z
56113a5e-0f56-4e20-8d0b-f0c9119cca45,50096a74-3a5d-4c9f-a5ed-4895fa19e8ae,415a5474-67b2-4f32-9f0b-eb12a402ee7e,2026-08-05T08:54:33.219Z,2026-08-05T08:58:03.219Z,208,f,2026-08-05T08:54:33.219Z
f0241279-d85a-4e1a-a382-fa5c679ec398,50096a74-3a5d-4c9f-a5ed-4895fa19e8ae,415a5474-67b2-4f32-9f0b-eb12a402ee7e,2026-08-06T04:59:55.081Z,2026-08-06T05:03:55.081Z,218,f,2026-08-06T04:59:55.081Z
c7f7ede8-bca9-4f88-9d7c-7c7f0b61b593,50096a74-3a5d-4c9f-a5ed-4895fa19e8ae,415a5474-67b2-4f32-9f0b-eb12a402ee7e,2026-08-06T06:10:55.081Z,2026-08-06T06:15:55.081Z,279,f,2026-08-06T06:10:55.081Z
f4e8b676-a55a-4f5c-a0bd-39544f13af13,50096a74-3a5d-4c9f-a5ed-4895fa19e8ae,415a5474-67b2-4f32-9f0b-eb12a402ee7e,2026-08-08T04:30:42.538Z,2026-08-08T04:35:12.538Z,241,f,2026-08-08T04:30:42.538Z
46376fef-91f0-4c27-838d-16871dd9d166,50096a74-3a5d-4c9f-a5ed-4895fa19e8ae,415a5474-67b2-4f32-9f0b-eb12a402ee7e,2026-08-09T02:33:39.864Z,2026-08-09T02:38:09.864Z,254,f,2026-08-09T02:33:39.864Z
8eb0d097-e16c-4c02-9852-6e7410151b23,50096a74-3a5d-4c9f-a5ed-4895fa19e8ae,415a5474-67b2-4f32-9f0b-eb12a402ee7e,2026-08-09T03:16:39.864Z,2026-08-09T03:21:09.864Z,243,f,2026-08-09T03:16:39.864Z
69614fc5-17b8-433e-80f2-cf22c5d48e44,50096a74-3a5d-4c9f-a5ed-4895fa19e8ae,415a5474-67b2-4f32-9f0b-eb12a402ee7e,2026-08-09T03:40:39.864Z,2026-08-09T03:45:39.864Z,288,f,2026-08-09T03:40:39.864Z
10da0e35-103c-4df6-903f-0d9cf67a620f,50096a74-3a5d-4c9f-a5ed-4895fa19e8ae,415a5474-67b2-4f32-9f0b-eb12a402ee7e,2026-08-09T04:26:39.864Z,2026-08-09T04:30:39.864Z,223,f,2026-08-09T04:26:39.864Z
3b9470be-4984-42ed-b872-3084c8927a0b,50096a74-3a5d-4c9f-a5ed-4895fa19e8ae,415a5474-67b2-4f32-9f0b-eb12a402ee7e,2026-08-10T05:20:53.551Z,2026-08-10T05:25:23.551Z,260,f,2026-08-10T05:20:53.551Z
0b6677e5-2d1e-440e-a2da-9d575b871795,50096a74-3a5d-4c9f-a5ed-4895fa19e8ae,415a5474-67b2-4f32-9f0b-eb12a402ee7e,2026-08-11T03:18:17.868Z,2026-08-11T03:23:17.868Z,299,f,2026-08-11T03:18:17.868Z
24a205f8-b597-4106-a8d3-fc4aaff3d147,50096a74-3a5d-4c9f-a5ed-4895fa19e8ae,415a5474-67b2-4f32-9f0b-eb12a402ee7e,2026-08-11T04:26:47.868Z,2026-08-11T04:30:47.868Z,217,f,2026-08-11T04:26:47.868Z
c589fce1-0c1f-44b9-b14a-ee31470f6c87,50096a74-3a5d-4c9f-a5ed-4895fa19e8ae,415a5474-67b2-4f32-9f0b-eb12a402ee7e,2026-08-11T05:30:47.868Z,2026-08-11T05:35:17.868Z,270,f,2026-08-11T05:30:47.868Z
025ae1dc-b247-460b-b85b-86477390a189,50096a74-3a5d-4c9f-a5ed-4895fa19e8ae,415a5474-67b2-4f32-9f0b-eb12a402ee7e,2026-08-11T06:05:17.868Z,2026-08-11T06:09:47.868Z,266,f,2026-08-11T06:05:17.868Z
62c3456a-e231-4930-8752-a29a62e7def8,50096a74-3a5d-4c9f-a5ed-4895fa19e8ae,415a5474-67b2-4f32-9f0b-eb12a402ee7e,2026-08-12T04:55:17.850Z,2026-08-12T04:59:17.850Z,213,f,2026-08-12T04:55:17.850Z
2ce2c3bf-b721-4c80-87bb-6012452dbf43,50096a74-3a5d-4c9f-a5ed-4895fa19e8ae,415a5474-67b2-4f32-9f0b-eb12a402ee7e,2026-08-17T03:48:10.367Z,2026-08-17T03:52:10.367Z,234,f,2026-08-17T03:48:10.367Z
31ce0c17-3601-43a7-ae24-c40bae05e2cc,50096a74-3a5d-4c9f-a5ed-4895fa19e8ae,415a5474-67b2-4f32-9f0b-eb12a402ee7e,2026-08-18T05:42:29.237Z,2026-08-18T05:45:59.237Z,183,f,2026-08-18T05:42:29.237Z
9eb659fe-e923-461d-b5cf-40ca27f5ff93,50096a74-3a5d-4c9f-a5ed-4895fa19e8ae,7f908caa-691e-40cd-8d0f-0e531fa54f28,2026-07-27T04:31:52.338Z,2026-07-27T04:36:22.338Z,245,f,2026-07-27T04:31:52.338Z
1d1fcca9-60b9-494e-a23f-c46db484213c,50096a74-3a5d-4c9f-a5ed-4895fa19e8ae,7f908caa-691e-40cd-8d0f-0e531fa54f28,2026-07-28T04:57:40.572Z,2026-07-28T05:01:10.572Z,186,f,2026-07-28T04:57:40.572Z
dcfc8839-6da3-4848-b8fb-dc0bb938406f,50096a74-3a5d-4c9f-a5ed-4895fa19e8ae,7f908caa-691e-40cd-8d0f-0e531fa54f28,2026-07-28T05:52:40.572Z,2026-07-28T05:57:40.572Z,290,f,2026-07-28T05:52:40.572Z
40cb2923-08b0-4bed-99b6-e3c875c8a638,50096a74-3a5d-4c9f-a5ed-4895fa19e8ae,7f908caa-691e-40cd-8d0f-0e531fa54f28,2026-08-01T06:38:50.812Z,2026-08-01T06:43:20.812Z,263,f,2026-08-01T06:38:50.812Z
4e1efaf0-b9e5-4510-8db4-78ddd153a3e7,50096a74-3a5d-4c9f-a5ed-4895fa19e8ae,7f908caa-691e-40cd-8d0f-0e531fa54f28,2026-08-01T07:54:20.812Z,2026-08-01T07:57:50.812Z,185,f,2026-08-01T07:54:20.812Z
667f2633-e8e6-45b9-94b2-b6dc63e38945,50096a74-3a5d-4c9f-a5ed-4895fa19e8ae,7f908caa-691e-40cd-8d0f-0e531fa54f28,2026-08-02T04:41:10.212Z,2026-08-02T04:45:40.212Z,270,f,2026-08-02T04:41:10.212Z
8087a8e8-4c92-4ae0-b150-c97618520d40,50096a74-3a5d-4c9f-a5ed-4895fa19e8ae,7f908caa-691e-40cd-8d0f-0e531fa54f28,2026-08-02T05:52:10.212Z,2026-08-02T05:56:10.212Z,215,f,2026-08-02T05:52:10.212Z
d4089912-cd6a-4025-ac2f-df51377740b1,50096a74-3a5d-4c9f-a5ed-4895fa19e8ae,7f908caa-691e-40cd-8d0f-0e531fa54f28,2026-08-02T06:47:40.212Z,2026-08-02T06:52:40.212Z,277,f,2026-08-02T06:47:40.212Z
103d77c6-8ae8-499c-8564-b17c1adcb901,50096a74-3a5d-4c9f-a5ed-4895fa19e8ae,7f908caa-691e-40cd-8d0f-0e531fa54f28,2026-08-02T07:34:40.212Z,2026-08-02T07:39:40.212Z,282,f,2026-08-02T07:34:40.212Z
d2cf4b50-554d-434a-a835-69d46d0dc3d4,50096a74-3a5d-4c9f-a5ed-4895fa19e8ae,7f908caa-691e-40cd-8d0f-0e531fa54f28,2026-08-04T06:04:51.708Z,2026-08-04T06:08:21.708Z,185,f,2026-08-04T06:04:51.708Z
2753bedb-6c91-4313-b9ec-70487ca26c99,50096a74-3a5d-4c9f-a5ed-4895fa19e8ae,7f908caa-691e-40cd-8d0f-0e531fa54f28,2026-08-06T04:31:08.362Z,2026-08-06T04:35:38.362Z,264,f,2026-08-06T04:31:08.362Z
27c90610-1a81-4fcd-9928-d4f5a6bf6383,50096a74-3a5d-4c9f-a5ed-4895fa19e8ae,7f908caa-691e-40cd-8d0f-0e531fa54f28,2026-08-06T05:41:08.362Z,2026-08-06T05:46:08.362Z,294,f,2026-08-06T05:41:08.362Z
ee736c70-baee-4c84-a205-2649cac02916,50096a74-3a5d-4c9f-a5ed-4895fa19e8ae,7f908caa-691e-40cd-8d0f-0e531fa54f28,2026-08-08T06:49:47.125Z,2026-08-08T06:53:47.125Z,231,f,2026-08-08T06:49:47.125Z
894d2f35-1c10-40fe-8ed8-b8da4d691e50,50096a74-3a5d-4c9f-a5ed-4895fa19e8ae,7f908caa-691e-40cd-8d0f-0e531fa54f28,2026-08-09T05:09:16.323Z,2026-08-09T05:12:46.323Z,186,f,2026-08-09T05:09:16.323Z
4ee3778a-8cfd-4b71-b31d-772d560d526d,50096a74-3a5d-4c9f-a5ed-4895fa19e8ae,7f908caa-691e-40cd-8d0f-0e531fa54f28,2026-08-09T06:29:16.323Z,2026-08-09T06:34:16.323Z,278,f,2026-08-09T06:29:16.323Z
b883d9a6-4aef-4cff-aa57-bbbe64381f7e,50096a74-3a5d-4c9f-a5ed-4895fa19e8ae,7f908caa-691e-40cd-8d0f-0e531fa54f28,2026-08-12T02:58:26.150Z,2026-08-12T03:01:56.150Z,199,f,2026-08-12T02:58:26.150Z
88c028cd-59c4-4ba7-8619-fcf992206552,50096a74-3a5d-4c9f-a5ed-4895fa19e8ae,7f908caa-691e-40cd-8d0f-0e531fa54f28,2026-08-12T05:28:26.150Z,2026-08-12T05:32:56.150Z,263,f,2026-08-12T05:28:26.150Z
dc5af108-ceeb-4e5c-a7cc-9459b06784f7,50096a74-3a5d-4c9f-a5ed-4895fa19e8ae,7f908caa-691e-40cd-8d0f-0e531fa54f28,2026-08-12T07:08:56.150Z,2026-08-12T07:13:56.150Z,289,f,2026-08-12T07:08:56.150Z
f7cced53-fa6d-4091-acea-55401212abe6,50096a74-3a5d-4c9f-a5ed-4895fa19e8ae,7f908caa-691e-40cd-8d0f-0e531fa54f28,2026-08-15T04:05:07.897Z,2026-08-15T04:09:37.897Z,258,f,2026-08-15T04:05:07.897Z
57e63495-fd4d-49bc-9fe8-f57f6296e574,50096a74-3a5d-4c9f-a5ed-4895fa19e8ae,7f908caa-691e-40cd-8d0f-0e531fa54f28,2026-08-15T05:04:37.897Z,2026-08-15T05:08:37.897Z,221,f,2026-08-15T05:04:37.897Z
29ea6271-0ab7-4ad8-a391-ddf2e72074b2,50096a74-3a5d-4c9f-a5ed-4895fa19e8ae,7f908caa-691e-40cd-8d0f-0e531fa54f28,2026-08-16T04:47:18.058Z,2026-08-16T04:52:18.058Z,276,f,2026-08-16T04:47:18.058Z
fbb5a766-d6d3-4123-a394-1e904f78a64b,50096a74-3a5d-4c9f-a5ed-4895fa19e8ae,7f908caa-691e-40cd-8d0f-0e531fa54f28,2026-08-16T05:38:48.058Z,2026-08-16T05:43:48.058Z,292,f,2026-08-16T05:38:48.058Z
0aa8d065-aa19-42f4-b867-abd99b82c1ca,50096a74-3a5d-4c9f-a5ed-4895fa19e8ae,7f908caa-691e-40cd-8d0f-0e531fa54f28,2026-08-16T06:38:48.058Z,2026-08-16T06:43:18.058Z,268,f,2026-08-16T06:38:48.058Z
92dbe637-cf51-4b72-9e6d-90727f120590,50096a74-3a5d-4c9f-a5ed-4895fa19e8ae,7f908caa-691e-40cd-8d0f-0e531fa54f28,2026-08-16T07:34:48.058Z,2026-08-16T07:38:18.058Z,183,f,2026-08-16T07:34:48.058Z
c485a053-fe40-403f-9683-5612a5fda897,50096a74-3a5d-4c9f-a5ed-4895fa19e8ae,7f908caa-691e-40cd-8d0f-0e531fa54f28,2026-08-17T02:35:13.259Z,2026-08-17T02:39:43.259Z,241,f,2026-08-17T02:35:13.259Z
a5e0fa57-60f9-4038-bf89-c9fc49fbc9fc,50096a74-3a5d-4c9f-a5ed-4895fa19e8ae,7f908caa-691e-40cd-8d0f-0e531fa54f28,2026-08-17T04:04:43.259Z,2026-08-17T04:08:43.259Z,233,f,2026-08-17T04:04:43.259Z
ee70d96a-12c9-40e3-abec-2a09504e072d,50096a74-3a5d-4c9f-a5ed-4895fa19e8ae,7f908caa-691e-40cd-8d0f-0e531fa54f28,2026-08-17T04:45:13.259Z,2026-08-17T04:49:43.259Z,253,f,2026-08-17T04:45:13.259Z
2a0d1298-e82f-44c9-9aa1-1d3d23dcc2a2,50096a74-3a5d-4c9f-a5ed-4895fa19e8ae,7f908caa-691e-40cd-8d0f-0e531fa54f28,2026-08-18T03:50:24.672Z,2026-08-18T03:54:24.672Z,212,f,2026-08-18T03:50:24.672Z
e4030dea-82f9-488f-ac2e-a817343a6324,50096a74-3a5d-4c9f-a5ed-4895fa19e8ae,7f908caa-691e-40cd-8d0f-0e531fa54f28,2026-08-18T04:52:54.672Z,2026-08-18T04:57:24.672Z,262,f,2026-08-18T04:52:54.672Z
273886cf-1132-4181-9d61-500115e3b073,50096a74-3a5d-4c9f-a5ed-4895fa19e8ae,7f908caa-691e-40cd-8d0f-0e531fa54f28,2026-08-18T06:36:24.672Z,2026-08-18T06:41:24.672Z,294,f,2026-08-18T06:36:24.672Z
aa5db43f-8eb0-46b9-ac6c-32b992ff645f,50096a74-3a5d-4c9f-a5ed-4895fa19e8ae,7f908caa-691e-40cd-8d0f-0e531fa54f28,2026-08-19T04:52:32.853Z,2026-08-19T04:57:02.853Z,250,f,2026-08-19T04:52:32.853Z
5359da10-ed8e-4102-988a-7afed4995d93,50096a74-3a5d-4c9f-a5ed-4895fa19e8ae,7f908caa-691e-40cd-8d0f-0e531fa54f28,2026-08-19T05:29:02.853Z,2026-08-19T05:33:32.853Z,253,f,2026-08-19T05:29:02.853Z
b6f7a7ba-e5eb-45a6-b4a5-0db487c03f9b,50096a74-3a5d-4c9f-a5ed-4895fa19e8ae,7f908caa-691e-40cd-8d0f-0e531fa54f28,2026-08-19T07:19:32.853Z,2026-08-19T07:24:02.853Z,251,f,2026-08-19T07:19:32.853Z
a25bf2ac-c50f-4c2f-b1e5-d110a85c0eca,50096a74-3a5d-4c9f-a5ed-4895fa19e8ae,7f908caa-691e-40cd-8d0f-0e531fa54f28,2026-08-19T08:51:32.853Z,2026-08-19T08:55:02.853Z,206,f,2026-08-19T08:51:32.853Z
15ada1fb-fcbc-4dee-a181-62ab7a734332,50096a74-3a5d-4c9f-a5ed-4895fa19e8ae,7f908caa-691e-40cd-8d0f-0e531fa54f28,2026-08-22T05:01:35.769Z,2026-08-22T05:06:35.769Z,272,f,2026-08-22T05:01:35.769Z
e59a96d6-33e6-44ce-ba58-ba51cc8bdde2,50096a74-3a5d-4c9f-a5ed-4895fa19e8ae,7f908caa-691e-40cd-8d0f-0e531fa54f28,2026-08-23T04:26:17.025Z,2026-08-23T04:31:17.025Z,292,f,2026-08-23T04:26:17.025Z
a788ea91-48a6-4625-9460-f6875e5b4ab1,50096a74-3a5d-4c9f-a5ed-4895fa19e8ae,7f908caa-691e-40cd-8d0f-0e531fa54f28,2026-08-23T05:22:47.025Z,2026-08-23T05:26:47.025Z,213,f,2026-08-23T05:22:47.025Z
63be8aef-b3c8-4caf-9979-320b61bb8f3f,50096a74-3a5d-4c9f-a5ed-4895fa19e8ae,7f908caa-691e-40cd-8d0f-0e531fa54f28,2026-08-23T08:18:47.025Z,2026-08-23T08:22:17.025Z,202,f,2026-08-23T08:18:47.025Z
1cdaf99f-080d-4671-b030-2e2bd74e4d45,50096a74-3a5d-4c9f-a5ed-4895fa19e8ae,7f908caa-691e-40cd-8d0f-0e531fa54f28,2026-08-24T06:01:06.701Z,2026-08-24T06:05:36.701Z,246,f,2026-08-24T06:01:06.701Z
c803ea08-b8bf-4523-9268-dce7704a797f,50096a74-3a5d-4c9f-a5ed-4895fa19e8ae,7f908caa-691e-40cd-8d0f-0e531fa54f28,2026-08-24T06:56:36.701Z,2026-08-24T07:01:36.701Z,286,f,2026-08-24T06:56:36.701Z
992b8ebc-daca-4ae7-b41a-77ba573610a9,50096a74-3a5d-4c9f-a5ed-4895fa19e8ae,7f908caa-691e-40cd-8d0f-0e531fa54f28,2026-08-24T07:56:06.701Z,2026-08-24T07:59:36.701Z,203,f,2026-08-24T07:56:06.701Z
afaeae1d-53ef-42a9-b76e-920581b314b7,50096a74-3a5d-4c9f-a5ed-4895fa19e8ae,7f908caa-691e-40cd-8d0f-0e531fa54f28,2026-08-24T08:40:06.701Z,2026-08-24T08:44:36.701Z,269,f,2026-08-24T08:40:06.701Z
3b997c28-42d7-4fcb-a8ee-261de6c2162a,50096a74-3a5d-4c9f-a5ed-4895fa19e8ae,df9773f7-e15e-4a7c-b21d-21a322b82098,2026-07-27T04:02:56.475Z,2026-07-27T04:06:56.475Z,227,f,2026-07-27T04:02:56.475Z
d936d25b-6997-4a8a-88c5-eeafc0521c4f,50096a74-3a5d-4c9f-a5ed-4895fa19e8ae,df9773f7-e15e-4a7c-b21d-21a322b82098,2026-07-27T06:54:56.475Z,2026-07-27T06:59:26.475Z,255,f,2026-07-27T06:54:56.475Z
a4895af3-5c90-4383-ba34-b19fb00019a3,50096a74-3a5d-4c9f-a5ed-4895fa19e8ae,df9773f7-e15e-4a7c-b21d-21a322b82098,2026-07-27T07:44:26.475Z,2026-07-27T07:47:56.475Z,191,f,2026-07-27T07:44:26.475Z
d436461b-5cc0-4f34-829a-e50a89cf4cad,50096a74-3a5d-4c9f-a5ed-4895fa19e8ae,df9773f7-e15e-4a7c-b21d-21a322b82098,2026-07-28T07:27:39.483Z,2026-07-28T07:31:39.483Z,234,f,2026-07-28T07:27:39.483Z
c2c86f6a-e354-414a-a082-0d6b17f474ac,50096a74-3a5d-4c9f-a5ed-4895fa19e8ae,df9773f7-e15e-4a7c-b21d-21a322b82098,2026-07-28T08:08:39.483Z,2026-07-28T08:12:09.483Z,206,f,2026-07-28T08:08:39.483Z
46b09217-9132-4194-b9b9-3224fed23aea,50096a74-3a5d-4c9f-a5ed-4895fa19e8ae,df9773f7-e15e-4a7c-b21d-21a322b82098,2026-07-29T03:47:37.059Z,2026-07-29T03:52:07.059Z,258,f,2026-07-29T03:47:37.059Z
f0bb3a63-4433-48d8-9da1-88b9292f9ac1,50096a74-3a5d-4c9f-a5ed-4895fa19e8ae,df9773f7-e15e-4a7c-b21d-21a322b82098,2026-07-29T05:10:07.059Z,2026-07-29T05:13:37.059Z,189,f,2026-07-29T05:10:07.059Z
434160d2-2c5e-4284-81bb-0e08f3401b5d,50096a74-3a5d-4c9f-a5ed-4895fa19e8ae,df9773f7-e15e-4a7c-b21d-21a322b82098,2026-08-01T07:07:03.544Z,2026-08-01T07:11:33.544Z,258,f,2026-08-01T07:07:03.544Z
0396af43-51d9-4b66-98aa-ab7a0a7fc918,50096a74-3a5d-4c9f-a5ed-4895fa19e8ae,df9773f7-e15e-4a7c-b21d-21a322b82098,2026-08-02T03:15:55.945Z,2026-08-02T03:20:25.945Z,254,f,2026-08-02T03:15:55.945Z
8ae44df0-5634-4b0f-a503-df33e6f3f413,50096a74-3a5d-4c9f-a5ed-4895fa19e8ae,df9773f7-e15e-4a7c-b21d-21a322b82098,2026-08-02T06:16:55.945Z,2026-08-02T06:21:25.945Z,250,f,2026-08-02T06:16:55.945Z
9c731ebe-6000-4610-9e5d-cd99c38d21f9,50096a74-3a5d-4c9f-a5ed-4895fa19e8ae,df9773f7-e15e-4a7c-b21d-21a322b82098,2026-08-04T05:07:51.028Z,2026-08-04T05:11:51.028Z,222,f,2026-08-04T05:07:51.028Z
190560ff-094a-4717-b683-f95a0e0a0fc6,50096a74-3a5d-4c9f-a5ed-4895fa19e8ae,df9773f7-e15e-4a7c-b21d-21a322b82098,2026-08-04T07:41:51.028Z,2026-08-04T07:45:21.028Z,203,f,2026-08-04T07:41:51.028Z
88b9c40f-bd09-4bf1-bf19-181da36cc428,50096a74-3a5d-4c9f-a5ed-4895fa19e8ae,df9773f7-e15e-4a7c-b21d-21a322b82098,2026-08-05T03:15:24.469Z,2026-08-05T03:19:54.469Z,249,f,2026-08-05T03:15:24.469Z
82f9e443-8b58-44fb-a5da-4bbbde8c7c95,50096a74-3a5d-4c9f-a5ed-4895fa19e8ae,df9773f7-e15e-4a7c-b21d-21a322b82098,2026-08-07T03:06:00.655Z,2026-08-07T03:10:00.655Z,236,f,2026-08-07T03:06:00.655Z
cc9e12dd-3b7e-49dc-9e31-208c88b73c1e,50096a74-3a5d-4c9f-a5ed-4895fa19e8ae,df9773f7-e15e-4a7c-b21d-21a322b82098,2026-08-08T04:32:28.451Z,2026-08-08T04:36:58.451Z,246,f,2026-08-08T04:32:28.451Z
89b90f09-1bc3-4c40-bf55-1a4e84541258,50096a74-3a5d-4c9f-a5ed-4895fa19e8ae,df9773f7-e15e-4a7c-b21d-21a322b82098,2026-08-08T05:28:28.451Z,2026-08-08T05:32:28.451Z,236,f,2026-08-08T05:28:28.451Z
e0d23dd4-857f-45e5-81a3-e0d99d4b8c55,50096a74-3a5d-4c9f-a5ed-4895fa19e8ae,df9773f7-e15e-4a7c-b21d-21a322b82098,2026-08-08T06:17:58.451Z,2026-08-08T06:21:28.451Z,192,f,2026-08-08T06:17:58.451Z
ebec4c82-e0be-4574-a612-46259ab38c70,50096a74-3a5d-4c9f-a5ed-4895fa19e8ae,df9773f7-e15e-4a7c-b21d-21a322b82098,2026-08-08T07:13:58.451Z,2026-08-08T07:18:28.451Z,258,f,2026-08-08T07:13:58.451Z
300343f1-036b-47e1-8b4b-74fa2cf1f4c9,50096a74-3a5d-4c9f-a5ed-4895fa19e8ae,df9773f7-e15e-4a7c-b21d-21a322b82098,2026-08-09T02:31:52.982Z,2026-08-09T02:35:22.982Z,208,f,2026-08-09T02:31:52.982Z
09d20604-97be-40d3-8130-2d48fe22b5f0,50096a74-3a5d-4c9f-a5ed-4895fa19e8ae,df9773f7-e15e-4a7c-b21d-21a322b82098,2026-08-09T03:18:22.982Z,2026-08-09T03:22:22.982Z,214,f,2026-08-09T03:18:22.982Z
b8ed15f0-ca98-497c-a22b-0b2a5228eb6f,50096a74-3a5d-4c9f-a5ed-4895fa19e8ae,df9773f7-e15e-4a7c-b21d-21a322b82098,2026-08-10T03:59:39.064Z,2026-08-10T04:03:09.064Z,192,f,2026-08-10T03:59:39.064Z
8e3aca90-81e3-403b-aaf1-4e0a07d18a7f,50096a74-3a5d-4c9f-a5ed-4895fa19e8ae,df9773f7-e15e-4a7c-b21d-21a322b82098,2026-08-10T04:38:09.064Z,2026-08-10T04:41:39.064Z,192,f,2026-08-10T04:38:09.064Z
3e27e9e5-fd23-4258-9d6b-004e407f55f9,50096a74-3a5d-4c9f-a5ed-4895fa19e8ae,df9773f7-e15e-4a7c-b21d-21a322b82098,2026-08-11T03:46:12.992Z,2026-08-11T03:50:42.992Z,245,f,2026-08-11T03:46:12.992Z
4b160cc4-dd30-472f-b2ad-6f662bfdca67,50096a74-3a5d-4c9f-a5ed-4895fa19e8ae,df9773f7-e15e-4a7c-b21d-21a322b82098,2026-08-12T04:00:09.430Z,2026-08-12T04:04:09.430Z,222,f,2026-08-12T04:00:09.430Z
26b4a3eb-49bc-4e66-a737-3346e19fc167,50096a74-3a5d-4c9f-a5ed-4895fa19e8ae,df9773f7-e15e-4a7c-b21d-21a322b82098,2026-08-12T04:43:39.430Z,2026-08-12T04:48:39.430Z,293,f,2026-08-12T04:43:39.430Z
37d17e49-55af-4513-87a7-714c2f19fd41,50096a74-3a5d-4c9f-a5ed-4895fa19e8ae,df9773f7-e15e-4a7c-b21d-21a322b82098,2026-08-13T05:04:48.239Z,2026-08-13T05:09:48.239Z,276,f,2026-08-13T05:04:48.239Z
afa44741-6abd-4ce0-bc93-e195156e5d89,50096a74-3a5d-4c9f-a5ed-4895fa19e8ae,df9773f7-e15e-4a7c-b21d-21a322b82098,2026-08-15T03:17:58.230Z,2026-08-15T03:21:58.230Z,224,f,2026-08-15T03:17:58.230Z
6ecceade-f940-4b43-b3de-bf676304c439,50096a74-3a5d-4c9f-a5ed-4895fa19e8ae,df9773f7-e15e-4a7c-b21d-21a322b82098,2026-08-15T04:09:58.230Z,2026-08-15T04:13:28.230Z,198,f,2026-08-15T04:09:58.230Z
e28eeb42-1ab4-4033-a0f8-8e85a33dc96b,50096a74-3a5d-4c9f-a5ed-4895fa19e8ae,df9773f7-e15e-4a7c-b21d-21a322b82098,2026-08-15T06:55:28.230Z,2026-08-15T07:00:28.230Z,272,f,2026-08-15T06:55:28.230Z
7da8f84d-01ef-4de4-a88b-7a2b002fb472,50096a74-3a5d-4c9f-a5ed-4895fa19e8ae,df9773f7-e15e-4a7c-b21d-21a322b82098,2026-08-16T06:57:01.957Z,2026-08-16T07:01:01.957Z,214,f,2026-08-16T06:57:01.957Z
ea1cc596-39d2-485c-8962-d296eabb49d1,50096a74-3a5d-4c9f-a5ed-4895fa19e8ae,df9773f7-e15e-4a7c-b21d-21a322b82098,2026-08-17T03:54:47.646Z,2026-08-17T03:58:17.646Z,194,f,2026-08-17T03:54:47.646Z
afda1973-d4df-4ed9-9d71-9a0bd211e6c8,50096a74-3a5d-4c9f-a5ed-4895fa19e8ae,df9773f7-e15e-4a7c-b21d-21a322b82098,2026-08-17T05:46:17.646Z,2026-08-17T05:49:47.646Z,186,f,2026-08-17T05:46:17.646Z
5d006ae7-d049-4a4d-a6ab-d0fbb3adc082,50096a74-3a5d-4c9f-a5ed-4895fa19e8ae,df9773f7-e15e-4a7c-b21d-21a322b82098,2026-08-17T06:41:47.646Z,2026-08-17T06:45:47.646Z,224,f,2026-08-17T06:41:47.646Z
58b4d093-6754-480b-b5a3-ed1da986bf90,50096a74-3a5d-4c9f-a5ed-4895fa19e8ae,df9773f7-e15e-4a7c-b21d-21a322b82098,2026-08-17T07:59:17.646Z,2026-08-17T08:03:17.646Z,227,f,2026-08-17T07:59:17.646Z
2c5d93d8-86f1-4248-bd65-38a6bfe68564,50096a74-3a5d-4c9f-a5ed-4895fa19e8ae,df9773f7-e15e-4a7c-b21d-21a322b82098,2026-08-18T04:41:14.820Z,2026-08-18T04:46:14.820Z,281,f,2026-08-18T04:41:14.820Z
a8436993-503f-4bc7-870b-d6f896b96168,50096a74-3a5d-4c9f-a5ed-4895fa19e8ae,df9773f7-e15e-4a7c-b21d-21a322b82098,2026-08-18T05:35:14.820Z,2026-08-18T05:38:44.820Z,185,f,2026-08-18T05:35:14.820Z
67ede2fc-033c-4064-b922-dae84c498416,50096a74-3a5d-4c9f-a5ed-4895fa19e8ae,df9773f7-e15e-4a7c-b21d-21a322b82098,2026-08-19T03:38:30.775Z,2026-08-19T03:42:30.775Z,231,f,2026-08-19T03:38:30.775Z
8e9ea486-4728-4092-96b7-92467c60ce47,50096a74-3a5d-4c9f-a5ed-4895fa19e8ae,df9773f7-e15e-4a7c-b21d-21a322b82098,2026-08-23T04:24:44.463Z,2026-08-23T04:29:44.463Z,289,f,2026-08-23T04:24:44.463Z
58ea221a-806b-443e-ac20-65aefcafcc99,50096a74-3a5d-4c9f-a5ed-4895fa19e8ae,df9773f7-e15e-4a7c-b21d-21a322b82098,2026-08-23T05:20:14.463Z,2026-08-23T05:23:44.463Z,187,f,2026-08-23T05:20:14.463Z
fd7db83f-9d2f-4740-8368-3200db2b7957,50096a74-3a5d-4c9f-a5ed-4895fa19e8ae,df9773f7-e15e-4a7c-b21d-21a322b82098,2026-08-23T06:55:44.463Z,2026-08-23T06:59:44.463Z,213,f,2026-08-23T06:55:44.463Z
9d3e84b9-cdfa-472d-9752-c0c95764550e,50096a74-3a5d-4c9f-a5ed-4895fa19e8ae,df9773f7-e15e-4a7c-b21d-21a322b82098,2026-08-25T03:52:30.594Z,2026-08-25T03:57:00.594Z,248,f,2026-08-25T03:52:30.594Z
13c121ba-fd9b-424c-9b0e-f8dd24eb0950,50096a74-3a5d-4c9f-a5ed-4895fa19e8ae,df9773f7-e15e-4a7c-b21d-21a322b82098,2026-08-25T05:47:30.594Z,2026-08-25T05:52:00.594Z,260,f,2026-08-25T05:47:30.594Z
2cecef0a-244f-4b1d-8271-f40dd8fca979,50096a74-3a5d-4c9f-a5ed-4895fa19e8ae,df9773f7-e15e-4a7c-b21d-21a322b82098,2026-08-25T06:20:30.594Z,2026-08-25T06:25:00.594Z,250,f,2026-08-25T06:20:30.594Z