c5c52995-d629-4f97-8849-3c269d07e573,03d612d9-ebba-44e5-a29e-7b12b9523418,14b3fa97-68a4-4886-9be3-d68cd4654760,COMPLETED,2026-08-12T05:07:38.323Z,2026-08-12T05:39:08.323Z,35.709767,51.369649,35.709767,51.369649,13.99,1920,55.0,7,2026-08-12T05:07:08.323Z,2026-08-12T05:39:08.323Z,808fab0e-2c6b-4f03-ac83-de8defb055a4
d4408c79-59dc-4dca-ac6d-1fe07ce15fe1,03d612d9-ebba-44e5-a29e-7b12b9523418,14b3fa97-68a4-4886-9be3-d68cd4654760,COMPLETED,2026-08-12T06:05:38.323Z,2026-08-12T06:18:38.323Z,35.669492,51.391940,35.669492,51.391940,7.52,810,52.7,1,2026-08-12T06:05:08.323Z,2026-08-12T06:18:38.323Z,c4433350-634e-4902-afca-3bf8b64c2958
d7394ea1-3eaf-4d89-b679-3b4ba7b2adb3,03d612d9-ebba-44e5-a29e-7b12b9523418,14b3fa97-68a4-4886-9be3-d68cd4654760,COMPLETED,2026-08-13T04:24:22.462Z,2026-08-13T04:53:22.462Z,35.723015,51.519583,35.723015,51.519583,17.70,1770,55.5,2,2026-08-13T04:23:52.462Z,2026-08-13T04:53:22.462Z,217a4b22-857b-4ecb-a59c-9bede46737c2
2704570e-e816-4044-8116-b4d53ba70f55,03d612d9-ebba-44e5-a29e-7b12b9523418,14b3fa97-68a4-4886-9be3-d68cd4654760,COMPLETED,2026-08-13T05:29:52.462Z,2026-08-13T05:53:22.462Z,35.665270,51.432712,35.665270,51.432712,13.27,1440,55.9,3,2026-08-13T05:29:22.462Z,2026-08-13T05:53:22.462Z,bb4c6ba1-aaf3-492a-b04f-46e2b0555184
effe8535-c43e-4b93-9f14-322407763705,03d612d9-ebba-44e5-a29e-7b12b9523418,14b3fa97-68a4-4886-9be3-d68cd4654760,COMPLETED,2026-08-16T03:21:22.301Z,2026-08-16T03:32:22.301Z,35.708192,51.502326,35.708192,51.502326,14.78,690,97.4,0,2026-08-16T03:20:52.301Z,2026-08-16T03:32:22.301Z,99dbb824-782b-4975-a4da-886ca851772a
a6e3fd7b-a531-4dc2-b0ad-486bd29e6554,03d612d9-ebba-44e5-a29e-7b12b9523418,14b3fa97-68a4-4886-9be3-d68cd4654760,COMPLETED,2026-08-16T03:54:52.301Z,2026-08-16T04:11:52.301Z,35.676515,51.455026,35.676515,51.455026,10.89,1050,52.8,1,2026-08-16T03:54:22.301Z,2026-08-16T04:11:52.301Z,6c5864a9-9755-45ac-9396-aa5bca8a4d88
ad8ebd0b-b5dc-4849-99e4-65815b25a6a5,03d612d9-ebba-44e5-a29e-7b12b9523418,14b3fa97-68a4-4886-9be3-d68cd4654760,COMPLETED,2026-08-16T04:29:52.301Z,2026-08-16T04:40:22.301Z,35.726088,51.528391,35.726088,51.528391,13.48,660,97.1,0,2026-08-16T04:29:22.301Z,2026-08-16T04:40:22.301Z,9028db6d-0a97-4764-8c35-d0945fabf22f
07dfa697-3d2d-4234-92dd-aaa89ea423e3,03d612d9-ebba-44e5-a29e-7b12b9523418,14b3fa97-68a4-4886-9be3-d68cd4654760,COMPLETED,2026-08-16T05:11:22.301Z,2026-08-16T05:33:52.301Z,35.670384,51.431609,35.670384,51.431609,14.31,1380,54.5,1,2026-08-16T05:10:52.301Z,2026-08-16T05:33:52.301Z,ea3f8da2-d7f2-44d6-bdac-0a013b9f5f89
fba0023f-1787-4259-9bf5-88daef01c135,03d612d9-ebba-44e5-a29e-7b12b9523418,14b3fa97-68a4-4886-9be3-d68cd4654760,COMPLETED,2026-08-16T06:03:22.301Z,2026-08-16T06:29:22.301Z,35.713216,51.520651,35.713216,51.520651,14.31,1590,55.6,2,2026-08-16T06:02:52.301Z,2026-08-16T06:29:22.301Z,0b29b60c-9184-4da1-853a-f49ca7072fba
c1518f9b-ec2f-442d-83dd-c7e1f49410bd,03d612d9-ebba-44e5-a29e-7b12b9523418,14b3fa97-68a4-4886-9be3-d68cd4654760,COMPLETED,2026-08-16T06:48:22.301Z,2026-08-16T07:11:52.301Z,35.669007,51.444135,35.669007,51.444135,12.95,1440,55.9,3,2026-08-16T06:47:52.301Z,2026-08-16T07:11:52.301Z,4557a2aa-3aa8-440c-b7e1-268baf1503ff
d8ddc8da-0718-4a39-9237-5debaebba8c7,03d612d9-ebba-44e5-a29e-7b12b9523418,14b3fa97-68a4-4886-9be3-d68cd4654760,COMPLETED,2026-08-17T03:21:40.906Z,2026-08-17T03:43:40.906Z,35.723628,51.489346,35.723628,51.489346,10.89,1350,54.4,3,2026-08-17T03:21:10.906Z,2026-08-17T03:43:40.906Z,7f9b477a-3030-4439-bf97-0a26daa6191c
c7fbd9b9-97b5-402a-90ca-07cf5717b7cc,03d612d9-ebba-44e5-a29e-7b12b9523418,14b3fa97-68a4-4886-9be3-d68cd4654760,COMPLETED,2026-08-17T04:14:10.906Z,2026-08-17T04:33:10.906Z,35.686099,51.443216,35.686099,51.443216,11.33,1170,54.1,1,2026-08-17T04:13:40.906Z,2026-08-17T04:33:10.906Z,a045cf4d-7b00-4788-821e-15ca117d8996
0b2a1703-da82-4d16-8be8-54e607bd587f,03d612d9-ebba-44e5-a29e-7b12b9523418,14b3fa97-68a4-4886-9be3-d68cd4654760,COMPLETED,2026-08-17T04:47:10.906Z,2026-08-17T05:06:10.906Z,35.754535,51.459040,35.754535,51.459040,11.57,1170,55.7,1,2026-08-17T04:46:40.906Z,2026-08-17T05:06:10.906Z,940dc4fb-28f1-44c6-a52d-8a3228b5c51a
2b37738a-9327-40c1-abb1-76ee497cc277,03d612d9-ebba-44e5-a29e-7b12b9523418,14b3fa97-68a4-4886-9be3-d68cd4654760,COMPLETED,2026-08-17T05:38:10.906Z,2026-08-17T05:59:40.906Z,35.683455,51.420356,35.683455,51.420356,12.64,1320,55.8,2,2026-08-17T05:37:40.906Z,2026-08-17T05:59:40.906Z,9fd00b75-eae8-408b-9a8e-ca6bbb46437a
74efa190-8238-4a28-a550-db22b7074017,03d612d9-ebba-44e5-a29e-7b12b9523418,14b3fa97-68a4-4886-9be3-d68cd4654760,COMPLETED,2026-08-18T03:14:54.289Z,2026-08-18T03:25:54.289Z,35.693473,51.361284,35.693473,51.361284,7.85,690,55.2,0,2026-08-18T03:14:24.289Z,2026-08-18T03:25:54.289Z,992c5359-99da-402d-877d-8661dffcb3b8
ed613caa-bbe1-4a25-bcfc-3ec27bbd9d3f,03d612d9-ebba-44e5-a29e-7b12b9523418,14b3fa97-68a4-4886-9be3-d68cd4654760,COMPLETED,2026-08-18T03:42:24.289Z,2026-08-18T03:59:54.289Z,35.746791,51.398764,35.746791,51.398764,9.88,1080,53.1,1,2026-08-18T03:41:54.289Z,2026-08-18T03:59:54.289Z,217b2fc3-bc0d-4ad0-be49-0a9c89dd59c0
0ee310cd-81e3-407b-9a88-413a1dbdf5d9,03d612d9-ebba-44e5-a29e-7b12b9523418,14b3fa97-68a4-4886-9be3-d68cd4654760,COMPLETED,2026-08-19T02:46:07.534Z,2026-08-19T02:52:07.534Z,35.766784,51.409479,35.766784,51.409479,3.62,390,52.6,0,2026-08-19T02:45:37.534Z,2026-08-19T02:52:07.534Z,4b84ad79-e2e2-411a-b445-2978d6769de2
ac194248-9d63-495c-9dd5-1f0f275c4d50,03d612d9-ebba-44e5-a29e-7b12b9523418,14b3fa97-68a4-4886-9be3-d68cd4654760,COMPLETED,2026-08-19T03:13:37.534Z,2026-08-19T03:34:37.534Z,35.678609,51.410265,35.678609,51.410265,13.21,1290,55.8,0,2026-08-19T03:13:07.534Z,2026-08-19T03:34:37.534Z,b058953d-0e3e-4d99-9c64-7c2fd767cb76
ed9b04fa-8464-45f7-9c4a-023ee81efea6,03d612d9-ebba-44e5-a29e-7b12b9523418,14b3fa97-68a4-4886-9be3-d68cd4654760,COMPLETED,2026-08-20T04:04:39.210Z,2026-08-20T04:26:39.210Z,35.738620,51.361016,35.738620,51.361016,11.85,1350,55.8,3,2026-08-20T04:04:09.210Z,2026-08-20T04:26:39.210Z,d168fa48-83e8-47e1-bf02-642da02f45d5
2159be36-72e8-4338-a772-8716dcc05ee1,03d612d9-ebba-44e5-a29e-7b12b9523418,14b3fa97-68a4-4886-9be3-d68cd4654760,COMPLETED,2026-08-20T04:50:09.210Z,2026-08-20T05:08:09.210Z,35.693571,51.382654,35.693571,51.382654,10.54,1110,55.2,2,2026-08-20T04:49:39.210Z,2026-08-20T05:08:09.210Z,60c09e1c-5f48-4cda-aaa2-33b0bcda0863
13c80ab8-3a41-4b79-887f-b0f8c82bde24,03d612d9-ebba-44e5-a29e-7b12b9523418,14b3fa97-68a4-4886-9be3-d68cd4654760,COMPLETED,2026-08-22T04:52:07.130Z,2026-08-22T05:06:07.130Z,35.746001,51.403730,35.746001,51.403730,9.22,870,55.2,0,2026-08-22T04:51:37.130Z,2026-08-22T05:06:07.130Z,6e83385e-896b-472c-b531-ce7720986efe
41a81bdc-e053-4c57-a104-b2c43f98692f,03d612d9-ebba-44e5-a29e-7b12b9523418,14b3fa97-68a4-4886-9be3-d68cd4654760,COMPLETED,2026-08-22T05:40:37.130Z,2026-08-22T06:01:37.130Z,35.673636,51.408572,35.673636,51.408572,11.20,1290,54.4,3,2026-08-22T05:40:07.130Z,2026-08-22T06:01:37.130Z,0f738ec5-2c1b-44a1-a7b6-84b286d315ba
d6a8f545-1fc5-4378-acb2-3894395b7809,03d612d9-ebba-44e5-a29e-7b12b9523418,14b3fa97-68a4-4886-9be3-d68cd4654760,COMPLETED,2026-08-22T06:36:37.130Z,2026-08-22T07:06:37.130Z,35.752654,51.196148,35.752654,51.196148,41.42,1830,97.7,0,2026-08-22T06:36:07.130Z,2026-08-22T07:06:37.130Z,e9eb74cb-d1d6-4893-8dbe-e924e6a1d991
167cade5-e905-482f-b1e5-277f7276849f,03d612d9-ebba-44e5-a29e-7b12b9523418,14b3fa97-68a4-4886-9be3-d68cd4654760,COMPLETED,2026-08-22T07:34:37.130Z,2026-08-22T08:12:07.130Z,35.678931,51.355789,35.678931,51.355789,22.37,2280,55.9,3,2026-08-22T07:34:07.130Z,2026-08-22T08:12:07.130Z,dce9186a-b0dd-4b80-bdff-68f7fe125f48
73a2d33d-b4be-4aec-bf2f-ea43f26801ad,03d612d9-ebba-44e5-a29e-7b12b9523418,14b3fa97-68a4-4886-9be3-d68cd4654760,COMPLETED,2026-08-24T04:16:14.492Z,2026-08-24T04:33:44.492Z,35.738203,51.344920,35.738203,51.344920,9.92,1080,55.8,2,2026-08-24T04:15:44.492Z,2026-08-24T04:33:44.492Z,0d500753-90bf-4504-9023-5d24b8587dd2
d18d4ad3-69fd-4874-beb8-6b7ef0090686,03d612d9-ebba-44e5-a29e-7b12b9523418,14b3fa97-68a4-4886-9be3-d68cd4654760,COMPLETED,2026-08-24T05:02:44.492Z,2026-08-24T05:35:14.492Z,35.740466,51.491741,35.740466,51.491741,19.67,1980,55.5,2,2026-08-24T05:02:14.492Z,2026-08-24T05:35:14.492Z,08f2e38b-3a4f-4eeb-8f20-2cb529412938
ce50549f-69ed-4c88-bc3e-0939dc80bb42,03d612d9-ebba-44e5-a29e-7b12b9523418,14b3fa97-68a4-4886-9be3-d68cd4654760,COMPLETED,2026-08-24T05:53:44.492Z,2026-08-24T06:06:44.492Z,35.753880,51.447786,35.753880,51.447786,8.30,810,55.7,1,2026-08-24T05:53:14.492Z,2026-08-24T06:06:44.492Z,4459de78-d8f6-42b9-bdbb-da4e76147d5f
34324b90-b4eb-4dec-8feb-efd491e9883f,03d612d9-ebba-44e5-a29e-7b12b9523418,14b3fa97-68a4-4886-9be3-d68cd4654760,COMPLETED,2026-08-24T06:31:14.492Z,2026-08-24T06:53:44.492Z,35.673808,51.413268,35.673808,51.413268,12.55,1380,55.6,3,2026-08-24T06:30:44.492Z,2026-08-24T06:53:44.492Z,78cd9c41-df08-43cd-b060-65090353a145
e45a4bc8-41c8-482f-9322-07d3a619b316,03d612d9-ebba-44e5-a29e-7b12b9523418,14b3fa97-68a4-4886-9be3-d68cd4654760,COMPLETED,2026-08-24T07:06:44.492Z,2026-08-24T07:18:44.492Z,35.725209,51.515076,35.725209,51.515076,16.00,750,97.9,0,2026-08-24T07:06:14.492Z,2026-08-24T07:18:44.492Z,68274ee5-555c-4436-9419-03e0944e9118
e37fa36c-e8dc-41ab-9d46-ad28352ae2e5,03d612d9-ebba-44e5-a29e-7b12b9523418,14b3fa97-68a4-4886-9be3-d68cd4654760,COMPLETED,2026-08-24T07:54:14.492Z,2026-08-24T08:16:44.492Z,35.672030,51.428505,35.672030,51.428505,13.58,1380,55.7,1,2026-08-24T07:53:44.492Z,2026-08-24T08:16:44.492Z,005cb561-3da7-4305-92b5-37f93a8646e4
ed674ad6-80fa-4caa-bd10-a7ecc96f2fa7,03d612d9-ebba-44e5-a29e-7b12b9523418,14b3fa97-68a4-4886-9be3-d68cd4654760,COMPLETED,2026-08-25T02:50:48.502Z,2026-08-25T03:01:48.502Z,35.726522,51.517606,35.726522,51.517606,15.00,690,98.0,0,2026-08-25T02:50:18.502Z,2026-08-25T03:01:48.502Z,c22b1474-1e2e-4fd5-806b-40580e479470
eb35d399-714e-4e16-8b53-cd4608a7e9cc,03d612d9-ebba-44e5-a29e-7b12b9523418,14b3fa97-68a4-4886-9be3-d68cd4654760,COMPLETED,2026-08-25T03:43:18.502Z,2026-08-25T04:04:48.502Z,35.684639,51.460484,35.684639,51.460484,13.55,1320,54.5,1,2026-08-25T03:42:48.502Z,2026-08-25T04:04:48.502Z,e25445d4-bcc0-4cbc-9e3e-92eb0c066380
2d1f95ae-d538-426b-a5d2-47430c950a40,03d612d9-ebba-44e5-a29e-7b12b9523418,14b3fa97-68a4-4886-9be3-d68cd4654760,COMPLETED,2026-08-25T04:25:48.502Z,2026-08-25T04:44:48.502Z,35.741879,51.424239,35.741879,51.424239,10.94,1170,55.8,2,2026-08-25T04:25:18.502Z,2026-08-25T04:44:48.502Z,5eeb7309-2b7b-4d63-880b-9262a9964226
b3ffcb4f-dfe8-4266-98ea-ca552fcd823c,03d612d9-ebba-44e5-a29e-7b12b9523418,14b3fa97-68a4-4886-9be3-d68cd4654760,COMPLETED,2026-08-25T05:31:48.502Z,2026-08-25T05:49:48.502Z,35.678296,51.408363,35.678296,51.408363,10.43,1110,55.3,2,2026-08-25T05:31:18.502Z,2026-08-25T05:49:48.502Z,ffdb1042-fe00-432e-b89e-8dfc3b40dd74
11a6fc83-f773-45bb-b711-0fb80d93dc8d,03d612d9-ebba-44e5-a29e-7b12b9523418,14b3fa97-68a4-4886-9be3-d68cd4654760,COMPLETED,2026-08-26T02:38:18.311Z,2026-08-26T02:55:48.311Z,35.744418,51.353831,35.744418,51.353831,12.02,1080,55.1,0,2026-08-26T02:37:48.311Z,2026-08-26T02:55:48.311Z,49dc4c6d-7d18-420e-8d7d-013db9246ab4
5aaf312d-d505-49ab-a8ee-8e7029fd53f6,03d612d9-ebba-44e5-a29e-7b12b9523418,14b3fa97-68a4-4886-9be3-d68cd4654760,COMPLETED,2026-08-26T03:23:48.311Z,2026-08-26T03:54:18.311Z,35.739222,51.458700,35.739222,51.458700,18.85,1860,55.1,3,2026-08-26T03:23:18.311Z,2026-08-26T03:54:18.311Z,a79e6004-0e16-4616-bd96-5e82de25a9e2
1c042de9-ed0b-4e6e-957d-d39a08ace8ba,03d612d9-ebba-44e5-a29e-7b12b9523418,14b3fa97-68a4-4886-9be3-d68cd4654760,COMPLETED,2026-08-26T04:26:18.311Z,2026-08-26T04:44:18.311Z,35.757781,51.363198,35.757781,51.363198,11.84,1110,51.7,0,2026-08-26T04:25:48.311Z,2026-08-26T04:44:18.311Z,300a7d43-befe-4e9e-8084-0dea95456d9b
6ab47ca6-0792-4f60-b790-90036844cc90,03d612d9-ebba-44e5-a29e-7b12b9523418,14b3fa97-68a4-4886-9be3-d68cd4654760,COMPLETED,2026-08-26T05:25:18.311Z,2026-08-26T05:50:18.311Z,35.678195,51.398438,35.678195,51.398438,12.89,1530,54.7,3,2026-08-26T05:24:48.311Z,2026-08-26T05:50:18.311Z,9777ad6b-f2f1-4465-8ece-422b262f822c
62f5c6ed-c267-4c93-b1f7-532ea7cb37e9,03d612d9-ebba-44e5-a29e-7b12b9523418,2a0c5c26-377b-4f55-8e1b-1e57ca9e4e6d,COMPLETED,2026-08-12T03:42:59.052Z,2026-08-12T04:03:59.052Z,35.712332,51.406728,35.712332,51.406728,13.20,1290,55.3,1,2026-08-12T03:42:29.052Z,2026-08-12T04:03:59.052Z,dc732021-3c1c-45aa-b658-35fec26461eb
6fd2dbd3-a2e6-4d59-a6f8-25bcd4d52faf,03d612d9-ebba-44e5-a29e-7b12b9523418,2a0c5c26-377b-4f55-8e1b-1e57ca9e4e6d,COMPLETED,2026-08-12T04:25:59.052Z,2026-08-12T04:37:59.052Z,35.664069,51.408384,35.664069,51.408384,7.26,750,53.0,1,2026-08-12T04:25:29.052Z,2026-08-12T04:37:59.052Z,ec514995-eb79-43d9-925e-ce554737de97
e4c0873e-c159-4b85-b953-35601c8dd357,03d612d9-ebba-44e5-a29e-7b12b9523418,2a0c5c26-377b-4f55-8e1b-1e57ca9e4e6d,COMPLETED,2026-08-12T05:05:59.052Z,2026-08-12T05:20:59.052Z,35.687698,51.359619,35.687698,51.359619,7.55,930,55.8,2,2026-08-12T05:05:29.052Z,2026-08-12T05:20:59.052Z,7c8fed43-8865-4ab2-b06e-b92c9c91f798
c0295906-5060-48cf-9e8c-54a6a890e171,03d612d9-ebba-44e5-a29e-7b12b9523418,2a0c5c26-377b-4f55-8e1b-1e57ca9e4e6d,COMPLETED,2026-08-12T05:52:29.052Z,2026-08-12T05:57:29.052Z,35.696530,51.349925,35.696530,51.349925,2.66,330,53.8,1,2026-08-12T05:51:59.052Z,2026-08-12T05:57:29.052Z,03d027c4-3e3a-41ad-9871-e0591b320356
efe41463-9f59-431e-acaf-aa8416c5824e,03d612d9-ebba-44e5-a29e-7b12b9523418,2a0c5c26-377b-4f55-8e1b-1e57ca9e4e6d,COMPLETED,2026-08-15T03:57:30.574Z,2026-08-15T04:17:00.574Z,35.749324,51.388636,35.749324,51.388636,10.19,1200,54.9,3,2026-08-15T03:57:00.574Z,2026-08-15T04:17:00.574Z,2095c312-34c3-41e7-9618-a5c195d3de9d
65ceab18-f262-4d27-9f56-87cf60bdaafb,03d612d9-ebba-44e5-a29e-7b12b9523418,2a0c5c26-377b-4f55-8e1b-1e57ca9e4e6d,COMPLETED,2026-08-15T04:43:30.574Z,2026-08-15T05:03:00.574Z,35.689836,51.410160,35.689836,51.410160,9.56,1200,54.4,2,2026-08-15T04:43:00.574Z,2026-08-15T05:03:00.574Z,4d78ad08-287f-4944-9160-cce36f7a42cc
559f92ea-a5a6-45ec-8977-a199613d54e9,03d612d9-ebba-44e5-a29e-7b12b9523418,2a0c5c26-377b-4f55-8e1b-1e57ca9e4e6d,COMPLETED,2026-08-15T05:23:30.574Z,2026-08-15T05:38:30.574Z,35.746387,51.408777,35.746387,51.408777,9.35,930,55.9,1,2026-08-15T05:23:00.574Z,2026-08-15T05:38:30.574Z,368da286-8ac6-4273-a3ad-8e26dd854f69
4e236fb4-f9aa-4327-836a-cbf007fad6d1,03d612d9-ebba-44e5-a29e-7b12b9523418,2a0c5c26-377b-4f55-8e1b-1e57ca9e4e6d,COMPLETED,2026-08-15T06:26:30.574Z,2026-08-15T06:33:30.574Z,35.765949,51.411918,35.765949,51.411918,3.30,450,53.2,1,2026-08-15T06:26:00.574Z,2026-08-15T06:33:30.574Z,85cc6c2b-2a26-4361-b5fe-7df186be3418
e1f5ecc2-11b6-4993-aa60-599a2c9e7935,03d612d9-ebba-44e5-a29e-7b12b9523418,2a0c5c26-377b-4f55-8e1b-1e57ca9e4e6d,COMPLETED,2026-08-16T03:43:59.541Z,2026-08-16T04:12:29.541Z,35.686933,51.427998,35.686933,51.427998,17.78,1740,53.9,1,2026-08-16T03:43:29.541Z,2026-08-16T04:12:29.541Z,704e1818-7a74-4c4e-9716-c4949dda2dca
ae26cfbd-76be-4f1a-a22a-636c831fb499,03d612d9-ebba-44e5-a29e-7b12b9523418,2a0c5c26-377b-4f55-8e1b-1e57ca9e4e6d,COMPLETED,2026-08-16T04:39:59.541Z,2026-08-16T04:50:59.541Z,35.658435,51.412318,35.658435,51.412318,4.99,690,51.9,1,2026-08-16T04:39:29.541Z,2026-08-16T04:50:59.541Z,b9786d0f-5dd3-47ea-a8e2-71247cfb9f17
837cef26-c809-40a9-a740-6f637bef4e43,03d612d9-ebba-44e5-a29e-7b12b9523418,2a0c5c26-377b-4f55-8e1b-1e57ca9e4e6d,COMPLETED,2026-08-17T03:14:45.518Z,2026-08-17T03:19:15.518Z,35.672811,51.419893,35.672811,51.419893,2.61,300,48.4,0,2026-08-17T03:14:15.518Z,2026-08-17T03:19:15.518Z,7fbd1c01-0e52-4bbb-a781-ebbfe27b0fe8
3353a950-d8fc-4dba-88a8-b23bf27d96c7,03d612d9-ebba-44e5-a29e-7b12b9523418,2a0c5c26-377b-4f55-8e1b-1e57ca9e4e6d,COMPLETED,2026-08-17T03:39:15.518Z,2026-08-17T03:43:45.518Z,35.656297,51.410139,35.656297,51.410139,2.89,300,53.6,0,2026-08-17T03:38:45.518Z,2026-08-17T03:43:45.518Z,d6e1ea83-da54-4427-90d0-6735574bf021
ea3d679a-3f53-472a-869d-311f2354a05c,03d612d9-ebba-44e5-a29e-7b12b9523418,2a0c5c26-377b-4f55-8e1b-1e57ca9e4e6d,COMPLETED,2026-08-17T04:16:15.518Z,2026-08-17T04:48:15.518Z,35.755097,51.194305,35.755097,51.194305,43.87,1950,99.0,0,2026-08-17T04:15:45.518Z,2026-08-17T04:48:15.518Z,0ea3332e-49eb-477e-81c7-7e4fd6d8f18f
e609b91a-0b16-448f-a91b-bb1c012040bf,03d612d9-ebba-44e5-a29e-7b12b9523418,2a0c5c26-377b-4f55-8e1b-1e57ca9e4e6d,COMPLETED,2026-08-17T05:29:45.518Z,2026-08-17T06:08:45.518Z,35.686019,51.338911,35.686019,51.338911,22.49,2370,55.8,4,2026-08-17T05:29:15.518Z,2026-08-17T06:08:45.518Z,066a296a-c33d-4ddc-9ce1-fd67b63265e8
2d46293f-b93b-4b3f-beff-a86ccd38d450,03d612d9-ebba-44e5-a29e-7b12b9523418,2a0c5c26-377b-4f55-8e1b-1e57ca9e4e6d,COMPLETED,2026-08-18T04:14:56.264Z,2026-08-18T04:18:26.264Z,35.697694,51.339355,35.697694,51.339355,2.24,240,55.9,0,2026-08-18T04:14:26.264Z,2026-08-18T04:18:26.264Z,d8011930-b573-4737-9d63-8d2e985fbc40
fd7f537c-3353-4d84-8011-570b8b37ed93,03d612d9-ebba-44e5-a29e-7b12b9523418,2a0c5c26-377b-4f55-8e1b-1e57ca9e4e6d,COMPLETED,2026-08-18T04:46:26.264Z,2026-08-18T05:06:56.264Z,35.662593,51.384090,35.662593,51.384090,8.36,1260,54.5,4,2026-08-18T04:45:56.264Z,2026-08-18T05:06:56.264Z,208d7123-4ee9-4b2b-89bd-83f00c40d7ef
60ac6991-dd5f-4aa5-97a4-f256a0933f3a,03d612d9-ebba-44e5-a29e-7b12b9523418,2a0c5c26-377b-4f55-8e1b-1e57ca9e4e6d,COMPLETED,2026-08-18T05:40:56.264Z,2026-08-18T06:01:26.264Z,35.645027,51.458852,35.645027,51.458852,10.29,1260,53.9,3,2026-08-18T05:40:26.264Z,2026-08-18T06:01:26.264Z,81122dfc-142f-4388-abb0-a0f6673d47a8
453c0755-43bb-4378-97d4-7a8e9914dd8e,03d612d9-ebba-44e5-a29e-7b12b9523418,2a0c5c26-377b-4f55-8e1b-1e57ca9e4e6d,COMPLETED,2026-08-18T06:45:26.264Z,2026-08-18T06:53:56.264Z,35.648152,51.415577,35.648152,51.415577,5.46,540,55.2,0,2026-08-18T06:44:56.264Z,2026-08-18T06:53:56.264Z,af9b3259-7dfe-4a89-bbaf-ebf7c2c2c136
427ad143-65ae-49eb-ba7d-a3829d685fb0,03d612d9-ebba-44e5-a29e-7b12b9523418,2a0c5c26-377b-4f55-8e1b-1e57ca9e4e6d,COMPLETED,2026-08-20T03:36:24.003Z,2026-08-20T03:40:54.003Z,35.662717,51.420677,35.662717,51.420677,3.01,300,54.0,0,2026-08-20T03:35:54.003Z,2026-08-20T03:40:54.003Z,c278cbf6-dcb6-4d94-8f24-ebcacb2f6e1b
ea0b83ae-f63b-4685-b11d-de97bffe594a,03d612d9-ebba-44e5-a29e-7b12b9523418,2a0c5c26-377b-4f55-8e1b-1e57ca9e4e6d,COMPLETED,2026-08-20T04:08:24.003Z,2026-08-20T04:11:54.003Z,35.655541,51.409038,35.655541,51.409038,2.25,240,48.7,0,2026-08-20T04:07:54.003Z,2026-08-20T04:11:54.003Z,7df3d192-5395-428c-a93d-5c7f5a08c055
c4f9bc8f-ca4e-49fd-a2ce-0c3e3070a1a9,03d612d9-ebba-44e5-a29e-7b12b9523418,2a0c5c26-377b-4f55-8e1b-1e57ca9e4e6d,COMPLETED,2026-08-22T05:00:06.093Z,2026-08-22T05:13:06.093Z,35.689482,51.352664,35.689482,51.352664,8.57,810,56.0,0,2026-08-22T04:59:36.093Z,2026-08-22T05:13:06.093Z,947d7158-71be-41ee-b22c-8b812f3c6648
6bde8447-9cb4-4df0-9c91-d984ee9fd499,03d612d9-ebba-44e5-a29e-7b12b9523418,2a0c5c26-377b-4f55-8e1b-1e57ca9e4e6d,COMPLETED,2026-08-22T05:51:06.093Z,2026-08-22T06:03:36.093Z,35.666181,51.391421,35.666181,51.391421,6.59,780,54.2,1,2026-08-22T05:50:36.093Z,2026-08-22T06:03:36.093Z,79711b35-f72a-48f1-96ff-39f7b3e4bc3f
48ce7afc-0086-4b89-9968-bb7f37577e1f,03d612d9-ebba-44e5-a29e-7b12b9523418,2a0c5c26-377b-4f55-8e1b-1e57ca9e4e6d,COMPLETED,2026-08-22T06:36:36.093Z,2026-08-22T07:02:36.093Z,35.738433,51.403440,35.738433,51.403440,12.03,1590,55.7,6,2026-08-22T06:36:06.093Z,2026-08-22T07:02:36.093Z,1a48b6ae-0b38-489c-85fb-051daf861c2c
19b81445-1131-47f0-871a-088ad51d603c,03d612d9-ebba-44e5-a29e-7b12b9523418,2a0c5c26-377b-4f55-8e1b-1e57ca9e4e6d,COMPLETED,2026-08-22T07:25:36.093Z,2026-08-22T07:41:36.093Z,35.679441,51.408553,35.679441,51.408553,9.91,990,55.8,1,2026-08-22T07:25:06.093Z,2026-08-22T07:41:36.093Z,2e8bf1d0-7b6f-4c27-afcd-00dddba3bbec
a063686d-f6a2-4af6-94e9-d8a5f6b6883c,03d612d9-ebba-44e5-a29e-7b12b9523418,2a0c5c26-377b-4f55-8e1b-1e57ca9e4e6d,COMPLETED,2026-08-23T04:46:00.881Z,2026-08-23T04:56:30.881Z,35.686847,51.370984,35.686847,51.370984,7.04,660,55.0,0,2026-08-23T04:45:30.881Z,2026-08-23T04:56:30.881Z,14786c13-6fe9-44bf-bb7b-4330c0b8f769
d0f3997c-0671-49b8-9a42-4ff5f9d71ab0,03d612d9-ebba-44e5-a29e-7b12b9523418,2a0c5c26-377b-4f55-8e1b-1e57ca9e4e6d,COMPLETED,2026-08-23T05:31:00.881Z,2026-08-23T05:40:30.881Z,35.657234,51.397412,35.657234,51.397412,5.45,600,53.8,1,2026-08-23T05:30:30.881Z,2026-08-23T05:40:30.881Z,f12a0552-145f-48a0-8e44-88d2f3f80074
1d6bffb8-c3bc-4805-a271-1157c8e8fd23,03d612d9-ebba-44e5-a29e-7b12b9523418,2a0c5c26-377b-4f55-8e1b-1e57ca9e4e6d,COMPLETED,2026-08-24T04:48:39.853Z,2026-08-24T04:56:09.853Z,35.671187,51.418350,35.671187,51.418350,3.83,480,52.2,1,2026-08-24T04:48:09.853Z,2026-08-24T04:56:09.853Z,50d24928-5619-46a7-ad89-285f847d2a5f
ab2bec1e-0007-44f7-b95b-c4dcb5b54604,03d612d9-ebba-44e5-a29e-7b12b9523418,2a0c5c26-377b-4f55-8e1b-1e57ca9e4e6d,COMPLETED,2026-08-24T05:33:09.853Z,2026-08-24T05:35:39.853Z,35.673158,51.421205,35.673158,51.421205,1.58,180,55.6,0,2026-08-24T05:32:39.853Z,2026-08-24T05:35:39.853Z,56f9199b-cf92-49f7-86eb-401ad9d6a5fa
7b4537e0-322d-4bc1-8ad0-991319841687,03d612d9-ebba-44e5-a29e-7b12b9523418,2a0c5c26-377b-4f55-8e1b-1e57ca9e4e6d,COMPLETED,2026-08-25T03:18:52.971Z,2026-08-25T03:20:52.971Z,35.674026,51.420284,35.674026,51.420284,0.91,150,29.4,0,2026-08-25T03:18:22.971Z,2026-08-25T03:20:52.971Z,4a08ab81-87ce-4d3b-bfa1-64eb186b4b34
00c77f2c-ec9d-4b9e-b74d-4db461d4e1ee,03d612d9-ebba-44e5-a29e-7b12b9523418,2a0c5c26-377b-4f55-8e1b-1e57ca9e4e6d,COMPLETED,2026-08-25T04:01:52.971Z,2026-08-25T04:06:22.971Z,35.656236,51.406867,35.656236,51.406867,3.15,300,55.8,0,2026-08-25T04:01:22.971Z,2026-08-25T04:06:22.971Z,c3773ba5-f320-4250-83ce-2a3e9431b3d1
f9f1ef2a-6d18-493f-94f4-27ab915edc27,03d612d9-ebba-44e5-a29e-7b12b9523418,2a0c5c26-377b-4f55-8e1b-1e57ca9e4e6d,COMPLETED,2026-08-25T04:18:52.971Z,2026-08-25T04:42:52.971Z,35.731945,51.419327,35.731945,51.419327,16.33,1470,55.6,0,2026-08-25T04:18:22.971Z,2026-08-25T04:42:52.971Z,7f1479d7-4c33-49f7-bdcd-a53da7d52949
56281dbe-78ab-4aed-9ea0-e8dc6c8719a1,03d612d9-ebba-44e5-a29e-7b12b9523418,2a0c5c26-377b-4f55-8e1b-1e57ca9e4e6d,COMPLETED,2026-08-25T05:15:22.971Z,2026-08-25T05:29:52.971Z,35.684718,51.423085,35.684718,51.423085,7.23,900,54.7,2,2026-08-25T05:14:52.971Z,2026-08-25T05:29:52.971Z,477257fa-3a0b-4161-9bf6-6b8ec489e79f
626d8695-3d9d-4e0e-9f2f-823e880c79b4,03d612d9-ebba-44e5-a29e-7b12b9523418,2a0c5c26-377b-4f55-8e1b-1e57ca9e4e6d,COMPLETED,2026-08-25T05:45:22.971Z,2026-08-25T05:56:52.971Z,35.690156,51.378659,35.690156,51.378659,7.94,720,55.1,0,2026-08-25T05:44:52.971Z,2026-08-25T05:56:52.971Z,b5ad9ec3-4655-4a42-b8cf-19b8757c89d1
1ad1a10e-a0ad-458a-b720-765f4703e73e,03d612d9-ebba-44e5-a29e-7b12b9523418,2a0c5c26-377b-4f55-8e1b-1e57ca9e4e6d,COMPLETED,2026-08-25T06:36:22.971Z,2026-08-25T06:54:52.971Z,35.733322,51.397432,35.733322,51.397432,9.48,1140,54.6,3,2026-08-25T06:35:52.971Z,2026-08-25T06:54:52.971Z,cd64aebc-f0a4-4f69-bb1b-1c8aeaf83c61
94a646b4-2d35-4f5d-91fe-d446813d4a6e,03d612d9-ebba-44e5-a29e-7b12b9523418,f1a42899-ae87-44c7-9220-fe008daf1ff6,COMPLETED,2026-08-12T03:55:17.824Z,2026-08-12T05:15:17.824Z,35.665863,51.336470,35.665863,51.336470,47.05,4830,55.9,7,2026-08-12T03:54:47.824Z,2026-08-12T05:15:17.824Z,0b0dea46-4a03-407e-a67e-78857b4d00f7
ad9ca53e-d46a-4438-80f1-d47fd8e6460d,03d612d9-ebba-44e5-a29e-7b12b9523418,f1a42899-ae87-44c7-9220-fe008daf1ff6,COMPLETED,2026-08-12T05:57:47.824Z,2026-08-12T06:56:17.824Z,35.750908,51.165093,35.750908,51.165093,35.77,3540,55.6,4,2026-08-12T05:57:17.824Z,2026-08-12T06:56:17.824Z,01db37d7-9ca8-4f2a-a014-c13f774f7546
f3518aa4-8f02-4eb2-b2a2-51624f796f4a,03d612d9-ebba-44e5-a29e-7b12b9523418,f1a42899-ae87-44c7-9220-fe008daf1ff6,COMPLETED,2026-08-12T07:25:17.824Z,2026-08-12T08:20:17.824Z,35.659003,51.352379,35.659003,51.352379,29.77,3330,56.0,9,2026-08-12T07:24:47.824Z,2026-08-12T08:20:17.824Z,8506688f-6e93-44ed-9890-f86e1f5e5ae4
b4fb8949-0eea-4e99-952b-ea9c8db94b76,03d612d9-ebba-44e5-a29e-7b12b9523418,f1a42899-ae87-44c7-9220-fe008daf1ff6,COMPLETED,2026-08-12T08:48:47.824Z,2026-08-12T09:46:17.824Z,35.797761,51.089933,35.797761,51.089933,37.48,3480,55.9,2,2026-08-12T08:48:17.824Z,2026-08-12T09:46:17.824Z,ef75ef7d-4f2d-48e4-b0e4-5bd19ffced89
e5ba2704-6964-4408-99aa-7eb564d75508,03d612d9-ebba-44e5-a29e-7b12b9523418,f1a42899-ae87-44c7-9220-fe008daf1ff6,COMPLETED,2026-08-12T10:16:47.824Z,2026-08-12T11:20:47.824Z,35.768975,51.304250,35.768975,51.304250,38.59,3870,55.8,6,2026-08-12T10:16:17.824Z,2026-08-12T11:20:47.824Z,6e1fe520-f08c-4cb9-b932-c9daf2061d5e
53a88cc3-5747-4cfc-9498-0c337c8a7fcc,03d612d9-ebba-44e5-a29e-7b12b9523418,f1a42899-ae87-44c7-9220-fe008daf1ff6,COMPLETED,2026-08-12T11:54:47.824Z,2026-08-12T12:23:17.824Z,35.752036,51.445600,35.752036,51.445600,18.85,1740,55.8,0,2026-08-12T11:54:17.824Z,2026-08-12T12:23:17.824Z,f686d0c7-3aa9-457f-bbf2-b75aeee1007a
6db1c15e-c1bd-46fd-ad20-d80bbdf0e6d4,03d612d9-ebba-44e5-a29e-7b12b9523418,f1a42899-ae87-44c7-9220-fe008daf1ff6,COMPLETED,2026-08-15T04:24:54.829Z,2026-08-15T04:33:24.829Z,35.746584,51.482362,35.746584,51.482362,6.16,540,54.9,0,2026-08-15T04:24:24.829Z,2026-08-15T04:33:24.829Z,8d18a79f-8654-4ce1-ae30-7d643e95e500
a7a13025-a763-482d-9e4a-84b8eff6515a,03d612d9-ebba-44e5-a29e-7b12b9523418,f1a42899-ae87-44c7-9220-fe008daf1ff6,COMPLETED,2026-08-15T05:15:24.829Z,2026-08-15T06:33:24.829Z,35.818457,51.120567,35.818457,51.120567,44.84,4710,55.7,8,2026-08-15T05:14:54.829Z,2026-08-15T06:33:24.829Z,96d1d114-c9f8-467f-b7fc-1abe781f580d
2385c15f-681a-44f6-894c-37701087f964,03d612d9-ebba-44e5-a29e-7b12b9523418,f1a42899-ae87-44c7-9220-fe008daf1ff6,COMPLETED,2026-08-15T07:14:24.829Z,2026-08-15T08:17:24.829Z,35.710232,51.282417,35.710232,51.282417,37.23,3810,54.4,6,2026-08-15T07:13:54.829Z,2026-08-15T08:17:24.829Z,05d1203b-ea13-485b-8dcf-a95eaacbc75b
7edfb438-59d7-42bf-b0e2-72b2dd9f78cc,03d612d9-ebba-44e5-a29e-7b12b9523418,f1a42899-ae87-44c7-9220-fe008daf1ff6,COMPLETED,2026-08-15T08:45:54.829Z,2026-08-15T09:37:24.829Z,35.810681,51.072483,35.810681,51.072483,29.24,3120,55.6,5,2026-08-15T08:45:24.829Z,2026-08-15T09:37:24.829Z,13fe78f1-c001-49a0-b1d7-b7ebc3186716
8eb1a1c6-b858-423d-ba5b-76f08f1b0821,03d612d9-ebba-44e5-a29e-7b12b9523418,f1a42899-ae87-44c7-9220-fe008daf1ff6,COMPLETED,2026-08-15T10:10:54.829Z,2026-08-15T10:23:54.829Z,35.818311,51.029729,35.818311,51.029729,7.31,810,54.7,1,2026-08-15T10:10:24.829Z,2026-08-15T10:23:54.829Z,d0db78a4-e4bd-47d1-90bd-d11b2772035a
66634f37-431f-4467-977a-a8b25831159b,03d612d9-ebba-44e5-a29e-7b12b9523418,f1a42899-ae87-44c7-9220-fe008daf1ff6,COMPLETED,2026-08-15T10:50:24.829Z,2026-08-15T10:56:54.829Z,35.831731,51.010341,35.831731,51.010341,3.67,420,54.7,0,2026-08-15T10:49:54.829Z,2026-08-15T10:56:54.829Z,da5b66e6-0764-4305-9ca4-3954a1145e9e
68bd073e-0e41-43ca-bf31-c12fcb20a6d2,03d612d9-ebba-44e5-a29e-7b12b9523418,f1a42899-ae87-44c7-9220-fe008daf1ff6,COMPLETED,2026-08-16T05:04:56.554Z,2026-08-16T06:17:56.554Z,35.667800,51.336286,35.667800,51.336286,46.49,4410,56.0,5,2026-08-16T05:04:26.554Z,2026-08-16T06:17:56.554Z,8201569e-1ebe-4896-9128-d729b1577d6c
a667272d-19b9-4eb8-8c44-0a320db86a37,03d612d9-ebba-44e5-a29e-7b12b9523418,f1a42899-ae87-44c7-9220-fe008daf1ff6,COMPLETED,2026-08-16T07:01:26.554Z,2026-08-16T08:02:26.554Z,35.784341,51.112437,35.784341,51.112437,35.64,3690,55.9,6,2026-08-16T07:00:56.554Z,2026-08-16T08:02:26.554Z,2fc433ae-ea32-4abc-8f12-0f43cb913544
fc466e47-ea18-421d-ada5-e216683d07c3,03d612d9-ebba-44e5-a29e-7b12b9523418,f1a42899-ae87-44c7-9220-fe008daf1ff6,COMPLETED,2026-08-18T03:40:45.909Z,2026-08-18T04:43:15.909Z,35.756401,51.414602,35.756401,51.414602,36.46,3780,55.9,6,2026-08-18T03:40:15.909Z,2026-08-18T04:43:15.909Z,b8abbb98-a708-4a1d-9cf0-de4bbbcd6bb1
59915d33-ccb6-4062-a426-bfb47cdcd27f,03d612d9-ebba-44e5-a29e-7b12b9523418,f1a42899-ae87-44c7-9220-fe008daf1ff6,COMPLETED,2026-08-18T05:10:15.909Z,2026-08-18T06:06:45.909Z,35.814758,51.104399,35.814758,51.104399,38.46,3420,55.4,1,2026-08-18T05:09:45.909Z,2026-08-18T06:06:45.909Z,12ac15eb-3581-4a1c-a529-e9790e0722ba
d94dd950-50a3-4846-925d-85b962972fe4,03d612d9-ebba-44e5-a29e-7b12b9523418,f1a42899-ae87-44c7-9220-fe008daf1ff6,COMPLETED,2026-08-18T06:31:15.909Z,2026-08-18T07:40:45.909Z,35.709204,51.272712,35.709204,51.272712,38.23,4200,55.6,7,2026-08-18T06:30:45.909Z,2026-08-18T07:40:45.909Z,c980e778-3ccc-4fbc-9970-1aeedfe025c9
0f7a2907-e8eb-474f-bc95-947b9c7efb1a,03d612d9-ebba-44e5-a29e-7b12b9523418,f1a42899-ae87-44c7-9220-fe008daf1ff6,COMPLETED,2026-08-18T08:22:15.909Z,2026-08-18T09:04:45.909Z,35.805492,51.066120,35.805492,51.066120,28.55,2580,55.7,1,2026-08-18T08:21:45.909Z,2026-08-18T09:04:45.909Z,4f75e825-6b2d-470b-8b41-100133349118
15c9cd20-5907-4fe6-83f0-dd64d296ad16,03d612d9-ebba-44e5-a29e-7b12b9523418,f1a42899-ae87-44c7-9220-fe008daf1ff6,COMPLETED,2026-08-20T04:16:04.373Z,2026-08-20T05:08:34.373Z,35.786117,51.241082,35.786117,51.241082,31.43,3180,55.5,5,2026-08-20T04:15:34.373Z,2026-08-20T05:08:34.373Z,26842338-7b40-4db8-8c41-a42b75f196e7
d0745e64-9d90-4dcc-81e0-1d15211d78c1,03d612d9-ebba-44e5-a29e-7b12b9523418,f1a42899-ae87-44c7-9220-fe008daf1ff6,COMPLETED,2026-08-20T05:54:04.373Z,2026-08-20T06:33:34.373Z,35.815847,51.122029,35.815847,51.122029,22.24,2400,55.4,4,2026-08-20T05:53:34.373Z,2026-08-20T06:33:34.373Z,7f3afafe-1161-4795-9c76-670cd13bedb8
5822cdf5-af04-4f16-b7ce-370fb82a8814,03d612d9-ebba-44e5-a29e-7b12b9523418,f1a42899-ae87-44c7-9220-fe008daf1ff6,COMPLETED,2026-08-21T02:38:32.624Z,2026-08-21T03:40:02.624Z,35.685717,51.403045,35.685717,51.403045,38.88,3720,55.9,4,2026-08-21T02:38:02.624Z,2026-08-21T03:40:02.624Z,ced4aca7-2235-441f-897c-21cc82d3b73c
70bc609b-53d0-4657-bd28-49929924c443,03d612d9-ebba-44e5-a29e-7b12b9523418,f1a42899-ae87-44c7-9220-fe008daf1ff6,COMPLETED,2026-08-21T04:05:32.624Z,2026-08-21T04:27:32.624Z,35.725435,51.477947,35.725435,51.477947,12.11,1350,55.5,2,2026-08-21T04:05:02.624Z,2026-08-21T04:27:32.624Z,6b48a1b9-2e2d-41da-a547-140217a3a766
a6343287-9060-487d-a38f-2335d3741d5f,03d612d9-ebba-44e5-a29e-7b12b9523418,f1a42899-ae87-44c7-9220-fe008daf1ff6,COMPLETED,2026-08-21T04:42:32.624Z,2026-08-21T05:04:32.624Z,35.672190,51.425824,35.672190,51.425824,14.83,1350,53.8,0,2026-08-21T04:42:02.624Z,2026-08-21T05:04:32.624Z,5643248b-697e-4a52-9d20-8b29fca040a0
b9acfe65-2470-4670-9459-be332c545d7c,03d612d9-ebba-44e5-a29e-7b12b9523418,f1a42899-ae87-44c7-9220-fe008daf1ff6,COMPLETED,2026-08-21T05:34:32.624Z,2026-08-21T06:49:32.624Z,35.796010,51.107892,35.796010,51.107892,42.65,4530,55.7,9,2026-08-21T05:34:02.624Z,2026-08-21T06:49:32.624Z,7c9ac194-9025-4525-bccf-5dcdc162166e
1bb096e0-6a07-4bff-aaba-37e5b787f7d9,03d612d9-ebba-44e5-a29e-7b12b9523418,f1a42899-ae87-44c7-9220-fe008daf1ff6,COMPLETED,2026-08-22T03:39:30.646Z,2026-08-22T04:38:00.646Z,35.672525,51.334808,35.672525,51.334808,36.88,3540,55.5,3,2026-08-22T03:39:00.646Z,2026-08-22T04:38:00.646Z,c2555e58-70cc-438c-9f56-dd3eb2b6d4b4
c90577b0-028d-4cb1-ad1b-d4afd138ae65,03d612d9-ebba-44e5-a29e-7b12b9523418,f1a42899-ae87-44c7-9220-fe008daf1ff6,COMPLETED,2026-08-22T04:57:00.646Z,2026-08-22T05:57:30.646Z,35.758400,51.169327,35.758400,51.169327,35.22,3660,55.8,6,2026-08-22T04:56:30.646Z,2026-08-22T05:57:30.646Z,0ac05337-862f-45cf-bfe5-f155d0505f05
a16fb41b-e3d8-4dcb-8387-c1161016c0ed,03d612d9-ebba-44e5-a29e-7b12b9523418,f1a42899-ae87-44c7-9220-fe008daf1ff6,COMPLETED,2026-08-22T06:34:00.646Z,2026-08-22T07:35:00.646Z,35.747087,51.366157,35.747087,51.366157,35.40,3690,56.0,7,2026-08-22T06:33:30.646Z,2026-08-22T07:35:00.646Z,29fb1551-0477-464c-b57f-095736707932
10a69767-b231-426a-8d47-2d9d9e5ddc90,03d612d9-ebba-44e5-a29e-7b12b9523418,f1a42899-ae87-44c7-9220-fe008daf1ff6,COMPLETED,2026-08-22T07:58:00.646Z,2026-08-22T08:58:00.646Z,35.790781,51.182608,35.790781,51.182608,34.51,3630,55.9,7,2026-08-22T07:57:30.646Z,2026-08-22T08:58:00.646Z,f33011f7-b0e9-46eb-93e7-4b2c831ec3ab
d3f1caf6-e894-4acb-b47d-7697dcce8e2f,03d612d9-ebba-44e5-a29e-7b12b9523418,f1a42899-ae87-44c7-9220-fe008daf1ff6,COMPLETED,2026-08-22T09:23:30.646Z,2026-08-22T10:19:30.646Z,35.670083,51.357149,35.670083,51.357149,31.09,3390,55.2,7,2026-08-22T09:23:00.646Z,2026-08-22T10:19:30.646Z,256e4855-f37e-4835-a142-e0592603fa95
6966295a-8232-42af-8cc0-62a76966a127,03d612d9-ebba-44e5-a29e-7b12b9523418,f1a42899-ae87-44c7-9220-fe008daf1ff6,COMPLETED,2026-08-22T10:51:30.646Z,2026-08-22T11:08:30.646Z,35.621759,51.421546,35.621759,51.421546,10.51,1050,55.8,1,2026-08-22T10:51:00.646Z,2026-08-22T11:08:30.646Z,0d71a488-0850-4457-893f-e052558f45f8
e83c0304-14bf-4418-8614-a4971fd58983,03d612d9-ebba-44e5-a29e-7b12b9523418,f1a42899-ae87-44c7-9220-fe008daf1ff6,COMPLETED,2026-08-23T02:52:34.846Z,2026-08-23T02:57:34.846Z,35.610000,51.434722,35.610000,51.434722,3.13,330,55.7,0,2026-08-23T02:52:04.846Z,2026-08-23T02:57:34.846Z,f0fdf682-a3a8-47ba-8985-02b1f3af6a09
c8fdc934-a9d1-4c9f-b0a1-b883affcd857,03d612d9-ebba-44e5-a29e-7b12b9523418,f1a42899-ae87-44c7-9220-fe008daf1ff6,COMPLETED,2026-08-23T03:34:04.846Z,2026-08-23T04:44:34.846Z,35.760836,51.143223,35.760836,51.143223,46.54,4260,56.0,3,2026-08-23T03:33:34.846Z,2026-08-23T04:44:34.846Z,37c979cf-1b7b-4d73-b4c7-736f4d19e43e
99aa5240-3b12-47dd-b448-a17023d99b8c,03d612d9-ebba-44e5-a29e-7b12b9523418,f1a42899-ae87-44c7-9220-fe008daf1ff6,COMPLETED,2026-08-23T05:22:04.846Z,2026-08-23T06:17:34.846Z,35.755805,51.330839,35.755805,51.330839,33.42,3360,55.6,4,2026-08-23T05:21:34.846Z,2026-08-23T06:17:34.846Z,0aec79f8-f212-4f71-a8d7-b292fe623900
e4c411f9-5af5-4315-abaa-5e4dd86a5be5,03d612d9-ebba-44e5-a29e-7b12b9523418,f1a42899-ae87-44c7-9220-fe008daf1ff6,COMPLETED,2026-08-23T06:48:04.846Z,2026-08-23T07:17:34.846Z,35.657172,51.409362,35.657172,51.409362,19.31,1800,56.0,1,2026-08-23T06:47:34.846Z,2026-08-23T07:17:34.846Z,9c74199c-41cd-429a-8ee8-b5e96b572e7f
d0dd9605-501d-4c91-83a7-c85c45239811,03d612d9-ebba-44e5-a29e-7b12b9523418,f1a42899-ae87-44c7-9220-fe008daf1ff6,COMPLETED,2026-08-24T05:01:12.430Z,2026-08-24T05:25:42.430Z,35.719251,51.474910,35.719251,51.474910,13.81,1500,55.5,3,2026-08-24T05:00:42.430Z,2026-08-24T05:25:42.430Z,bbd31f0e-5e24-4ac2-87a6-a4bd95d79b9f
cd86a2fc-6464-479d-8ca2-bce7e56920c1,03d612d9-ebba-44e5-a29e-7b12b9523418,f1a42899-ae87-44c7-9220-fe008daf1ff6,COMPLETED,2026-08-24T06:06:12.430Z,2026-08-24T06:28:12.430Z,35.642470,51.452726,35.642470,51.452726,12.96,1350,53.2,2,2026-08-24T06:05:42.430Z,2026-08-24T06:28:12.430Z,ab1486d8-cef9-4300-8444-177ef454ca49
7b64e714-4581-4fec-a9b4-c123af84fc2b,03d612d9-ebba-44e5-a29e-7b12b9523418,f1a42899-ae87-44c7-9220-fe008daf1ff6,COMPLETED,2026-08-24T06:53:42.430Z,2026-08-24T07:00:42.430Z,35.658412,51.431247,35.658412,51.431247,4.69,450,53.6,1,2026-08-24T06:53:12.430Z,2026-08-24T07:00:42.430Z,0455ff81-7a1e-4f17-a8f5-137c3783d15e
64819420-4e22-43be-b8f1-b2d4d14bb63b,03d612d9-ebba-44e5-a29e-7b12b9523418,f1a42899-ae87-44c7-9220-fe008daf1ff6,COMPLETED,2026-08-24T07:21:12.430Z,2026-08-24T07:41:12.430Z,35.723835,51.495186,35.723835,51.495186,12.55,1230,55.5,1,2026-08-24T07:20:42.430Z,2026-08-24T07:41:12.430Z,6719c4d2-fb27-4b10-a324-f5634a675c21
a686d3c1-659f-4bc7-8171-98f936a49b2e,03d612d9-ebba-44e5-a29e-7b12b9523418,f1a42899-ae87-44c7-9220-fe008daf1ff6,COMPLETED,2026-08-25T02:48:13.268Z,2026-08-25T03:13:13.268Z,35.636087,51.450582,35.636087,51.450582,14.19,1530,53.7,2,2026-08-25T02:47:43.268Z,2026-08-25T03:13:13.268Z,4c5366cf-1823-4330-b358-f16aef3dca1a
b9f74df5-8a5a-4655-8bc3-0d76dd85fb8e,03d612d9-ebba-44e5-a29e-7b12b9523418,f1a42899-ae87-44c7-9220-fe008daf1ff6,COMPLETED,2026-08-25T03:31:13.268Z,2026-08-25T04:43:13.268Z,35.774652,51.152836,35.774652,51.152836,46.18,4350,55.9,4,2026-08-25T03:30:43.268Z,2026-08-25T04:43:13.268Z,11fc9949-4ca3-487a-bc66-5102b0e1eb0d
3335cec1-b0db-40be-a145-78363c37c0bd,03d612d9-ebba-44e5-a29e-7b12b9523418,f1a42899-ae87-44c7-9220-fe008daf1ff6,COMPLETED,2026-08-26T03:00:21.462Z,2026-08-26T03:32:21.462Z,35.715924,51.294852,35.715924,51.294852,19.35,1950,55.1,2,2026-08-26T02:59:51.462Z,2026-08-26T03:32:21.462Z,df98a99c-1d31-477c-8bae-e47c854e7a30
1e3416e1-8179-4c6b-ac82-10c9933bba35,03d612d9-ebba-44e5-a29e-7b12b9523418,f1a42899-ae87-44c7-9220-fe008daf1ff6,COMPLETED,2026-08-26T04:04:51.462Z,2026-08-26T04:53:21.462Z,35.811117,51.074644,35.811117,51.074644,30.24,2940,55.7,4,2026-08-26T04:04:21.462Z,2026-08-26T04:53:21.462Z,d57a94b8-f863-4365-888a-6ba6b869e4f0
209d3460-0cfa-48a5-88bf-6d3362c2595d,03d612d9-ebba-44e5-a29e-7b12b9523418,f1a42899-ae87-44c7-9220-fe008daf1ff6,COMPLETED,2026-08-26T05:09:21.462Z,2026-08-26T06:11:21.462Z,35.709644,51.262496,35.709644,51.262496,40.16,3750,55.9,4,2026-08-26T05:08:51.462Z,2026-08-26T06:11:21.462Z,a22b9550-4806-4e11-acda-23e3534ecab3
969d61bc-d80c-467a-a7dc-78ac4d34a39d,03d612d9-ebba-44e5-a29e-7b12b9523418,f1a42899-ae87-44c7-9220-fe008daf1ff6,COMPLETED,2026-08-26T06:50:51.462Z,2026-08-26T07:34:21.462Z,35.773278,51.129615,35.773278,51.129615,27.42,2640,55.8,4,2026-08-26T06:50:21.462Z,2026-08-26T07:34:21.462Z,bc26f020-b26f-432f-9a08-4d807fd53a3b
16c7fed6-0619-47ed-840e-185dd11e5326,03d612d9-ebba-44e5-a29e-7b12b9523418,f1a42899-ae87-44c7-9220-fe008daf1ff6,COMPLETED,2026-08-26T07:58:51.462Z,2026-08-26T08:10:21.462Z,35.819784,51.023699,35.819784,51.023699,14.81,720,98.4,0,2026-08-26T07:58:21.462Z,2026-08-26T08:10:21.462Z,b0a67d56-17fd-4636-9ed9-ec23cef4c2c2
1ea6397a-5343-418c-932a-50c00d2445f6,03d612d9-ebba-44e5-a29e-7b12b9523418,f1a42899-ae87-44c7-9220-fe008daf1ff6,COMPLETED,2026-08-26T08:48:51.462Z,2026-08-26T08:52:51.462Z,35.828517,51.010861,35.828517,51.010861,2.95,270,54.6,0,2026-08-26T08:48:21.462Z,2026-08-26T08:52:51.462Z,27c419a9-d65c-4498-af74-202085616452
931610e4-7183-4216-9e54-87ff1e75aed1,03d612d9-ebba-44e5-a29e-7b12b9523418,bef40f92-a139-4451-80a2-8d6bf075601d,COMPLETED,2026-08-12T02:37:19.429Z,2026-08-12T03:29:49.429Z,35.789807,51.314290,35.789807,51.314290,37.93,3180,69.2,5,2026-08-12T02:36:49.429Z,2026-08-12T03:29:49.429Z,99158fc4-d676-4d3e-951e-ad2638da4ac0
34fe443b-a8b9-4a2e-a778-03c82d929e5d,03d612d9-ebba-44e5-a29e-7b12b9523418,bef40f92-a139-4451-80a2-8d6bf075601d,COMPLETED,2026-08-12T03:53:49.429Z,2026-08-12T04:04:19.429Z,35.774402,51.381134,35.774402,51.381134,9.18,660,69.9,0,2026-08-12T03:53:19.429Z,2026-08-12T04:04:19.429Z,13c10de5-b308-4592-b787-263cca8450fc
834e3cb1-d705-4538-8745-83a536bcbf5b,03d612d9-ebba-44e5-a29e-7b12b9523418,bef40f92-a139-4451-80a2-8d6bf075601d,COMPLETED,2026-08-15T03:37:01.827Z,2026-08-15T03:57:31.827Z,35.747395,51.521807,35.747395,51.521807,17.36,1260,68.5,0,2026-08-15T03:36:31.827Z,2026-08-15T03:57:31.827Z,50673d1d-058a-45ae-8435-5ab6c7ee04c1
357a0ca7-b61c-49a3-a344-bf47f9c43db0,03d612d9-ebba-44e5-a29e-7b12b9523418,bef40f92-a139-4451-80a2-8d6bf075601d,COMPLETED,2026-08-15T04:44:01.827Z,2026-08-15T05:45:31.827Z,35.811077,51.176203,35.811077,51.176203,48.05,3720,69.6,2,2026-08-15T04:43:31.827Z,2026-08-15T05:45:31.827Z,8b28ad7f-a818-4f5b-8602-b0ceb439c6c5
9348132b-0fd4-4085-b647-d7804b05cd8e,03d612d9-ebba-44e5-a29e-7b12b9523418,bef40f92-a139-4451-80a2-8d6bf075601d,COMPLETED,2026-08-15T06:24:01.827Z,2026-08-15T06:45:31.827Z,35.773927,51.287092,35.773927,51.287092,16.01,1320,69.6,2,2026-08-15T06:23:31.827Z,2026-08-15T06:45:31.827Z,42deaf35-e590-49d0-bd28-900b570c42b8
8ed55866-47ba-4a84-87db-ccd4e8bc244c,03d612d9-ebba-44e5-a29e-7b12b9523418,bef40f92-a139-4451-80a2-8d6bf075601d,COMPLETED,2026-08-15T07:08:31.827Z,2026-08-15T07:44:01.827Z,35.825979,51.070418,35.825979,51.070418,27.12,2160,70.0,3,2026-08-15T07:08:01.827Z,2026-08-15T07:44:01.827Z,6e069c6e-bef5-4e1d-b4af-9744df8d097e
e45c68fe-23ce-4ace-b00e-0285274814fb,03d612d9-ebba-44e5-a29e-7b12b9523418,bef40f92-a139-4451-80a2-8d6bf075601d,COMPLETED,2026-08-15T08:22:01.827Z,2026-08-15T08:30:31.827Z,35.828956,51.016446,35.828956,51.016446,7.09,540,68.3,0,2026-08-15T08:21:31.827Z,2026-08-15T08:30:31.827Z,ce721424-159b-413d-ab32-c108ca8aa3ab
f867773e-776e-40aa-a79f-55af64fd5363,03d612d9-ebba-44e5-a29e-7b12b9523418,bef40f92-a139-4451-80a2-8d6bf075601d,COMPLETED,2026-08-15T08:45:01.827Z,2026-08-15T08:49:01.827Z,35.838184,51.004620,35.838184,51.004620,2.38,270,68.5,0,2026-08-15T08:44:31.827Z,2026-08-15T08:49:01.827Z,cac7a22f-223f-4ac4-9256-f26e61ae5b61
940ae370-5cc7-4dbf-97da-9265216bc3bc,03d612d9-ebba-44e5-a29e-7b12b9523418,bef40f92-a139-4451-80a2-8d6bf075601d,COMPLETED,2026-08-16T04:46:51.575Z,2026-08-16T06:00:21.575Z,35.760117,51.426474,35.760117,51.426474,52.03,4440,69.8,8,2026-08-16T04:46:21.575Z,2026-08-16T06:00:21.575Z,017db81d-e5be-450e-b5dc-45e3f2a6e28b
87a69568-4b20-413f-8817-9bb72bbfde67,03d612d9-ebba-44e5-a29e-7b12b9523418,bef40f92-a139-4451-80a2-8d6bf075601d,COMPLETED,2026-08-16T06:27:51.575Z,2026-08-16T06:44:21.575Z,35.750495,51.499290,35.750495,51.499290,12.94,1020,69.4,2,2026-08-16T06:27:21.575Z,2026-08-16T06:44:21.575Z,552ac197-b8c7-49b5-b24a-c990053a11f3
a2b32e6e-4f5d-4dec-9f87-6648421de9f5,03d612d9-ebba-44e5-a29e-7b12b9523418,bef40f92-a139-4451-80a2-8d6bf075601d,COMPLETED,2026-08-16T07:15:51.575Z,2026-08-16T07:27:21.575Z,35.743016,51.544420,35.743016,51.544420,5.92,720,63.0,2,2026-08-16T07:15:21.575Z,2026-08-16T07:27:21.575Z,d3b00c7a-e9bc-493e-ac2c-f5262e4aa445
85074901-3756-42e6-939f-be472402af32,03d612d9-ebba-44e5-a29e-7b12b9523418,bef40f92-a139-4451-80a2-8d6bf075601d,COMPLETED,2026-08-16T07:49:51.575Z,2026-08-16T08:55:51.575Z,35.813363,51.138135,35.813363,51.138135,50.30,3990,69.3,5,2026-08-16T07:49:21.575Z,2026-08-16T08:55:51.575Z,f14d1f09-3d32-45a9-9593-658b3c3bbce5
2eb1b609-23aa-458e-b565-ac7bd7a4c06a,03d612d9-ebba-44e5-a29e-7b12b9523418,bef40f92-a139-4451-80a2-8d6bf075601d,COMPLETED,2026-08-16T09:42:51.575Z,2026-08-16T10:09:51.575Z,35.540673,51.144023,35.540673,51.144023,44.72,1650,118.0,0,2026-08-16T09:42:21.575Z,2026-08-16T10:09:51.575Z,baf9a3cf-7bce-4bac-8489-8ab332796e3f
4f5502ca-1362-4db2-a7ff-a249f6f53c45,03d612d9-ebba-44e5-a29e-7b12b9523418,bef40f92-a139-4451-80a2-8d6bf075601d,COMPLETED,2026-08-16T10:56:21.575Z,2026-08-16T11:40:51.575Z,35.692802,51.070246,35.692802,51.070246,35.88,2700,69.6,2,2026-08-16T10:55:51.575Z,2026-08-16T11:40:51.575Z,6f3f70b1-c15e-4b2c-8e81-15309728090c
0ee8bb9d-7072-49bd-9d0f-b3834ed6828c,03d612d9-ebba-44e5-a29e-7b12b9523418,bef40f92-a139-4451-80a2-8d6bf075601d,COMPLETED,2026-08-17T05:01:33.341Z,2026-08-17T06:00:33.341Z,35.724583,51.399201,35.724583,51.399201,45.04,3570,69.6,3,2026-08-17T05:01:03.341Z,2026-08-17T06:00:33.341Z,dfd815e6-4b3a-417e-aacc-cab5e1269da2
8e5fd93d-fbc9-4d12-b43b-977c30ad9f88,03d612d9-ebba-44e5-a29e-7b12b9523418,bef40f92-a139-4451-80a2-8d6bf075601d,COMPLETED,2026-08-17T06:42:33.341Z,2026-08-17T07:30:03.341Z,35.802948,51.132035,35.802948,51.132035,38.20,2880,69.6,2,2026-08-17T06:42:03.341Z,2026-08-17T07:30:03.341Z,24726ab9-9aea-41a8-b6be-f50c19d54bc5
d7734793-fa63-4534-be82-7bd435811c77,03d612d9-ebba-44e5-a29e-7b12b9523418,bef40f92-a139-4451-80a2-8d6bf075601d,COMPLETED,2026-08-18T03:31:57.093Z,2026-08-18T04:06:57.093Z,35.776783,51.345075,35.776783,51.345075,25.67,2130,69.9,2,2026-08-18T03:31:27.093Z,2026-08-18T04:06:57.093Z,69c092d4-059a-478c-a667-6937fae3b931
1de5d58c-a90c-4816-bef2-518aad6b0164,03d612d9-ebba-44e5-a29e-7b12b9523418,bef40f92-a139-4451-80a2-8d6bf075601d,COMPLETED,2026-08-18T04:30:57.093Z,2026-08-18T05:08:27.093Z,35.819415,51.113533,35.819415,51.113533,31.85,2280,67.9,0,2026-08-18T04:30:27.093Z,2026-08-18T05:08:27.093Z,26e0c383-d363-43d3-8f25-901ba6d49250
41df32e3-0510-414a-b087-a239371a7b92,03d612d9-ebba-44e5-a29e-7b12b9523418,bef40f92-a139-4451-80a2-8d6bf075601d,COMPLETED,2026-08-18T05:21:27.093Z,2026-08-18T05:58:27.093Z,35.797519,51.265157,35.797519,51.265157,27.52,2250,69.8,3,2026-08-18T05:20:57.093Z,2026-08-18T05:58:27.093Z,45193482-fc27-4093-8190-c72c8cfa4254
4cca62c3-32c8-46c9-92fa-b386e798c6ad,03d612d9-ebba-44e5-a29e-7b12b9523418,bef40f92-a139-4451-80a2-8d6bf075601d,COMPLETED,2026-08-18T06:38:57.093Z,2026-08-18T07:15:57.093Z,35.829573,51.068735,35.829573,51.068735,24.38,2250,68.8,4,2026-08-18T06:38:27.093Z,2026-08-18T07:15:57.093Z,bff97f8a-a3d8-45cc-b23c-46f403c98fbb
291889ec-3197-430f-a00b-fe8225364eb2,03d612d9-ebba-44e5-a29e-7b12b9523418,bef40f92-a139-4451-80a2-8d6bf075601d,COMPLETED,2026-08-19T03:44:17.040Z,2026-08-19T04:43:17.040Z,35.781483,51.316391,35.781483,51.316391,45.80,3570,69.4,4,2026-08-19T03:43:47.040Z,2026-08-19T04:43:17.040Z,c8cd5c23-3c56-4c13-9441-33791c5828aa
a276d73e-765d-414f-b8fb-6e2ed8f631da,03d612d9-ebba-44e5-a29e-7b12b9523418,bef40f92-a139-4451-80a2-8d6bf075601d,COMPLETED,2026-08-19T05:14:17.040Z,2026-08-19T05:51:47.040Z,35.817906,51.105733,35.817906,51.105733,29.65,2280,70.0,2,2026-08-19T05:13:47.040Z,2026-08-19T05:51:47.040Z,67ab4dbb-733d-4ce4-bea1-42ca460a902b
429f7608-130e-4a69-b4e7-18ab8d471351,03d612d9-ebba-44e5-a29e-7b12b9523418,bef40f92-a139-4451-80a2-8d6bf075601d,COMPLETED,2026-08-19T06:36:17.040Z,2026-08-19T07:11:17.040Z,35.794083,51.264188,35.794083,51.264188,28.15,2130,69.8,1,2026-08-19T06:35:47.040Z,2026-08-19T07:11:17.040Z,ba7fe24b-a31c-4d5a-b69f-5daa630305aa
cf6d139a-141c-4fcf-a7da-48fac9f98ba6,03d612d9-ebba-44e5-a29e-7b12b9523418,bef40f92-a139-4451-80a2-8d6bf075601d,COMPLETED,2026-08-19T07:33:47.040Z,2026-08-19T08:05:47.040Z,35.828856,51.068296,35.828856,51.068296,24.42,1950,68.9,2,2026-08-19T07:33:17.040Z,2026-08-19T08:05:47.040Z,31ec8de5-1afb-4d19-9d98-0217095364bf
44c5fb44-14ee-4b16-9f6f-73b065ee2d9e,03d612d9-ebba-44e5-a29e-7b12b9523418,bef40f92-a139-4451-80a2-8d6bf075601d,COMPLETED,2026-08-21T04:38:28.016Z,2026-08-21T05:08:58.016Z,35.781914,51.248463,35.781914,51.248463,25.62,1860,70.0,0,2026-08-21T04:37:58.016Z,2026-08-21T05:08:58.016Z,68ff877d-78b1-4577-89d1-70549da5dc53
222218b1-ecf7-4ec1-baf4-211ff609c0c3,03d612d9-ebba-44e5-a29e-7b12b9523418,bef40f92-a139-4451-80a2-8d6bf075601d,COMPLETED,2026-08-21T05:37:58.016Z,2026-08-21T06:09:28.016Z,35.809143,51.124778,35.809143,51.124778,23.12,1920,69.8,3,2026-08-21T05:37:28.016Z,2026-08-21T06:09:28.016Z,c41ec736-8f89-462d-9e78-87b17b2562d9
cd347692-1b0c-4bf3-9532-484ff5e316d4,03d612d9-ebba-44e5-a29e-7b12b9523418,bef40f92-a139-4451-80a2-8d6bf075601d,COMPLETED,2026-08-21T06:28:28.016Z,2026-08-21T07:23:28.016Z,35.770178,51.347987,35.770178,51.347987,40.59,3330,69.9,6,2026-08-21T06:27:58.016Z,2026-08-21T07:23:28.016Z,4a52502d-677e-4b14-9145-ccf964dc724b
ef7d101b-2939-4af2-ba5f-62ae4bfaf7a7,03d612d9-ebba-44e5-a29e-7b12b9523418,bef40f92-a139-4451-80a2-8d6bf075601d,COMPLETED,2026-08-21T08:05:58.016Z,2026-08-21T08:48:28.016Z,35.822516,51.088876,35.822516,51.088876,32.30,2580,69.2,3,2026-08-21T08:05:28.016Z,2026-08-21T08:48:28.016Z,0ed90654-ab82-4630-a62b-90988a544a41
5cb39ffe-dbc1-4411-a504-a65581f1edfc,03d612d9-ebba-44e5-a29e-7b12b9523418,bef40f92-a139-4451-80a2-8d6bf075601d,COMPLETED,2026-08-22T03:07:34.967Z,2026-08-22T04:05:04.967Z,35.776190,51.327565,35.776190,51.327565,43.77,3480,69.4,5,2026-08-22T03:07:04.967Z,2026-08-22T04:05:04.967Z,e521ce8a-538b-4cae-8534-06addb54d91d
fd245810-e26a-4b17-b2b7-c1e06f71aded,03d612d9-ebba-44e5-a29e-7b12b9523418,bef40f92-a139-4451-80a2-8d6bf075601d,COMPLETED,2026-08-22T04:46:34.967Z,2026-08-22T05:27:04.967Z,35.825397,51.084328,35.825397,51.084328,30.50,2460,69.9,3,2026-08-22T04:46:04.967Z,2026-08-22T05:27:04.967Z,b2cb37c8-d4df-4506-ab2c-ce281fe175c8
99c86cbb-ca0e-48f1-a04e-61fd3646db88,03d612d9-ebba-44e5-a29e-7b12b9523418,bef40f92-a139-4451-80a2-8d6bf075601d,COMPLETED,2026-08-22T05:48:04.967Z,2026-08-22T06:30:34.967Z,35.786581,51.304404,35.786581,51.304404,30.45,2580,68.5,3,2026-08-22T05:47:34.967Z,2026-08-22T06:30:34.967Z,e96b0f7f-8f45-4e69-9c51-5fd51a9d0190
b763c218-185b-4f24-952b-7f02d8634994,03d612d9-ebba-44e5-a29e-7b12b9523418,bef40f92-a139-4451-80a2-8d6bf075601d,COMPLETED,2026-08-22T06:56:34.967Z,2026-08-22T07:34:04.967Z,35.815082,51.149814,35.815082,51.149814,27.90,2280,68.8,4,2026-08-22T06:56:04.967Z,2026-08-22T07:34:04.967Z,c93329f9-59c0-4ae0-b45e-57db994b4be5
658676e2-1882-4895-b51f-46dad787ffd1,03d612d9-ebba-44e5-a29e-7b12b9523418,bef40f92-a139-4451-80a2-8d6bf075601d,COMPLETED,2026-08-23T03:33:36.048Z,2026-08-23T04:12:36.048Z,35.743456,51.291198,35.743456,51.291198,29.30,2370,69.0,4,2026-08-23T03:33:06.048Z,2026-08-23T04:12:36.048Z,afdf3a84-3cfc-4e1a-8912-99af93b5ae08
8fd10c7a-db06-46fb-904e-2719e7a4c9a1,03d612d9-ebba-44e5-a29e-7b12b9523418,bef40f92-a139-4451-80a2-8d6bf075601d,COMPLETED,2026-08-23T04:53:36.048Z,2026-08-23T05:09:36.048Z,35.760444,51.376216,35.760444,51.376216,11.51,990,69.8,2,2026-08-23T04:53:06.048Z,2026-08-23T05:09:36.048Z,5ee845fc-df83-4484-bfc8-ab6ae3736c36
bd221a97-3ba0-4f11-959c-4968f5a0b3e9,03d612d9-ebba-44e5-a29e-7b12b9523418,bef40f92-a139-4451-80a2-8d6bf075601d,COMPLETED,2026-08-24T02:59:57.859Z,2026-08-24T03:08:57.859Z,35.781392,51.408112,35.781392,51.408112,7.03,570,66.3,0,2026-08-24T02:59:27.859Z,2026-08-24T03:08:57.859Z,9e037d7e-d775-4da4-b4bf-56699b5b5b68
6249733c-e5bf-4990-bfb0-c6257ee72ca8,03d612d9-ebba-44e5-a29e-7b12b9523418,bef40f92-a139-4451-80a2-8d6bf075601d,COMPLETED,2026-08-24T03:42:57.859Z,2026-08-24T04:33:57.859Z,35.817907,51.135037,35.817907,51.135037,37.17,3090,69.5,4,2026-08-24T03:42:27.859Z,2026-08-24T04:33:57.859Z,c6c51731-c462-48aa-ba0d-b27aec319f18
5b01cc12-b0ee-4f1b-bb93-b729aae4e913,03d612d9-ebba-44e5-a29e-7b12b9523418,bef40f92-a139-4451-80a2-8d6bf075601d,COMPLETED,2026-08-25T03:46:11.798Z,2026-08-25T04:40:11.798Z,35.754967,51.455632,35.754967,51.455632,40.23,3270,69.4,4,2026-08-25T03:45:41.798Z,2026-08-25T04:40:11.798Z,5d89bf91-2b0a-4f83-b0f9-9614b9f1eca4
4b4bb522-5d8a-4f89-9871-9fa62a427741,03d612d9-ebba-44e5-a29e-7b12b9523418,bef40f92-a139-4451-80a2-8d6bf075601d,COMPLETED,2026-08-25T05:10:11.798Z,2026-08-25T06:14:41.798Z,35.815069,51.113789,35.815069,51.113789,42.07,3900,69.4,9,2026-08-25T05:09:41.798Z,2026-08-25T06:14:41.798Z,490963d3-ad2e-4674-a1c6-854fa883c60c
49e85080-03a5-4dae-8fe8-05ff8722b5ed,03d612d9-ebba-44e5-a29e-7b12b9523418,bef40f92-a139-4451-80a2-8d6bf075601d,COMPLETED,2026-08-25T06:39:41.798Z,2026-08-25T06:48:41.798Z,35.833591,51.020159,35.833591,51.020159,13.68,570,118.0,0,2026-08-25T06:39:11.798Z,2026-08-25T06:48:41.798Z,7095a32b-130d-4ddf-9023-20855a70985d
221805ba-057a-427e-9ae2-12e98e79872d,03d612d9-ebba-44e5-a29e-7b12b9523418,bef40f92-a139-4451-80a2-8d6bf075601d,COMPLETED,2026-08-25T07:15:11.798Z,2026-08-25T07:18:41.798Z,35.837507,51.005796,35.837507,51.005796,2.35,240,56.6,0,2026-08-25T07:14:41.798Z,2026-08-25T07:18:41.798Z,f94f6739-c519-490b-80b4-edac21440b0f
f92b2092-900b-4a36-964f-b65af40c08c3,03d612d9-ebba-44e5-a29e-7b12b9523418,bef40f92-a139-4451-80a2-8d6bf075601d,COMPLETED,2026-08-25T07:39:11.798Z,2026-08-25T08:48:41.798Z,35.765189,51.425434,35.765189,51.425434,51.97,4200,69.8,7,2026-08-25T07:38:41.798Z,2026-08-25T08:48:41.798Z,e14ff732-3812-4910-bb6e-31798f0541dc
7dcd71a0-7816-40ae-b3b4-511392a695e6,03d612d9-ebba-44e5-a29e-7b12b9523418,bef40f92-a139-4451-80a2-8d6bf075601d,COMPLETED,2026-08-25T09:25:11.798Z,2026-08-25T10:16:11.798Z,35.803790,51.211847,35.803790,51.211847,38.90,3090,69.7,3,2026-08-25T09:24:41.798Z,2026-08-25T10:16:11.798Z,046fca75-21ca-4780-8a18-9793495f2616
45407b0e-7201-4891-9c34-7bbd48c70dce,03d612d9-ebba-44e5-a29e-7b12b9523418,bef40f92-a139-4451-80a2-8d6bf075601d,COMPLETED,2026-08-26T03:22:20.196Z,2026-08-26T03:44:20.196Z,35.779192,51.348636,35.779192,51.348636,18.88,1350,69.9,1,2026-08-26T03:21:50.196Z,2026-08-26T03:44:20.196Z,f25502be-8521-4485-9bbe-1af971b989bb
b1341fdb-982a-4903-a0d3-c298f8796763,03d612d9-ebba-44e5-a29e-7b12b9523418,bef40f92-a139-4451-80a2-8d6bf075601d,COMPLETED,2026-08-26T04:12:20.196Z,2026-08-26T04:53:50.196Z,35.821941,51.086111,35.821941,51.086111,32.30,2520,69.2,2,2026-08-26T04:11:50.196Z,2026-08-26T04:53:50.196Z,4df0b345-9133-4cb4-bbc1-2920596b4272
8c3cbafe-fe7b-490a-a722-03c044072189,03d612d9-ebba-44e5-a29e-7b12b9523418,bef40f92-a139-4451-80a2-8d6bf075601d,COMPLETED,2026-08-26T05:25:20.196Z,2026-08-26T06:06:20.196Z,35.798145,51.254749,35.798145,51.254749,29.97,2490,69.7,4,2026-08-26T05:24:50.196Z,2026-08-26T06:06:20.196Z,f942fdea-3736-427b-85dd-b6160e0c4886
8ea8ff31-7133-4833-91da-ca04ad05f5be,03d612d9-ebba-44e5-a29e-7b12b9523418,bef40f92-a139-4451-80a2-8d6bf075601d,COMPLETED,2026-08-26T06:24:50.196Z,2026-08-26T06:54:50.196Z,35.815840,51.124657,35.815840,51.124657,23.10,1830,69.2,2,2026-08-26T06:24:20.196Z,2026-08-26T06:54:50.196Z,a6478db2-c8b3-494a-b78a-dbbaf668534b
17753a9e-8b51-401f-811f-92b7abcd954b,03d612d9-ebba-44e5-a29e-7b12b9523418,bef40f92-a139-4451-80a2-8d6bf075601d,COMPLETED,2026-08-26T07:36:20.196Z,2026-08-26T08:32:50.196Z,35.773700,51.344190,35.773700,51.344190,40.58,3420,69.2,6,2026-08-26T07:35:50.196Z,2026-08-26T08:32:50.196Z,c1c41ea3-116d-46a4-b469-ed6019a87cb1
084241a8-2048-4ecf-90be-aea458c1c589,03d612d9-ebba-44e5-a29e-7b12b9523418,bef40f92-a139-4451-80a2-8d6bf075601d,COMPLETED,2026-08-26T08:54:20.196Z,2026-08-26T09:35:50.196Z,35.820954,51.083157,35.820954,51.083157,32.13,2520,69.3,2,2026-08-26T08:53:50.196Z,2026-08-26T09:35:50.196Z,1e09c1e9-4244-481d-a6a7-0e6f41167e55
2f97088f-05dd-4d4b-98e1-964d4ab7a7d3,03d612d9-ebba-44e5-a29e-7b12b9523418,94c794c5-8a08-496a-8d56-ad8751d26416,COMPLETED,2026-08-12T04:36:44.154Z,2026-08-12T05:06:14.154Z,35.692579,51.422877,35.692579,51.422877,18.46,1800,55.6,2,2026-08-12T04:36:14.154Z,2026-08-12T05:06:14.154Z,41a9f1c3-a8e2-43cf-84e9-6d21b603e1a7
1ed39362-e090-4189-8240-5f702d194c30,03d612d9-ebba-44e5-a29e-7b12b9523418,94c794c5-8a08-496a-8d56-ad8751d26416,COMPLETED,2026-08-12T05:36:14.154Z,2026-08-12T05:55:14.154Z,35.636191,51.385980,35.636191,51.385980,9.52,1170,53.7,2,2026-08-12T05:35:44.154Z,2026-08-12T05:55:14.154Z,c112304f-30ba-4729-8c6b-46c5ee946f30
6cd203ac-a3e6-456f-ba34-cc2632e1b57d,03d612d9-ebba-44e5-a29e-7b12b9523418,94c794c5-8a08-496a-8d56-ad8751d26416,COMPLETED,2026-08-13T04:28:48.679Z,2026-08-13T04:32:18.679Z,35.624835,51.380117,35.624835,51.380117,2.25,240,53.4,0,2026-08-13T04:28:18.679Z,2026-08-13T04:32:18.679Z,176eb654-317a-455d-b3cd-7f10c7893fc0
8f0fbdc5-5b2a-41c3-abb8-221703d587c8,03d612d9-ebba-44e5-a29e-7b12b9523418,94c794c5-8a08-496a-8d56-ad8751d26416,COMPLETED,2026-08-13T05:05:48.679Z,2026-08-13T05:33:18.679Z,35.701941,51.419578,35.701941,51.419578,17.90,1680,56.0,2,2026-08-13T05:05:18.679Z,2026-08-13T05:33:18.679Z,b71b0642-cb8f-49be-bc63-9e4f0e521e3c
86308f80-e3c5-4d70-b54b-aa008807421b,03d612d9-ebba-44e5-a29e-7b12b9523418,94c794c5-8a08-496a-8d56-ad8751d26416,COMPLETED,2026-08-15T03:02:46.983Z,2026-08-15T03:24:16.983Z,35.734296,51.477962,35.734296,51.477962,8.88,1320,55.8,5,2026-08-15T03:02:16.983Z,2026-08-15T03:24:16.983Z,6f939cc6-2c4e-4358-9f45-b1b73d9571eb
b2bfc857-b8d6-49fd-a499-b7b354af4096,03d612d9-ebba-44e5-a29e-7b12b9523418,94c794c5-8a08-496a-8d56-ad8751d26416,COMPLETED,2026-08-15T03:39:16.983Z,2026-08-15T03:48:16.983Z,35.761670,51.461181,35.761670,51.461181,4.98,570,53.8,0,2026-08-15T03:38:46.983Z,2026-08-15T03:48:16.983Z,57725fbb-5713-4b08-8bae-78792490e7df
d21e5be3-41dc-4be8-8f0a-a665768e1cfe,03d612d9-ebba-44e5-a29e-7b12b9523418,94c794c5-8a08-496a-8d56-ad8751d26416,COMPLETED,2026-08-15T04:01:16.983Z,2026-08-15T04:32:46.983Z,35.662603,51.408432,35.662603,51.408432,17.60,1920,55.3,4,2026-08-15T04:00:46.983Z,2026-08-15T04:32:46.983Z,ba2efd2c-d459-4bff-bedc-b8bb322f84f8
72033b26-76b3-4593-b822-fe6c387601ae,03d612d9-ebba-44e5-a29e-7b12b9523418,94c794c5-8a08-496a-8d56-ad8751d26416,COMPLETED,2026-08-15T05:11:16.983Z,2026-08-15T05:32:46.983Z,35.717019,51.436593,35.717019,51.436593,13.09,1320,55.8,2,2026-08-15T05:10:46.983Z,2026-08-15T05:32:46.983Z,21df6c97-d9ee-462a-b2e1-4f1dc623d98c
b57f1c2f-8507-4f33-8795-d0557a7afc02,03d612d9-ebba-44e5-a29e-7b12b9523418,94c794c5-8a08-496a-8d56-ad8751d26416,COMPLETED,2026-08-16T03:04:37.402Z,2026-08-16T03:21:07.402Z,35.677504,51.409935,35.677504,51.409935,9.94,1020,54.5,1,2026-08-16T03:04:07.402Z,2026-08-16T03:21:07.402Z,04d19a5a-3a72-45c9-8439-63f548f896fc
78b85f77-ba5c-4749-835d-e3f43e500311,03d612d9-ebba-44e5-a29e-7b12b9523418,94c794c5-8a08-496a-8d56-ad8751d26416,COMPLETED,2026-08-16T03:47:07.402Z,2026-08-16T04:11:37.402Z,35.724154,51.439984,35.724154,51.439984,11.43,1500,54.7,4,2026-08-16T03:46:37.402Z,2026-08-16T04:11:37.402Z,ff45f7d2-843a-45cf-aee4-9f461a2fd696
d87f7f30-b425-4192-ad7c-d939ea548ecc,03d612d9-ebba-44e5-a29e-7b12b9523418,94c794c5-8a08-496a-8d56-ad8751d26416,COMPLETED,2026-08-16T04:53:37.402Z,2026-08-16T05:14:37.402Z,35.670137,51.407644,35.670137,51.407644,13.05,1290,55.8,1,2026-08-16T04:53:07.402Z,2026-08-16T05:14:37.402Z,fd47304c-659d-44fb-bdaf-4e8d20e7f5f5
11a0c834-72dc-4f5b-b7c0-c6df3a880d3f,03d612d9-ebba-44e5-a29e-7b12b9523418,94c794c5-8a08-496a-8d56-ad8751d26416,COMPLETED,2026-08-16T05:48:37.402Z,2026-08-16T06:07:37.402Z,35.739068,51.442352,35.739068,51.442352,12.42,1170,53.8,0,2026-08-16T05:48:07.402Z,2026-08-16T06:07:37.402Z,92396997-2e3c-461d-a706-9aa9da33414e
4a462ce5-32a3-4ce2-9b6c-39a84b719034,03d612d9-ebba-44e5-a29e-7b12b9523418,94c794c5-8a08-496a-8d56-ad8751d26416,COMPLETED,2026-08-17T02:54:34.125Z,2026-08-17T03:17:34.125Z,35.663693,51.399565,35.663693,51.399565,12.59,1410,55.2,3,2026-08-17T02:54:04.125Z,2026-08-17T03:17:34.125Z,d49702b4-5733-4a7f-91e8-aefaaaf1b270
a20199df-cdc4-4361-8358-4c64521104a5,03d612d9-ebba-44e5-a29e-7b12b9523418,94c794c5-8a08-496a-8d56-ad8751d26416,COMPLETED,2026-08-17T04:05:04.125Z,2026-08-17T04:25:04.125Z,35.719449,51.433151,35.719449,51.433151,13.21,1230,55.5,0,2026-08-17T04:04:34.125Z,2026-08-17T04:25:04.125Z,47a1c2cd-af80-42a2-b8dd-a5011690c16d
c4ac71e7-1a3b-4d53-a4fb-e7f191488104,03d612d9-ebba-44e5-a29e-7b12b9523418,94c794c5-8a08-496a-8d56-ad8751d26416,COMPLETED,2026-08-17T05:02:04.125Z,2026-08-17T05:21:04.125Z,35.657535,51.401976,35.657535,51.401976,10.38,1170,55.4,2,2026-08-17T05:01:34.125Z,2026-08-17T05:21:04.125Z,9121772c-3597-4d18-bef8-47589cf1d162
1ee690f6-cdd6-4082-83e8-58ccf78d568b,03d612d9-ebba-44e5-a29e-7b12b9523418,94c794c5-8a08-496a-8d56-ad8751d26416,COMPLETED,2026-08-17T06:07:04.125Z,2026-08-17T06:29:34.125Z,35.746463,51.443450,35.746463,51.443450,13.91,1380,55.4,2,2026-08-17T06:06:34.125Z,2026-08-17T06:29:34.125Z,ab251712-8ea7-4c90-86f9-bcdb52fb6e76
cf1668cc-b5c7-43c5-93c5-0e20b2bf3acc,03d612d9-ebba-44e5-a29e-7b12b9523418,94c794c5-8a08-496a-8d56-ad8751d26416,COMPLETED,2026-08-18T02:54:15.538Z,2026-08-18T03:12:45.538Z,35.689936,51.417667,35.689936,51.417667,12.83,1140,53.6,0,2026-08-18T02:53:45.538Z,2026-08-18T03:12:45.538Z,74a14ad6-ce9d-48e3-8db3-a97d0f395eda
e2e443c0-fffc-4371-867e-2e9f48324513,03d612d9-ebba-44e5-a29e-7b12b9523418,94c794c5-8a08-496a-8d56-ad8751d26416,COMPLETED,2026-08-18T03:50:45.538Z,2026-08-18T04:06:45.538Z,35.637314,51.385608,35.637314,51.385608,8.93,990,54.0,1,2026-08-18T03:50:15.538Z,2026-08-18T04:06:45.538Z,4edd11bb-d196-4e42-9b91-ee676acaa9f2
a34f69c5-4e62-43bf-9d15-ebf017eb88f4,03d612d9-ebba-44e5-a29e-7b12b9523418,94c794c5-8a08-496a-8d56-ad8751d26416,COMPLETED,2026-08-18T04:40:45.538Z,2026-08-18T04:42:15.538Z,35.639994,51.390205,35.639994,51.390205,1.10,120,45.3,0,2026-08-18T04:40:15.538Z,2026-08-18T04:42:15.538Z,3ef98fb9-6bc6-4253-8796-27fbb5c5d650
b78daddb-0db3-4f40-947c-d14eb870eef0,03d612d9-ebba-44e5-a29e-7b12b9523418,94c794c5-8a08-496a-8d56-ad8751d26416,COMPLETED,2026-08-18T05:10:15.538Z,2026-08-18T05:39:15.538Z,35.728105,51.441784,35.728105,51.441784,16.16,1770,54.6,4,2026-08-18T05:09:45.538Z,2026-08-18T05:39:15.538Z,bbdb7987-27f1-4072-b23d-23119add7c0c
3dad35a2-8237-4564-8489-8b10bd66ee8f,03d612d9-ebba-44e5-a29e-7b12b9523418,94c794c5-8a08-496a-8d56-ad8751d26416,COMPLETED,2026-08-18T05:59:45.538Z,2026-08-18T06:20:15.538Z,35.664502,51.408550,35.664502,51.408550,11.15,1260,55.4,3,2026-08-18T05:59:15.538Z,2026-08-18T06:20:15.538Z,5ef50396-a0ab-4cc7-9763-738b721f4bae
16aa5c14-6ded-4dbe-a57f-365df1a9de2e,03d612d9-ebba-44e5-a29e-7b12b9523418,94c794c5-8a08-496a-8d56-ad8751d26416,COMPLETED,2026-08-18T07:04:45.538Z,2026-08-18T07:14:45.538Z,35.642290,51.390262,35.642290,51.390262,5.87,630,55.7,1,2026-08-18T07:04:15.538Z,2026-08-18T07:14:45.538Z,ff595b52-3233-439b-a3b7-e2cca7e91897
2da42911-f78d-449f-8766-4cd6f9a392ce,03d612d9-ebba-44e5-a29e-7b12b9523418,94c794c5-8a08-496a-8d56-ad8751d26416,COMPLETED,2026-08-19T03:05:10.507Z,2026-08-19T03:07:10.507Z,35.640459,51.391924,35.640459,51.391924,0.89,150,36.0,0,2026-08-19T03:04:40.507Z,2026-08-19T03:07:10.507Z,fe6d0621-9be0-49a0-81d8-bd4ccc260c69
699c5490-68ac-4d76-98ac-6c3bac6400bc,03d612d9-ebba-44e5-a29e-7b12b9523418,94c794c5-8a08-496a-8d56-ad8751d26416,COMPLETED,2026-08-19T03:43:40.507Z,2026-08-19T04:14:10.507Z,35.708955,51.424320,35.708955,51.424320,15.81,1860,54.9,6,2026-08-19T03:43:10.507Z,2026-08-19T04:14:10.507Z,8d33ef62-8a66-456a-bf47-b8d4860f2b2d
53a40d43-dc8e-4b5e-804a-9e7a261286e2,03d612d9-ebba-44e5-a29e-7b12b9523418,94c794c5-8a08-496a-8d56-ad8751d26416,COMPLETED,2026-08-19T04:49:10.507Z,2026-08-19T05:07:10.507Z,35.640340,51.391790,35.640340,51.391790,11.21,1110,55.9,1,2026-08-19T04:48:40.507Z,2026-08-19T05:07:10.507Z,dd893780-c91a-423f-ae09-0e06afff65d7
9936597c-ca23-4dba-b22f-cc6c366b9fce,03d612d9-ebba-44e5-a29e-7b12b9523418,94c794c5-8a08-496a-8d56-ad8751d26416,COMPLETED,2026-08-19T05:36:40.507Z,2026-08-19T06:06:10.507Z,35.708208,51.423546,35.708208,51.423546,15.95,1800,56.0,4,2026-08-19T05:36:10.507Z,2026-08-19T06:06:10.507Z,638c1ad8-40c1-46c2-aa8d-869c2367c4e9
6886ad1c-e2d9-4b52-a26a-d7094b7db559,03d612d9-ebba-44e5-a29e-7b12b9523418,94c794c5-8a08-496a-8d56-ad8751d26416,COMPLETED,2026-08-19T06:40:10.507Z,2026-08-19T06:54:10.507Z,35.703906,51.355697,35.703906,51.355697,8.23,870,55.3,1,2026-08-19T06:39:40.507Z,2026-08-19T06:54:10.507Z,ef8cab00-d7b7-4f8f-b6ba-7660ba5f721d
572491cb-8ed6-4130-9b3e-7a7fd827330b,03d612d9-ebba-44e5-a29e-7b12b9523418,94c794c5-8a08-496a-8d56-ad8751d26416,COMPLETED,2026-08-19T07:21:10.507Z,2026-08-19T07:41:40.507Z,35.751712,51.437958,35.751712,51.437958,12.42,1260,55.7,1,2026-08-19T07:20:40.507Z,2026-08-19T07:41:40.507Z,90835e7b-d2ab-48e4-9c23-3561a831d3e7
d29d4a74-2f72-4b4f-ae33-6fc4a597073e,03d612d9-ebba-44e5-a29e-7b12b9523418,94c794c5-8a08-496a-8d56-ad8751d26416,COMPLETED,2026-08-20T04:36:00.455Z,2026-08-20T05:04:00.455Z,35.683673,51.412330,35.683673,51.412330,15.72,1710,53.9,3,2026-08-20T04:35:30.455Z,2026-08-20T05:04:00.455Z,8d174098-1bfc-452b-b71f-8007ee1b09e9
6fcf5e6d-8184-4f4a-98ec-1b4280a359e0,03d612d9-ebba-44e5-a29e-7b12b9523418,94c794c5-8a08-496a-8d56-ad8751d26416,COMPLETED,2026-08-20T05:32:30.455Z,2026-08-20T05:48:00.455Z,35.728013,51.438888,35.728013,51.438888,10.80,960,55.6,0,2026-08-20T05:32:00.455Z,2026-08-20T05:48:00.455Z,e602455b-78f5-4c96-a6c8-893d95d321d3
885871e2-c8ba-4297-948e-47915f8647de,03d612d9-ebba-44e5-a29e-7b12b9523418,94c794c5-8a08-496a-8d56-ad8751d26416,COMPLETED,2026-08-22T04:56:47.947Z,2026-08-22T05:17:47.947Z,35.667643,51.437129,35.667643,51.437129,13.22,1290,54.8,2,2026-08-22T04:56:17.947Z,2026-08-22T05:17:47.947Z,eaf957a3-a1bf-4a7c-82be-ff70c2dff7c8
7f0ebd87-6305-4977-b885-9873350a821a,03d612d9-ebba-44e5-a29e-7b12b9523418,94c794c5-8a08-496a-8d56-ad8751d26416,COMPLETED,2026-08-22T05:40:47.947Z,2026-08-22T06:05:47.947Z,35.747822,51.452822,35.747822,51.452822,11.96,1530,54.7,4,2026-08-22T05:40:17.947Z,2026-08-22T06:05:47.947Z,6cf35c7d-2983-4fc1-a075-576110619719
ab3eb958-dab7-4d83-8f08-5680c62c03aa,03d612d9-ebba-44e5-a29e-7b12b9523418,94c794c5-8a08-496a-8d56-ad8751d26416,COMPLETED,2026-08-22T06:48:47.947Z,2026-08-22T07:11:17.947Z,35.674281,51.405973,35.674281,51.405973,13.46,1380,53.3,2,2026-08-22T06:48:17.947Z,2026-08-22T07:11:17.947Z,2301f1df-58b9-46c0-b294-a1f8f612e887
47a2f288-bf04-4958-8d39-bf051b7bb770,03d612d9-ebba-44e5-a29e-7b12b9523418,94c794c5-8a08-496a-8d56-ad8751d26416,COMPLETED,2026-08-22T07:30:47.947Z,2026-08-22T07:49:47.947Z,35.740229,51.444200,35.740229,51.444200,11.81,1170,53.0,1,2026-08-22T07:30:17.947Z,2026-08-22T07:49:47.947Z,b58e6e87-73c0-4cbf-9e64-2d5030e9a2da
df32f2f0-d820-418d-9730-4027e4c078d0,03d612d9-ebba-44e5-a29e-7b12b9523418,94c794c5-8a08-496a-8d56-ad8751d26416,COMPLETED,2026-08-22T08:26:17.947Z,2026-08-22T08:46:47.947Z,35.660444,51.404209,35.660444,51.404209,12.65,1260,55.7,1,2026-08-22T08:25:47.947Z,2026-08-22T08:46:47.947Z,b9ff522b-b311-473c-b1f6-c76635710e6d
b7e8b11f-48ed-4264-b2ba-7f0ffec68a2a,03d612d9-ebba-44e5-a29e-7b12b9523418,94c794c5-8a08-496a-8d56-ad8751d26416,COMPLETED,2026-08-22T09:06:17.947Z,2026-08-22T09:26:17.947Z,35.715908,51.436822,35.715908,51.436822,13.51,1230,55.2,0,2026-08-22T09:05:47.947Z,2026-08-22T09:26:17.947Z,e3d285b0-c7d2-427e-81aa-65bbd7c8b1dd
fb34d7cc-1fe5-4d1a-bc92-86d04834d5b2,03d612d9-ebba-44e5-a29e-7b12b9523418,94c794c5-8a08-496a-8d56-ad8751d26416,COMPLETED,2026-08-23T04:31:05.671Z,2026-08-23T04:54:35.671Z,35.650259,51.395417,35.650259,51.395417,12.05,1440,54.6,4,2026-08-23T04:30:35.671Z,2026-08-23T04:54:35.671Z,f08b7409-9393-498e-8bf2-25dbb8b9b374
2b0c8b73-3b55-4578-82ec-db788adfb4ed,03d612d9-ebba-44e5-a29e-7b12b9523418,94c794c5-8a08-496a-8d56-ad8751d26416,COMPLETED,2026-08-23T05:31:35.671Z,2026-08-23T05:58:35.671Z,35.732814,51.437005,35.732814,51.437005,14.67,1650,55.8,3,2026-08-23T05:31:05.671Z,2026-08-23T05:58:35.671Z,8bba8d50-9c15-497e-94a6-56766fe491aa
efba8e71-a712-4a3a-b804-d58de688871c,03d612d9-ebba-44e5-a29e-7b12b9523418,94c794c5-8a08-496a-8d56-ad8751d26416,COMPLETED,2026-08-23T06:27:35.671Z,2026-08-23T06:48:05.671Z,35.644722,51.393664,35.644722,51.393664,14.01,1260,55.2,0,2026-08-23T06:27:05.671Z,2026-08-23T06:48:05.671Z,0717ba8d-3a32-48e7-83d2-ecf5b94ff531
bd740544-2641-448e-af17-5c62d949c729,03d612d9-ebba-44e5-a29e-7b12b9523418,94c794c5-8a08-496a-8d56-ad8751d26416,COMPLETED,2026-08-23T07:18:05.671Z,2026-08-23T07:39:35.671Z,35.709027,51.432413,35.709027,51.432413,15.32,1320,55.9,0,2026-08-23T07:17:35.671Z,2026-08-23T07:39:35.671Z,d75add58-29d3-4b99-98cf-eae7ffb85d76
99c210e3-7d68-4326-8e4b-67cb8cd3a52d,03d612d9-ebba-44e5-a29e-7b12b9523418,94c794c5-8a08-496a-8d56-ad8751d26416,COMPLETED,2026-08-23T07:59:35.671Z,2026-08-23T08:13:35.671Z,35.660518,51.404424,35.660518,51.404424,9.07,870,54.8,0,2026-08-23T07:59:05.671Z,2026-08-23T08:13:35.671Z,ea39b644-aa96-4095-bf0d-227796c9fc4b
610ddf35-f877-42ce-8305-d16275056ae5,03d612d9-ebba-44e5-a29e-7b12b9523418,94c794c5-8a08-496a-8d56-ad8751d26416,COMPLETED,2026-08-23T08:52:05.671Z,2026-08-23T09:11:35.671Z,35.718239,51.432756,35.718239,51.432756,13.46,1200,55.6,0,2026-08-23T08:51:35.671Z,2026-08-23T09:11:35.671Z,1f9c683b-db92-4e8f-9568-fe448fec8ac9
9387fe80-6bf5-4334-910c-a813fef65103,03d612d9-ebba-44e5-a29e-7b12b9523418,94c794c5-8a08-496a-8d56-ad8751d26416,COMPLETED,2026-08-24T03:39:34.744Z,2026-08-24T03:58:04.744Z,35.663348,51.404747,35.663348,51.404747,9.94,1140,54.0,3,2026-08-24T03:39:04.744Z,2026-08-24T03:58:04.744Z,e60fa26d-0eaf-44ff-8192-9cd0a7c050b3
37ae72ed-1b3e-4d05-960a-087a95755531,03d612d9-ebba-44e5-a29e-7b12b9523418,94c794c5-8a08-496a-8d56-ad8751d26416,COMPLETED,2026-08-24T04:32:34.744Z,2026-08-24T04:52:04.744Z,35.737321,51.438727,35.737321,51.438727,13.34,1200,55.4,1,2026-08-24T04:32:04.744Z,2026-08-24T04:52:04.744Z,08e4871d-5a6a-4d3f-82f3-033276b30ad6
3ea823cb-01a6-4520-b2f1-cf66f3d43cfa,03d612d9-ebba-44e5-a29e-7b12b9523418,94c794c5-8a08-496a-8d56-ad8751d26416,COMPLETED,2026-08-25T05:01:17.267Z,2026-08-25T05:21:17.267Z,35.669680,51.409056,35.669680,51.409056,12.09,1230,55.3,1,2026-08-25T05:00:47.267Z,2026-08-25T05:21:17.267Z,5b671138-a251-40ee-bca6-a9763c2555d9
3cacbe72-ac5f-42cc-a30a-c6c3a6f62cee,03d612d9-ebba-44e5-a29e-7b12b9523418,94c794c5-8a08-496a-8d56-ad8751d26416,COMPLETED,2026-08-25T05:40:17.267Z,2026-08-25T06:01:17.267Z,35.722481,51.439751,35.722481,51.439751,12.46,1290,55.8,2,2026-08-25T05:39:47.267Z,2026-08-25T06:01:17.267Z,49e58c4a-0a9f-4162-a889-9bb6f4243af2
999dbe81-5dfc-4e5a-9697-c8b60170788b,03d612d9-ebba-44e5-a29e-7b12b9523418,94c794c5-8a08-496a-8d56-ad8751d26416,COMPLETED,2026-08-26T04:19:14.033Z,2026-08-26T04:27:44.033Z,35.741060,51.523228,35.741060,51.523228,11.19,540,98.4,0,2026-08-26T04:18:44.033Z,2026-08-26T04:27:44.033Z,4b3bb2c5-724b-4116-bb48-be02fc4eddf2
772ea4ad-2b9f-4dd6-86d0-72a496bb1dbf,03d612d9-ebba-44e5-a29e-7b12b9523418,94c794c5-8a08-496a-8d56-ad8751d26416,COMPLETED,2026-08-26T05:01:44.033Z,2026-08-26T05:14:44.033Z,35.764915,51.473191,35.764915,51.473191,7.00,810,55.4,2,2026-08-26T05:01:14.033Z,2026-08-26T05:14:44.033Z,5a23ffd2-5eea-4eb4-8eb2-1191b7e0a601
01210183-bbdb-43c9-b0b8-cb90848506d9,03d612d9-ebba-44e5-a29e-7b12b9523418,94c794c5-8a08-496a-8d56-ad8751d26416,COMPLETED,2026-08-26T05:52:44.033Z,2026-08-26T06:17:14.033Z,35.679039,51.413395,35.679039,51.413395,16.12,1500,55.8,0,2026-08-26T05:52:14.033Z,2026-08-26T06:17:14.033Z,2ac343cc-3918-403e-b2b8-ea2a347e8687
302e0805-d166-4513-8085-cae754d5b8b0,03d612d9-ebba-44e5-a29e-7b12b9523418,94c794c5-8a08-496a-8d56-ad8751d26416,COMPLETED,2026-08-26T06:42:44.033Z,2026-08-26T07:02:14.033Z,35.749660,51.445249,35.749660,51.445249,11.56,1200,54.7,1,2026-08-26T06:42:14.033Z,2026-08-26T07:02:14.033Z,e56248bd-227a-4042-a36b-3d6ea41ba39f
72419d06-0a0c-4068-8548-087fc114c3ca,03d612d9-ebba-44e5-a29e-7b12b9523418,94c794c5-8a08-496a-8d56-ad8751d26416,COMPLETED,2026-08-26T07:26:14.033Z,2026-08-26T07:51:44.033Z,35.683539,51.407307,35.683539,51.407307,15.85,1560,55.4,1,2026-08-26T07:25:44.033Z,2026-08-26T07:51:44.033Z,c0df5752-fd43-4b8d-bc0f-613f9e451c60
b87ef405-f4d5-4458-9eb0-90324f365a57,03d612d9-ebba-44e5-a29e-7b12b9523418,94c794c5-8a08-496a-8d56-ad8751d26416,COMPLETED,2026-08-26T08:31:14.033Z,2026-08-26T08:46:14.033Z,35.640259,51.386519,35.640259,51.386519,7.67,930,55.2,2,2026-08-26T08:30:44.033Z,2026-08-26T08:46:14.033Z,377dbff5-42ca-423b-aa00-b5834c28a193
86b8a5dd-e965-496e-9762-e68f12b216ea,03d612d9-ebba-44e5-a29e-7b12b9523418,e9536c10-23eb-408b-b3fc-d91577e235bc,COMPLETED,2026-08-12T16:36:01.529Z,2026-08-12T16:42:31.529Z,35.783297,51.467497,35.783297,51.467497,2.90,420,51.3,1,2026-08-12T16:35:31.529Z,2026-08-12T16:42:31.529Z,3b99f9e6-b306-48a8-aac3-b4f36104c241
1e032393-dd14-42b6-8e62-d3321958a073,03d612d9-ebba-44e5-a29e-7b12b9523418,e9536c10-23eb-408b-b3fc-d91577e235bc,COMPLETED,2026-08-12T17:05:31.529Z,2026-08-12T17:08:01.529Z,35.784280,51.470369,35.784280,51.470369,1.16,180,29.1,0,2026-08-12T17:05:01.529Z,2026-08-12T17:08:01.529Z,4dae10fe-6378-437b-a218-07aaf29c30e5
1f661bdc-1384-4ddc-955e-315c918e9cbc,03d612d9-ebba-44e5-a29e-7b12b9523418,e9536c10-23eb-408b-b3fc-d91577e235bc,COMPLETED,2026-08-12T17:28:01.529Z,2026-08-12T17:45:31.529Z,35.749042,51.541964,35.749042,51.541964,9.99,1080,54.3,1,2026-08-12T17:27:31.529Z,2026-08-12T17:45:31.529Z,7ae6bc05-bedb-4752-b8d9-ff49994f269c
d50e4d33-ce5d-4f63-a407-a09cf4088488,03d612d9-ebba-44e5-a29e-7b12b9523418,e9536c10-23eb-408b-b3fc-d91577e235bc,COMPLETED,2026-08-12T18:15:31.529Z,2026-08-12T18:28:01.529Z,35.763114,51.500071,35.763114,51.500071,8.00,780,53.4,1,2026-08-12T18:15:01.529Z,2026-08-12T18:28:01.529Z,8dd59b63-499a-4cc7-80a8-e1718b504f02
68dba934-dee1-405b-9404-37e2b2b49c6a,03d612d9-ebba-44e5-a29e-7b12b9523418,e9536c10-23eb-408b-b3fc-d91577e235bc,COMPLETED,2026-08-13T18:32:44.814Z,2026-08-13T18:46:14.814Z,35.792348,51.446213,35.792348,51.446213,7.87,840,55.2,1,2026-08-13T18:32:14.814Z,2026-08-13T18:46:14.814Z,c91584e3-8d1e-4470-9fbd-10ff43fbfb8d
b358929d-8d46-4335-8ce9-7012a21c1b82,03d612d9-ebba-44e5-a29e-7b12b9523418,e9536c10-23eb-408b-b3fc-d91577e235bc,COMPLETED,2026-08-13T19:12:44.814Z,2026-08-13T19:20:44.814Z,35.774429,51.457994,35.774429,51.457994,3.40,510,50.0,1,2026-08-13T19:12:14.814Z,2026-08-13T19:20:44.814Z,28e4cdfc-d02a-4df4-8d64-614f2980efa0
a40e66d1-ef2a-4a8f-817c-8c1c32a7de9d,03d612d9-ebba-44e5-a29e-7b12b9523418,e9536c10-23eb-408b-b3fc-d91577e235bc,COMPLETED,2026-08-14T17:47:41.292Z,2026-08-14T17:55:11.292Z,35.789285,51.446452,35.789285,51.446452,3.89,480,54.7,1,2026-08-14T17:47:11.292Z,2026-08-14T17:55:11.292Z,de3f6fc2-4223-4f66-ac61-bd7078dda361
703c2233-c421-478e-b710-001ae5feac66,03d612d9-ebba-44e5-a29e-7b12b9523418,e9536c10-23eb-408b-b3fc-d91577e235bc,COMPLETED,2026-08-14T18:33:41.292Z,2026-08-14T18:37:41.292Z,35.789372,51.461264,35.789372,51.461264,2.55,270,51.1,0,2026-08-14T18:33:11.292Z,2026-08-14T18:37:41.292Z,7d8fe4ac-7e9c-4d6b-b7e2-48d27ca566af
be43766d-ea14-4d08-8653-00f21e3a9334,03d612d9-ebba-44e5-a29e-7b12b9523418,e9536c10-23eb-408b-b3fc-d91577e235bc,COMPLETED,2026-08-15T18:23:20.425Z,2026-08-15T18:26:20.425Z,35.786356,51.468514,35.786356,51.468514,1.38,210,41.5,0,2026-08-15T18:22:50.425Z,2026-08-15T18:26:20.425Z,394175b4-d7cc-489a-8886-ca37113ee957
5aae114e-21ab-4a22-a60d-05ad32ab13e6,03d612d9-ebba-44e5-a29e-7b12b9523418,e9536c10-23eb-408b-b3fc-d91577e235bc,COMPLETED,2026-08-15T19:13:50.425Z,2026-08-15T19:18:20.425Z,35.771276,51.461172,35.771276,51.461172,2.60,300,53.3,0,2026-08-15T19:13:20.425Z,2026-08-15T19:18:20.425Z,805bbcb8-c3e6-480e-b1d8-e32a9c142de5
78c44690-7aa8-4857-b38a-e6026bd644e2,03d612d9-ebba-44e5-a29e-7b12b9523418,e9536c10-23eb-408b-b3fc-d91577e235bc,COMPLETED,2026-08-15T19:38:20.425Z,2026-08-15T20:09:50.425Z,35.807398,51.149223,35.807398,51.149223,42.82,1920,98.3,0,2026-08-15T19:37:50.425Z,2026-08-15T20:09:50.425Z,a38a838c-5359-4d4a-b729-bd80ce9b978a
0cc479de-302f-4391-9813-979ac6321c9c,03d612d9-ebba-44e5-a29e-7b12b9523418,e9536c10-23eb-408b-b3fc-d91577e235bc,COMPLETED,2026-08-15T20:33:50.425Z,2026-08-15T21:19:50.425Z,35.789013,51.366483,35.789013,51.366483,29.40,2790,55.7,3,2026-08-15T20:33:20.425Z,2026-08-15T21:19:50.425Z,fa818a0c-4939-4de1-9319-317e11c937ac
6748fdd0-628c-41db-a50b-3389f0ff4c89,03d612d9-ebba-44e5-a29e-7b12b9523418,e9536c10-23eb-408b-b3fc-d91577e235bc,COMPLETED,2026-08-16T18:24:08.727Z,2026-08-16T18:42:08.727Z,35.788887,51.446192,35.788887,51.446192,9.93,1110,53.2,1,2026-08-16T18:23:38.727Z,2026-08-16T18:42:08.727Z,64db313c-06dc-4273-a495-e564f742f4bb
11d7450b-b0ab-440e-8c96-c9709d7aa140,03d612d9-ebba-44e5-a29e-7b12b9523418,e9536c10-23eb-408b-b3fc-d91577e235bc,COMPLETED,2026-08-16T19:02:38.727Z,2026-08-16T19:08:38.727Z,35.799340,51.436100,35.799340,51.436100,2.30,390,51.3,1,2026-08-16T19:02:08.727Z,2026-08-16T19:08:38.727Z,ab7719fa-7186-4d29-9b88-ce5cfec1a716
7c6fd0be-7adf-482d-a6f5-4c9ade79e4cf,03d612d9-ebba-44e5-a29e-7b12b9523418,e9536c10-23eb-408b-b3fc-d91577e235bc,COMPLETED,2026-08-17T18:13:03.412Z,2026-08-17T18:21:03.412Z,35.775947,51.416342,35.775947,51.416342,4.80,510,54.3,0,2026-08-17T18:12:33.412Z,2026-08-17T18:21:03.412Z,a130a07b-4d96-47c7-87cd-b84cf96e0d48
7e8d4ae0-6b12-4f52-a247-ef8cee8adfd1,03d612d9-ebba-44e5-a29e-7b12b9523418,e9536c10-23eb-408b-b3fc-d91577e235bc,COMPLETED,2026-08-17T18:59:03.412Z,2026-08-17T19:29:03.412Z,35.819504,51.093810,35.819504,51.093810,39.43,1830,97.7,0,2026-08-17T18:58:33.412Z,2026-08-17T19:29:03.412Z,ace134d8-1697-4bda-ad8f-0012d60808a0
a871ea66-034b-4638-85e4-8d82e4208fbf,03d612d9-ebba-44e5-a29e-7b12b9523418,e9536c10-23eb-408b-b3fc-d91577e235bc,COMPLETED,2026-08-19T18:30:21.769Z,2026-08-19T19:36:21.769Z,35.768905,51.375583,35.768905,51.375583,38.83,3990,55.9,6,2026-08-19T18:29:51.769Z,2026-08-19T19:36:21.769Z,92d85ade-5858-495f-ae38-626df5ae2781
ddb882c6-9d9b-4a28-95ed-67972300dfd2,03d612d9-ebba-44e5-a29e-7b12b9523418,e9536c10-23eb-408b-b3fc-d91577e235bc,COMPLETED,2026-08-19T20:20:21.769Z,2026-08-19T20:35:21.769Z,35.781050,51.450436,35.781050,51.450436,9.34,930,55.5,1,2026-08-19T20:19:51.769Z,2026-08-19T20:35:21.769Z,fe63141c-36ad-4e48-bfb6-496fc5930c65
15c4e545-9ea1-4474-b0f6-f752be245bc2,03d612d9-ebba-44e5-a29e-7b12b9523418,e9536c10-23eb-408b-b3fc-d91577e235bc,COMPLETED,2026-08-22T18:03:55.181Z,2026-08-22T18:11:25.181Z,35.793610,51.423245,35.793610,51.423245,4.98,480,52.2,0,2026-08-22T18:03:25.181Z,2026-08-22T18:11:25.181Z,56ff5c7a-89a2-47cc-a1fe-e9e08a33656d
a0007385-15f9-4468-a65a-f7b9b1823ce4,03d612d9-ebba-44e5-a29e-7b12b9523418,e9536c10-23eb-408b-b3fc-d91577e235bc,COMPLETED,2026-08-22T18:29:25.181Z,2026-08-22T18:32:55.181Z,35.799319,51.433631,35.799319,51.433631,2.12,240,50.2,0,2026-08-22T18:28:55.181Z,2026-08-22T18:32:55.181Z,505f9e7c-e753-44bf-aab5-dbc87e36d513
98485228-b99c-4b6a-8427-cff6ae0b166b,03d612d9-ebba-44e5-a29e-7b12b9523418,e9536c10-23eb-408b-b3fc-d91577e235bc,COMPLETED,2026-08-22T18:50:55.181Z,2026-08-22T19:03:25.181Z,35.768149,51.473270,35.768149,51.473270,9.30,780,55.6,0,2026-08-22T18:50:25.181Z,2026-08-22T19:03:25.181Z,243ee045-d1f2-4527-97d9-ca12554d1fc6
6bd2d892-0098-446e-ae05-b1bfadba6f08,03d612d9-ebba-44e5-a29e-7b12b9523418,e9536c10-23eb-408b-b3fc-d91577e235bc,COMPLETED,2026-08-22T19:47:25.181Z,2026-08-22T19:50:25.181Z,35.771443,51.465128,35.771443,51.465128,1.58,210,41.1,0,2026-08-22T19:46:55.181Z,2026-08-22T19:50:25.181Z,abea3f71-020d-4c00-89c5-14391b231ca5
24d9bc75-0122-4609-930f-cb4b417dc35d,03d612d9-ebba-44e5-a29e-7b12b9523418,e9536c10-23eb-408b-b3fc-d91577e235bc,COMPLETED,2026-08-22T20:18:25.181Z,2026-08-22T20:27:55.181Z,35.793875,51.444825,35.793875,51.444825,4.62,600,53.0,1,2026-08-22T20:17:55.181Z,2026-08-22T20:27:55.181Z,f81cc38f-8829-43fc-bf24-702b41738cd4
04b07b74-0456-43df-9b94-612ac6beb2ec,03d612d9-ebba-44e5-a29e-7b12b9523418,e9536c10-23eb-408b-b3fc-d91577e235bc,COMPLETED,2026-08-22T21:13:55.181Z,2026-08-22T21:43:55.181Z,35.819713,51.143941,35.819713,51.143941,41.32,1830,98.8,0,2026-08-22T21:13:25.181Z,2026-08-22T21:43:55.181Z,69465045-12fc-4530-83d8-536448a9ad8e
371f4d1a-4b57-4bd7-b72b-cc77dba3771e,03d612d9-ebba-44e5-a29e-7b12b9523418,e9536c10-23eb-408b-b3fc-d91577e235bc,COMPLETED,2026-08-23T17:17:32.195Z,2026-08-23T17:51:32.195Z,35.771671,51.312893,35.771671,51.312893,21.67,2070,54.7,2,2026-08-23T17:17:02.195Z,2026-08-23T17:51:32.195Z,b36718e0-5cb4-4374-954d-f2dc08262b1f
3d898126-f781-4fa3-9a98-a82e690974ce,03d612d9-ebba-44e5-a29e-7b12b9523418,e9536c10-23eb-408b-b3fc-d91577e235bc,COMPLETED,2026-08-23T18:16:02.195Z,2026-08-23T18:35:32.195Z,35.768383,51.412268,35.768383,51.412268,13.70,1200,55.6,0,2026-08-23T18:15:32.195Z,2026-08-23T18:35:32.195Z,5ed67bd4-03ed-43b2-a6d7-4121312364aa
1d8261b2-01ab-4779-99b1-f60a125e43eb,03d612d9-ebba-44e5-a29e-7b12b9523418,e9536c10-23eb-408b-b3fc-d91577e235bc,COMPLETED,2026-08-24T16:56:21.223Z,2026-08-24T17:25:21.223Z,35.801765,51.197684,35.801765,51.197684,38.86,1770,98.7,0,2026-08-24T16:55:51.223Z,2026-08-24T17:25:21.223Z,72785354-bc21-46ea-a26a-150361429f13
00a13ed2-8e5f-4bb2-887a-dd0acdded4d7,03d612d9-ebba-44e5-a29e-7b12b9523418,e9536c10-23eb-408b-b3fc-d91577e235bc,COMPLETED,2026-08-24T17:58:21.223Z,2026-08-24T18:32:51.223Z,35.777529,51.375878,35.777529,51.375878,24.47,2100,56.0,0,2026-08-24T17:57:51.223Z,2026-08-24T18:32:51.223Z,8629dd7d-465d-435c-b30e-4920fa05cdf8
3f8b484d-bb21-43ca-b429-04266a073a92,03d612d9-ebba-44e5-a29e-7b12b9523418,e9536c10-23eb-408b-b3fc-d91577e235bc,COMPLETED,2026-08-24T18:53:21.223Z,2026-08-24T19:18:51.223Z,35.802288,51.177938,35.802288,51.177938,34.96,1560,98.8,0,2026-08-24T18:52:51.223Z,2026-08-24T19:18:51.223Z,c39f71cb-af9e-479d-bd77-e2305f393c55
95a15472-0430-4977-b63a-e33fbe85619d,03d612d9-ebba-44e5-a29e-7b12b9523418,e9536c10-23eb-408b-b3fc-d91577e235bc,COMPLETED,2026-08-24T19:59:51.223Z,2026-08-24T20:46:51.223Z,35.776989,51.391010,35.776989,51.391010,26.14,2850,55.9,6,2026-08-24T19:59:21.223Z,2026-08-24T20:46:51.223Z,938092f2-94e5-46b1-a33a-07f55c830456
9efdc711-0806-4526-9ffc-55b279ad09f3,03d612d9-ebba-44e5-a29e-7b12b9523418,e9536c10-23eb-408b-b3fc-d91577e235bc,COMPLETED,2026-08-25T16:41:56.183Z,2026-08-25T16:52:56.183Z,35.764581,51.350923,35.764581,51.350923,5.46,690,53.5,2,2026-08-25T16:41:26.183Z,2026-08-25T16:52:56.183Z,0c5ab6b9-c94d-484c-9a0e-dcf5c6622ee4
eff713f6-a1f8-4f7d-a8c0-e82cca594bc6,03d612d9-ebba-44e5-a29e-7b12b9523418,e9536c10-23eb-408b-b3fc-d91577e235bc,COMPLETED,2026-08-25T17:08:56.183Z,2026-08-25T17:24:56.183Z,35.765623,51.425784,35.765623,51.425784,10.22,990,55.6,1,2026-08-25T17:08:26.183Z,2026-08-25T17:24:56.183Z,9d1acd36-3281-4e6e-8f8f-4e64a7aeab4c
67aacf4b-2b2c-46f0-bc51-4eadc957ba66,03d612d9-ebba-44e5-a29e-7b12b9523418,59e5ec05-bf53-4148-a194-57d49be3373b,COMPLETED,2026-08-12T02:43:18.241Z,2026-08-12T03:18:48.241Z,35.782618,51.255956,35.782618,51.255956,49.39,2160,97.9,0,2026-08-12T02:42:48.241Z,2026-08-12T03:18:48.241Z,88fa91d4-d3bd-49be-b03b-e4dac56ab61b
6b07dd6a-409a-49a3-96b8-1b5e11cded30,03d612d9-ebba-44e5-a29e-7b12b9523418,59e5ec05-bf53-4148-a194-57d49be3373b,COMPLETED,2026-08-12T03:48:18.241Z,2026-08-12T04:31:48.241Z,35.758996,51.398261,35.758996,51.398261,25.69,2640,55.6,4,2026-08-12T03:47:48.241Z,2026-08-12T04:31:48.241Z,45756bd3-a419-49fc-957c-a5291dd11711
7b862abc-7948-4ce2-ac0b-e15329635477,03d612d9-ebba-44e5-a29e-7b12b9523418,59e5ec05-bf53-4148-a194-57d49be3373b,COMPLETED,2026-08-12T04:58:18.241Z,2026-08-12T05:32:18.241Z,35.500563,51.211723,35.500563,51.211723,45.07,2070,98.8,0,2026-08-12T04:57:48.241Z,2026-08-12T05:32:18.241Z,ebbb538a-75a2-440d-951e-c007c45b49d1
0b92a849-b48a-45be-b1b1-f42c00bc95e2,03d612d9-ebba-44e5-a29e-7b12b9523418,59e5ec05-bf53-4148-a194-57d49be3373b,COMPLETED,2026-08-12T06:12:18.241Z,2026-08-12T06:21:18.241Z,35.456061,51.182510,35.456061,51.182510,11.65,570,98.0,0,2026-08-12T06:11:48.241Z,2026-08-12T06:21:18.241Z,1646bdd5-d563-4d3c-92ce-458144981912
ece0ef57-1438-4583-9678-0bc2ec3b784d,03d612d9-ebba-44e5-a29e-7b12b9523418,59e5ec05-bf53-4148-a194-57d49be3373b,COMPLETED,2026-08-15T04:02:34.358Z,2026-08-15T04:53:34.358Z,35.621949,51.285184,35.621949,51.285184,30.97,3090,55.8,4,2026-08-15T04:02:04.358Z,2026-08-15T04:53:34.358Z,8fe14a10-e577-4f6a-9169-0a1a328174d0
fc333922-1891-4410-b1b4-a312b9df8672,03d612d9-ebba-44e5-a29e-7b12b9523418,59e5ec05-bf53-4148-a194-57d49be3373b,COMPLETED,2026-08-15T05:08:34.358Z,2026-08-15T05:50:04.358Z,35.674264,51.410620,35.674264,51.410620,25.31,2520,56.0,2,2026-08-15T05:08:04.358Z,2026-08-15T05:50:04.358Z,285727f8-f3f8-437a-bd97-2cbe2a0744b0
65e8ca37-0a43-4cc4-b8e6-531d40a71a6c,03d612d9-ebba-44e5-a29e-7b12b9523418,59e5ec05-bf53-4148-a194-57d49be3373b,COMPLETED,2026-08-15T06:09:04.358Z,2026-08-15T06:32:04.358Z,35.711421,51.455848,35.711421,51.455848,11.05,1410,54.4,4,2026-08-15T06:08:34.358Z,2026-08-15T06:32:04.358Z,7a18ccda-953e-47c9-af97-2185473b6822
710d0ad9-6d3b-4f3b-b3b7-8f21001b70c6,03d612d9-ebba-44e5-a29e-7b12b9523418,59e5ec05-bf53-4148-a194-57d49be3373b,COMPLETED,2026-08-15T06:57:34.358Z,2026-08-15T07:11:34.358Z,35.722698,51.513846,35.722698,51.513846,7.45,870,54.4,2,2026-08-15T06:57:04.358Z,2026-08-15T07:11:34.358Z,6918935a-acb0-4676-9504-3c1981c971ae
71fdb0f3-ce27-4d9b-bd5e-ef91f0b17973,03d612d9-ebba-44e5-a29e-7b12b9523418,59e5ec05-bf53-4148-a194-57d49be3373b,COMPLETED,2026-08-15T07:43:04.358Z,2026-08-15T08:19:04.358Z,35.801264,51.117886,35.801264,51.117886,49.11,2190,98.8,0,2026-08-15T07:42:34.358Z,2026-08-15T08:19:04.358Z,dc0b6c8f-58df-4432-b50b-7fa32d74a9ff
482d11b6-0e8d-426e-a01b-25975ca853b7,03d612d9-ebba-44e5-a29e-7b12b9523418,59e5ec05-bf53-4148-a194-57d49be3373b,COMPLETED,2026-08-15T08:39:34.358Z,2026-08-15T09:43:04.358Z,35.750781,51.432000,35.750781,51.432000,38.43,3840,55.9,4,2026-08-15T08:39:04.358Z,2026-08-15T09:43:04.358Z,04762849-8fdf-4c8a-85d5-3171d9fde802
df299210-cdd1-4c21-8289-9c06a8e87e1f,03d612d9-ebba-44e5-a29e-7b12b9523418,59e5ec05-bf53-4148-a194-57d49be3373b,COMPLETED,2026-08-16T03:27:36.059Z,2026-08-16T03:58:06.059Z,35.800761,51.205160,35.800761,51.205160,41.62,1860,98.1,0,2026-08-16T03:27:06.059Z,2026-08-16T03:58:06.059Z,9ad4361c-e351-486a-908f-7aba4b1c98d8
9ce6571e-1a1c-4650-80fb-3033b12f002f,03d612d9-ebba-44e5-a29e-7b12b9523418,59e5ec05-bf53-4148-a194-57d49be3373b,COMPLETED,2026-08-16T04:20:36.059Z,2026-08-16T05:12:06.059Z,35.766486,51.370218,35.766486,51.370218,30.67,3120,55.6,4,2026-08-16T04:20:06.059Z,2026-08-16T05:12:06.059Z,c4758de4-9bca-49b4-a051-42d500abb740
c0447de9-d10c-47c8-92f8-8aed5b23ad0e,03d612d9-ebba-44e5-a29e-7b12b9523418,59e5ec05-bf53-4148-a194-57d49be3373b,COMPLETED,2026-08-16T05:42:36.059Z,2026-08-16T06:14:36.059Z,35.590626,51.257767,35.590626,51.257767,44.02,1950,98.8,0,2026-08-16T05:42:06.059Z,2026-08-16T06:14:36.059Z,154237c5-f475-4c50-b5d2-bb7f5fe326ed
8957ad6c-85d7-4caf-9af7-336017dd32f9,03d612d9-ebba-44e5-a29e-7b12b9523418,59e5ec05-bf53-4148-a194-57d49be3373b,COMPLETED,2026-08-16T06:43:06.059Z,2026-08-16T07:00:06.059Z,35.500749,51.207362,35.500749,51.207362,21.88,1050,97.3,0,2026-08-16T06:42:36.059Z,2026-08-16T07:00:06.059Z,aa41c2a6-2f2b-43ea-8c10-eeb588280975
dd23d470-05f6-45b7-a839-d0661b1da817,03d612d9-ebba-44e5-a29e-7b12b9523418,59e5ec05-bf53-4148-a194-57d49be3373b,COMPLETED,2026-08-16T07:40:36.059Z,2026-08-16T08:42:06.059Z,35.706750,51.337329,35.706750,51.337329,38.67,3720,55.7,5,2026-08-16T07:40:06.059Z,2026-08-16T08:42:06.059Z,23a546c6-4e43-4f99-941d-252618132838
43f1242f-b41b-4398-ad22-27a5d25afa82,03d612d9-ebba-44e5-a29e-7b12b9523418,59e5ec05-bf53-4148-a194-57d49be3373b,COMPLETED,2026-08-16T09:25:36.059Z,2026-08-16T09:57:06.059Z,35.722256,51.487143,35.722256,51.487143,18.29,1920,55.1,2,2026-08-16T09:25:06.059Z,2026-08-16T09:57:06.059Z,720c5f2d-58c3-480f-8719-92b3039899b1
9da9efe8-2b60-4e09-a30e-d917267d0fdb,03d612d9-ebba-44e5-a29e-7b12b9523418,59e5ec05-bf53-4148-a194-57d49be3373b,COMPLETED,2026-08-17T04:44:22.428Z,2026-08-17T05:18:52.428Z,35.490192,51.227937,35.490192,51.227937,46.35,2100,98.5,0,2026-08-17T04:43:52.428Z,2026-08-17T05:18:52.428Z,f95f8f48-0f4d-4f4b-9b1b-19ee685e7e90
b21b51b5-1c75-4514-86f6-f9cf05e4b1c3,03d612d9-ebba-44e5-a29e-7b12b9523418,59e5ec05-bf53-4148-a194-57d49be3373b,COMPLETED,2026-08-17T05:48:22.428Z,2026-08-17T06:53:52.428Z,35.612829,51.380500,35.612829,51.380500,38.36,3960,55.8,7,2026-08-17T05:47:52.428Z,2026-08-17T06:53:52.428Z,d3e12939-3e7c-44b5-9451-d1f2ab3e2aec
ac64346d-60ff-402b-b0db-8a0746084f77,03d612d9-ebba-44e5-a29e-7b12b9523418,59e5ec05-bf53-4148-a194-57d49be3373b,COMPLETED,2026-08-17T07:15:52.428Z,2026-08-17T07:28:22.428Z,35.659403,51.413083,35.659403,51.413083,8.04,780,54.0,0,2026-08-17T07:15:22.428Z,2026-08-17T07:28:22.428Z,4216d550-ebf7-4612-9b81-2c0c9dcabf0f
cf01f9a8-7ecd-4006-882b-faeb847020ba,03d612d9-ebba-44e5-a29e-7b12b9523418,59e5ec05-bf53-4148-a194-57d49be3373b,COMPLETED,2026-08-17T08:10:52.428Z,2026-08-17T08:38:52.428Z,35.469958,51.213606,35.469958,51.213606,37.74,1710,98.7,0,2026-08-17T08:10:22.428Z,2026-08-17T08:38:52.428Z,d67f97c5-f51b-43dc-a18a-44ed0aa4a633
0562afc3-e151-45db-b843-600bb77c9101,03d612d9-ebba-44e5-a29e-7b12b9523418,59e5ec05-bf53-4148-a194-57d49be3373b,COMPLETED,2026-08-19T05:08:00.380Z,2026-08-19T05:15:00.380Z,35.428727,51.169475,35.428727,51.169475,8.84,450,97.2,0,2026-08-19T05:07:30.380Z,2026-08-19T05:15:00.380Z,4bd30b82-543f-40c8-a98b-0c5090b03acc
003eb3da-5b81-4682-9f57-f7eef43c20db,03d612d9-ebba-44e5-a29e-7b12b9523418,59e5ec05-bf53-4148-a194-57d49be3373b,COMPLETED,2026-08-19T05:57:30.380Z,2026-08-19T07:20:30.380Z,35.628253,51.413672,35.628253,51.413672,47.15,5010,55.8,10,2026-08-19T05:57:00.380Z,2026-08-19T07:20:30.380Z,ff0e7819-0671-448f-a4ab-10abe92483d1
204ce469-21a4-495d-8f9c-f377e784ad89,03d612d9-ebba-44e5-a29e-7b12b9523418,59e5ec05-bf53-4148-a194-57d49be3373b,COMPLETED,2026-08-22T02:56:12.480Z,2026-08-22T03:29:12.480Z,35.784379,51.096760,35.784379,51.096760,44.75,2010,98.5,0,2026-08-22T02:55:42.480Z,2026-08-22T03:29:12.480Z,d338c527-afc2-424f-8108-d2e7c472b7fb
beda7396-b9be-4bbe-ac20-6f9e42f2d440,03d612d9-ebba-44e5-a29e-7b12b9523418,59e5ec05-bf53-4148-a194-57d49be3373b,COMPLETED,2026-08-22T04:10:42.480Z,2026-08-22T05:15:12.480Z,35.754208,51.314262,35.754208,51.314262,39.63,3900,56.0,6,2026-08-22T04:10:12.480Z,2026-08-22T05:15:12.480Z,07c54d17-4eba-414b-9bdf-0f182f483e3c
3911113b-e7d5-4200-a5b9-8a3d3cccdd53,03d612d9-ebba-44e5-a29e-7b12b9523418,59e5ec05-bf53-4148-a194-57d49be3373b,COMPLETED,2026-08-23T02:52:38.236Z,2026-08-23T02:57:08.236Z,35.759743,51.331674,35.759743,51.331674,2.61,300,48.9,0,2026-08-23T02:52:08.236Z,2026-08-23T02:57:08.236Z,9524aa81-fbab-4a23-93a6-fe735b1b6147
d480f149-ccca-4ae8-bb58-c48abf35e7d0,03d612d9-ebba-44e5-a29e-7b12b9523418,59e5ec05-bf53-4148-a194-57d49be3373b,COMPLETED,2026-08-23T03:38:08.236Z,2026-08-23T04:02:08.236Z,35.808857,51.077812,35.808857,51.077812,32.21,1470,98.8,0,2026-08-23T03:37:38.236Z,2026-08-23T04:02:08.236Z,508161f3-dd1a-408e-88be-7173d78df1c6
a6ece7a2-03e7-44e5-8d9c-376da711bfeb,03d612d9-ebba-44e5-a29e-7b12b9523418,59e5ec05-bf53-4148-a194-57d49be3373b,COMPLETED,2026-08-23T04:22:08.236Z,2026-08-23T05:15:08.236Z,35.805073,51.298366,35.805073,51.298366,30.01,3210,54.6,5,2026-08-23T04:21:38.236Z,2026-08-23T05:15:08.236Z,ad52c007-7dae-4145-8282-56b773388dd3
faf133d2-4c76-40c2-b9a3-41d933db5640,03d612d9-ebba-44e5-a29e-7b12b9523418,59e5ec05-bf53-4148-a194-57d49be3373b,COMPLETED,2026-08-23T05:52:08.236Z,2026-08-23T06:31:38.236Z,35.744841,51.472172,35.744841,51.472172,22.99,2400,55.9,3,2026-08-23T05:51:38.236Z,2026-08-23T06:31:38.236Z,da75da59-24d1-48d5-9609-af5179c1bd22
ac475d4a-1acb-47b2-a0ce-5d84f6cce3e3,03d612d9-ebba-44e5-a29e-7b12b9523418,59e5ec05-bf53-4148-a194-57d49be3373b,COMPLETED,2026-08-23T06:53:08.236Z,2026-08-23T07:24:38.236Z,35.791114,51.227878,35.791114,51.227878,44.46,1920,98.5,0,2026-08-23T06:52:38.236Z,2026-08-23T07:24:38.236Z,17944101-425b-4a4c-bc49-f2476e8c46fd
c8cf53b8-04b6-4f59-b209-14b90481085c,03d612d9-ebba-44e5-a29e-7b12b9523418,59e5ec05-bf53-4148-a194-57d49be3373b,COMPLETED,2026-08-23T08:05:38.236Z,2026-08-23T08:58:08.236Z,35.756728,51.381798,35.756728,51.381798,28.36,3180,55.7,8,2026-08-23T08:05:08.236Z,2026-08-23T08:58:08.236Z,563f8d93-959e-414c-9e01-418da37d1c2e
43e7dd1f-7f8b-491b-a222-2867f48e7586,03d612d9-ebba-44e5-a29e-7b12b9523418,59e5ec05-bf53-4148-a194-57d49be3373b,COMPLETED,2026-08-24T03:20:21.930Z,2026-08-24T03:47:21.930Z,35.804672,51.118294,35.804672,51.118294,36.51,1650,98.9,0,2026-08-24T03:19:51.930Z,2026-08-24T03:47:21.930Z,5dfc3a05-e297-40d5-9ce0-eda19c522676
2f42caac-5b1a-4542-b9b9-33bf42b6a705,03d612d9-ebba-44e5-a29e-7b12b9523418,59e5ec05-bf53-4148-a194-57d49be3373b,COMPLETED,2026-08-24T04:19:51.930Z,2026-08-24T05:22:51.930Z,35.768163,51.329053,35.768163,51.329053,38.34,3810,55.4,5,2026-08-24T04:19:21.930Z,2026-08-24T05:22:51.930Z,438e0df2-e32c-4e8d-803b-8b99f0ac2521
31109937-9d2f-4de7-823e-be7d4e473f86,03d612d9-ebba-44e5-a29e-7b12b9523418,59e5ec05-bf53-4148-a194-57d49be3373b,COMPLETED,2026-08-24T06:00:21.930Z,2026-08-24T06:24:51.930Z,35.811223,51.072288,35.811223,51.072288,31.84,1500,98.8,0,2026-08-24T05:59:51.930Z,2026-08-24T06:24:51.930Z,025b972b-a6e1-488f-881e-f72e6d7c114a
22d1fdb6-51be-4a3d-89a2-b68d2960444d,03d612d9-ebba-44e5-a29e-7b12b9523418,59e5ec05-bf53-4148-a194-57d49be3373b,COMPLETED,2026-08-24T06:53:51.930Z,2026-08-24T08:02:51.930Z,35.757649,51.382571,35.757649,51.382571,42.87,4170,55.9,6,2026-08-24T06:53:21.930Z,2026-08-24T08:02:51.930Z,38333112-f141-42d6-aadb-e489f61dfb4d
ad8cca93-d6fe-4508-b139-d6916bf9bb4c,03d612d9-ebba-44e5-a29e-7b12b9523418,59e5ec05-bf53-4148-a194-57d49be3373b,COMPLETED,2026-08-25T03:43:07.606Z,2026-08-25T04:15:37.606Z,35.527888,51.229319,35.527888,51.229319,44.17,1980,97.7,0,2026-08-25T03:42:37.606Z,2026-08-25T04:15:37.606Z,2f55ccab-3dc2-43e6-a388-082ad26f0205
2ec9ef8c-a766-4e5e-9cf4-5c3410a242d6,03d612d9-ebba-44e5-a29e-7b12b9523418,59e5ec05-bf53-4148-a194-57d49be3373b,COMPLETED,2026-08-25T04:43:07.606Z,2026-08-25T05:45:37.606Z,35.631962,51.378577,35.631962,51.378577,35.55,3780,55.8,8,2026-08-25T04:42:37.606Z,2026-08-25T05:45:37.606Z,530ede2a-a7fd-4f07-8946-540bcc5f3254
291efb05-9cb3-457f-85a7-fc4c749dd4a2,03d612d9-ebba-44e5-a29e-7b12b9523418,59e5ec05-bf53-4148-a194-57d49be3373b,COMPLETED,2026-08-25T06:03:37.606Z,2026-08-25T06:18:07.606Z,35.620497,51.490737,35.620497,51.490737,19.60,900,98.0,0,2026-08-25T06:03:07.606Z,2026-08-25T06:18:07.606Z,6a9edbe5-a651-4a28-94b8-e63fedf2e62a
24de762c-d86a-4241-9aab-891142d654d7,03d612d9-ebba-44e5-a29e-7b12b9523418,59e5ec05-bf53-4148-a194-57d49be3373b,COMPLETED,2026-08-25T06:47:37.606Z,2026-08-25T07:09:37.606Z,35.707012,51.517662,35.707012,51.517662,13.25,1350,55.3,2,2026-08-25T06:47:07.606Z,2026-08-25T07:09:37.606Z,be52f9d4-1912-4199-892f-c773829c4b13
d242f4aa-5e49-4e7b-846b-e12001a40cee,03d612d9-ebba-44e5-a29e-7b12b9523418,59e5ec05-bf53-4148-a194-57d49be3373b,COMPLETED,2026-08-26T03:36:03.546Z,2026-08-26T04:12:03.546Z,35.791788,51.163290,35.791788,51.163290,49.56,2190,98.7,0,2026-08-26T03:35:33.546Z,2026-08-26T04:12:03.546Z,6d3eb704-c2df-4c1a-aaa7-49db8a89c874
b303f590-76ba-45f8-836a-423969ff33fc,03d612d9-ebba-44e5-a29e-7b12b9523418,59e5ec05-bf53-4148-a194-57d49be3373b,COMPLETED,2026-08-26T04:53:33.546Z,2026-08-26T05:43:33.546Z,35.751842,51.413147,35.751842,51.413147,33.95,3030,55.9,1,2026-08-26T04:53:03.546Z,2026-08-26T05:43:33.546Z,36790d01-bc0c-445b-acf8-d4605f03aaab
7ebbf593-4189-4b76-93e8-acd39a1f38ae,03d612d9-ebba-44e5-a29e-7b12b9523418,59e5ec05-bf53-4148-a194-57d49be3373b,COMPLETED,2026-08-26T06:23:03.546Z,2026-08-26T06:50:33.546Z,35.793946,51.198243,35.793946,51.198243,38.80,1680,98.6,0,2026-08-26T06:22:33.546Z,2026-08-26T06:50:33.546Z,e930d778-0933-44b1-a19a-12d35dcddfa3
2a01cbef-fb6c-448a-930e-97319b6a8b94,03d612d9-ebba-44e5-a29e-7b12b9523418,59e5ec05-bf53-4148-a194-57d49be3373b,COMPLETED,2026-08-26T07:31:33.546Z,2026-08-26T08:28:03.546Z,35.747423,51.422795,35.747423,51.422795,31.22,3420,55.7,7,2026-08-26T07:31:03.546Z,2026-08-26T08:28:03.546Z,18377771-fade-4256-950f-1e69f9c39d73
aa3a404c-1ab2-42e5-a69f-18390449a74c,03d612d9-ebba-44e5-a29e-7b12b9523418,4508a6d6-8ce7-4d4e-a2df-ae3edcfa210c,COMPLETED,2026-08-15T03:03:36.036Z,2026-08-15T03:08:36.036Z,35.734961,51.509576,35.734961,51.509576,3.43,330,51.7,0,2026-08-15T03:03:06.036Z,2026-08-15T03:08:36.036Z,f45f0bf5-070e-4406-8770-adf2e9470bd9
e434e218-919a-4f99-978e-8f3e0218f00f,03d612d9-ebba-44e5-a29e-7b12b9523418,4508a6d6-8ce7-4d4e-a2df-ae3edcfa210c,COMPLETED,2026-08-15T03:46:36.036Z,2026-08-15T03:50:36.036Z,35.734062,51.525404,35.734062,51.525404,2.58,270,54.5,0,2026-08-15T03:46:06.036Z,2026-08-15T03:50:36.036Z,b864fb0b-9e7a-4213-bf9c-2f33b3acc35a
0318a380-2487-479e-865d-ecddf63591a8,03d612d9-ebba-44e5-a29e-7b12b9523418,4508a6d6-8ce7-4d4e-a2df-ae3edcfa210c,COMPLETED,2026-08-16T03:09:32.646Z,2026-08-16T03:16:02.646Z,35.736334,51.508214,35.736334,51.508214,3.09,420,55.6,1,2026-08-16T03:09:02.646Z,2026-08-16T03:16:02.646Z,6f0c9e54-0e1a-4a8a-a23c-45025e40dc6d
d832ebec-7c4b-4cc1-990e-0909523d66aa,03d612d9-ebba-44e5-a29e-7b12b9523418,4508a6d6-8ce7-4d4e-a2df-ae3edcfa210c,COMPLETED,2026-08-16T03:39:32.646Z,2026-08-16T03:45:02.646Z,35.734741,51.522530,35.734741,51.522530,2.66,360,47.7,1,2026-08-16T03:39:02.646Z,2026-08-16T03:45:02.646Z,f18b9147-0478-4a27-b782-5fdfabbc6d9e
37369fe7-5293-4ec6-b964-e4a3ef29e3fa,03d612d9-ebba-44e5-a29e-7b12b9523418,4508a6d6-8ce7-4d4e-a2df-ae3edcfa210c,COMPLETED,2026-08-17T04:27:04.267Z,2026-08-17T04:53:04.267Z,35.664175,51.419957,35.664175,51.419957,16.24,1590,56.0,1,2026-08-17T04:26:34.267Z,2026-08-17T04:53:04.267Z,9b825a38-6f48-4bba-bef8-6768f3dd641c
7515d732-815a-4a97-930b-50806ec24c7b,03d612d9-ebba-44e5-a29e-7b12b9523418,4508a6d6-8ce7-4d4e-a2df-ae3edcfa210c,COMPLETED,2026-08-17T05:11:34.267Z,2026-08-17T05:32:04.267Z,35.697261,51.479476,35.697261,51.479476,12.41,1260,55.1,2,2026-08-17T05:11:04.267Z,2026-08-17T05:32:04.267Z,4c6790d2-8147-4484-b793-9e0bfe891e09
76144e84-10b7-473b-a7e6-1b25a5082c29,03d612d9-ebba-44e5-a29e-7b12b9523418,4508a6d6-8ce7-4d4e-a2df-ae3edcfa210c,COMPLETED,2026-08-17T05:50:04.267Z,2026-08-17T06:08:34.267Z,35.651819,51.461430,35.651819,51.461430,10.58,1140,55.2,2,2026-08-17T05:49:34.267Z,2026-08-17T06:08:34.267Z,84500397-a02d-402d-b85f-c032382f3662
52e0e6cd-f3f3-42f2-872d-891545493e5e,03d612d9-ebba-44e5-a29e-7b12b9523418,4508a6d6-8ce7-4d4e-a2df-ae3edcfa210c,COMPLETED,2026-08-17T06:51:04.267Z,2026-08-17T07:08:34.267Z,35.699427,51.478143,35.699427,51.478143,10.75,1080,55.9,1,2026-08-17T06:50:34.267Z,2026-08-17T07:08:34.267Z,bb8e2048-b5de-4b45-b0b9-894f7f83efdd